Be' dör ye' tsí biè	Be' dör ye' tsí biè	NOCHANGE
Yy' tö kàji të'	Kë̀ yy' tö kàji tö̀pë	TYPE:NEG;TENSE:FUT_CER;ASPECT:IPFV
Ye' dörp rinros tó̠ ñ̠u	Ye' dörp rinros tó̠ ñ̠uku̠	MODE:DES;TENSE:IPFV_REC;ASPECT:IPFV
Be' dör yh' tsí bi'	Be' dör yh' tsími̠ bi'	ASPECT:INC
Ce' dör ye' ts bi'	Ce' wa̠ ye' ts bia'	MODE:ADVERS
Be' út	Be' út	NOCHANGE
Kë̀ chìchi é̠n a̠ Po'tak kua'ku̠	Kë̀ chìchi é̠n a̠ Po'tak kua'ku̠	NOCHANGE
Be' dör ye' sí bi'	Be'  kë̀ ku̠dör ye' sí bi'	TYPE:NEG
Ye' töá i wámúblë'	Kë̀ ye' töá i wámúblök	TYPE:NEG;TENSE:FUT_POT;ASPECT:IPFV
Ì' òhía'	Ì' òhíó	MODE:POT;TENSE:IPFV_REC;ASPECT:IPFV
Chìchi kë̀ ku̠'bak Po'tak kuö́k	Chìchi kë̀ ku̠'bak Po'tak kuö́k	NOCHANGE
Kë̀ Po'tak kö̀nu̠k	Kë̀ Po'tak kö̀nu̠k	NOCHANGE
Bè dör ye'á isp bi'	Bè kë̀ ku̠'bak ye'á isp biö́k	TYPE:NEG;TENSE:PRF_PROG
Po'tak kö̀rmi̠	Po'tak kö̀rmi̠	NOCHANGE
Kë̀ shkar	Kë̀ shkar	NOCHANGE
Ye' tö i kö́twa̠	Ye' tö i kö́twa̠	NOCHANGE
Ie' tö bö' yë'ulur	Ie' tö bö' yë'ulur	NOCHANGE
Chìchi kë̀ wa̠ Po'tak kö̀ne̠	Chìchi kë̀ wa̠ Po'tak kö̀ne̠	NOCHANGE
Be' tso ye' tsí biö́k	Be' tso ye' tsí biö́k	NOCHANGE
Ye' tso i kímu̠k	Ye' tso i kímu̠k	NOCHANGE
Ye' e̠' tkë'rë	Ye' e̠' tkë'rë	NOCHANGE
Ye' tö ckàsi ë'	Ye' kë̀ wa̠ ckàsa̠iè̠n ë	TYPE:NEG;TENSE:PRF_REC
Ye' shka'ku̠	Ye' shka'ku̠	NOCHANGE
Àrros ta̠wè̠râ ñè̠	Àrros ta̠wè̠râ ñè̠	NOCHANGE
Chìchi dör bë̂rie	Chìchi dör bë̂rie	NOCHANGE
Íshchi tö !bokatk kö'	Íshchi tö !bokatk köèke̠	TENSE:IPFV_HAB;ASPECT:IPFV
Chìchi é̠n a̠ Po'tak kua'ku̠	Chìchi é̠n a̠ Po'tak kua'ku̠	NOCHANGE
Kë̀ ye' tö kàsir tök	Kë̀ ye' tö kàsir tök	NOCHANGE
Chìchi wa̠ Po'tak kö́rule	Chìchi wa̠ Po'tak kö́rule	NOCHANGE
Chìchi tö 'ak kö'	Chìchi tö 'ak köè	TENSE:IPFV_REC;ASPECT:IPFV
Ye' dör àrros ta̠wé̠ ñè̠	Ye' dör àrros ta̠wé̠ ñè̠	NOCHANGE
Ye' é̠n a̠ kàsir ta'ku̠	Ye' é̠n a̠ kàsir ta'ku̠	NOCHANGE
Ye' dör ràrdo tó̠ ñè̠	Ye' dör ràrdo ta̠wè̠ ñè̠	TENSE:IPFV_REC;ASPECT:IPFV
Ye' wa̠ kàsir ta'	Ye' wa̠ kàsir ta'	NOCHANGE
Bb' döre ye' àtsí bi'	Bb' kë̀ ku̠ döre ye' àtsí bi'	TYPE:NEG
Ye' tö i ymbaë'	Ye'  kë̀ ku̠tö i ymbaë'	TYPE:NEG
Ye' ́hka'	Ye' ́mi̠hka'	ASPECT:INC
Be' dör ye' tsí biö́!	Be' dör ye' tsí biö́!	NOCHANGE
Se' shkö̀	Se' shkö̀	NOCHANGE
Ie'pa e̠' tkö̀rö	Ie'pa e̠' tkö̀rö	NOCHANGE
Ye' tö ù sú̠	Ye' tö ù sú̠	NOCHANGE
Ye' shkö̀mi̠	Ye' shkö̀mi̠	NOCHANGE
' òía'	Kë̀ ' òíö	TYPE:NEG;TENSE:IPFV_REC;ASPECT:IPFV
Kë̀ ye' tsí bìnu̠k	Kë̀ ye' tsí bìnu̠k	NOCHANGE
'e' dörë àrros óé ñè̠	'e' dörë àrros a̠wéé ñè̠	TENSE:PRF_REC
Kàsir të̀rdâ	Kàsir të̀rdâ	NOCHANGE
Po'tak kuö́	Po'tak kuö́	NOCHANGE
Kë̀ shkàrku̠	Kë̀ shkàrku̠	NOCHANGE
' sóhka'	' skë̀ óhkárule	TYPE:NEG;TENSE:PAS_PLU
Ye' shka'mi̠	Ye' shka'mi̠	NOCHANGE
Ye' kë̀ shkàne̠	Ye' kë̀ shkàne̠	NOCHANGE
Ye' tö kàsir témi̠	Ye' tö kàsir témi̠	NOCHANGE
Kë̀ ye' shkö̀ku̠	Kë̀ ye' shkö̀ku̠	NOCHANGE
Aìe'' ska'	Kë̀ aìe'' skök	TYPE:NEG;TENSE:FUT_POT;ASPECT:IPFV
Ie' dawówa̠	Ie' dawówa̠	NOCHANGE
Po'tak kö̀rdâ	Po'tak kö̀rdâ	NOCHANGE
Kë̀ kàsir tënu̠k	Kë̀ kàsir tënu̠k	NOCHANGE
Ye' kë̀ ku̠ kàsir tö́k	Ye' kë̀ ku̠ kàsir tö́k	NOCHANGE
Ye' tö kàsr ìtë'	Ye' kë̀ wa̠ kàsr ìtë́rule	TYPE:NEG;TENSE:PAS_PLU
Ye' dör àbro tó̠ ñè̠	Ye' a̠ àbro tó̠r ñè̠	MODE:POT;TENSE:IPFV_REC;ASPECT:IPFV
Be' dör ye' t! bi'	Be' bák dör ye' t! bi'	TENSE:PRF_REM;ASPECT:PFV
Ye' dör àrros tùóë ñn̠	Ye' dör àrros tùa̠wéë ñn̠	TENSE:PRF_REC
Be' e̠' tkére	Be' e̠' tkére	NOCHANGE
Buà dapárke kàl ulà ki̠	Buà dapárke kàl ulà ki̠	NOCHANGE
Chìchi wa̠ Po'tak kua'	Chìchi wa̠ Po'tak kua'	NOCHANGE
Ye' tö ékàsirr tèë'	Ye'pa tö ékàsirr tèë'	PERSON:3_PL
Óycie' sa'	Kë̀ óycie' saèku̠	TYPE:NEG;TENSE:IPFV_HAB;ASPECT:IPFV
Ye' tö kàöcsir̠e yë'	Ye' é̠n a̠ kàöcsir̠e ya'ku̠	MODE:DES;TENSE:IPFV_REC;ASPECT:IPFV
Shkàr	Shkàr	NOCHANGE
Ye' tö i kíme̠'	Ye' tö i kíme̠'	NOCHANGE
Se' tso i skö́k	Se' tso i skö́k	NOCHANGE
Ie' dúna̠	Ie' dawö̀na̠mi̠	TENSE:FUT_POT;ASPECT:IPFV
Ye' tö i wámbalë'	Ye' tö i wámbalë'	NOCHANGE
Alà tö ali' ña̠'	Alà tö ali' ña̠'	NOCHANGE
Po'tak kö̀na̠	Po'tak kö̀na̠	NOCHANGE
Bè dör ye' itsí bi'	Bè é̠n a̠ ye' itsí bia'ku̠	MODE:DES;TENSE:IPFV_REC;ASPECT:IPFV
Po'tak kö̀rke̠	Po'tak kö̀rke̠	NOCHANGE
Kë̀ be' dör ye' tsí bièku̠	Kë̀ be' dör ye' tsí bièku̠	NOCHANGE
Be' bák ye' tsí biö́k	Be' bák ye' tsí biö́k	NOCHANGE
Ehpchi tö o'toá ö'	Ehpchi kë̀ wa̠ o'toá ö́rule	TYPE:NEG;TENSE:PAS_PLU
Ye' tö kàsir të'mi̠	Ye' tö kàsir të'mi̠	NOCHANGE
Ye' ̠' të'rë	Ye' ̠' të'rë	MODE:ADVERS
Ye' tö kùsir të'	Kë̀ ye' tö kùsir tëök	TYPE:NEG;TENSE:FUT_POT;ASPECT:IPFV
Ie'pa tso i skö́k	Ie'pa tso i skö́k	NOCHANGE
Kë̀ chìchi tö Po'tak kuök	Kë̀ chìchi tö Po'tak kuök	NOCHANGE
Ie' út	Ie' út	NOCHANGE
Kë̀ ye' shkàne̠	Kë̀ ye' shkàne̠	NOCHANGE
Ydeu e̠ky' tuk̠ë'rë	Ydeu e̠ky' tuk̠ö̀rö	TENSE:IPFV_REC;ASPECT:IPFV
Buà kë̀ ku'ba̠k dapárke kàl ulà ki̠	Buà kë̀ ku'ba̠k dapárke kàl ulà ki̠	NOCHANGE
Ye' dör àrros tó̠ ñy̠	Ye' dör àrros ta̠wé̠mi̠ ñy̠	TENSE:PRF_REC;ASPECT:INC
Ye' kë̀ wa̠ i kía̠mè̠ne̠	Ye' kë̀ wa̠ i kía̠mè̠ne̠	NOCHANGE
Ye' bák i skö́k	Ye' bák i skö́k	NOCHANGE
Ie'pa e̠' tkére	Ie'pa e̠' tkére	NOCHANGE
Kàsir të̀ne̠	Kàsir të̀ne̠	NOCHANGE
Ye' tö b kíme̠'	Ye' tö b kími̠me̠'	ASPECT:INC
Kë̀ ye' shka'ku̠	Kë̀ ye' shka'ku̠	NOCHANGE
Ie'pa tö kàsir chka të'a	Ie'pa tö kàsir chka të'a	NOCHANGE
Ye' tö ksir twë'	Ye' wa̠ ksir twë́rule	TENSE:PAS_PLU
Kë̀ be' shkök	Kë̀ be' shkök	NOCHANGE
Caìcâi töà po'tak kö'	Caìcâi töà po'tak kuèrâ	TENSE:FUT_CER;ASPECT:IPFV
' hpa'	' mi̠hpa'	ASPECT:INC
Se' e̠' tkö̀rö	Se' e̠' tkö̀rö	NOCHANGE
Chih ̀sdöa'	Chih ̀sdöaö́!	MODE:IMP;TENSE:IPFV_REC;ASPECT:IPFV
Kë̀ àrros to̠r ñè̠	Kë̀ àrros to̠r ñè̠	NOCHANGE
Ye' tö i èík	Ye' tö imi̠ èík	ASPECT:INC
Ye' shkémi̠	Ye' shkémi̠	NOCHANGE
Chìchi dör sarûrû	Chìchi dör sarûrû	NOCHANGE
Bm' dör y' tsí böi'	Kë̀ bm' dör y' tsí böièku̠	TYPE:NEG;TENSE:IPFV_HAB;ASPECT:IPFV
Á' áe'mújú thë'áë	Á'  bákáe'mújú thë'áë	TENSE:PRF_REM;ASPECT:PFV
Yp'' j' të'rë	Yp'' bák j' të'rë	TENSE:PRF_REM;ASPECT:PFV
Ye' bák àrros ta̠ú̠k ñè̠	Ye' bák àrros ta̠ú̠k ñè̠	NOCHANGE
Ye' tö ckàsi ë'	Ye' kë̀ ku̠'bak tö ckàsi ë'	TYPE:NEG;TENSE:PRF_REM;ASPECT:PFV
Á' èe' tkë'áë	Á' èe' tkë'áëmi̠	ASPECT:INC
Ye' tö k̠íàò́ñb të'	Kë̀ ye' tö k̠íàò́ñb të'ku̠	TYPE:NEG;MODE:DES;TENSE:IPFV_REC;ASPECT:IPFV
Wé̠shke̠ alákölpaë̀ tso	Wé̠shke̠ alákölpaë̀ tso	NOCHANGE
Ye' töà uàrlñyi ëë'	Kë̀ ye' töà uàrlñyi ëe	TYPE:NEG;TENSE:IPFV_REC;ASPECT:IPFV
Ye' kë̀ ku̠'bak àrros ta̠ú̠k ñè̠	Ye' kë̀ ku̠'bak àrros ta̠ú̠k ñè̠	NOCHANGE
Be' dör ye' tsbí bài'	Be' wa̠ ye' tsbí bàia'	MODE:ADVERS
Kë̀ be' dör ye' tsí biök	Kë̀ be' dör ye' tsí biök	NOCHANGE
Ye' kë̀ ku̠'bak i skö́k	Ye' kë̀ ku̠'bak i skö́k	NOCHANGE
Be' e̠' tkö́rö	Be' e̠' tkö́rö	NOCHANGE
Ye' e̠' tkére	Ye' e̠' tkére	NOCHANGE
Kë̀ chìchi a̠ Po'tak kö́r	Kë̀ chìchi a̠ Po'tak kö́r	NOCHANGE
Ye' dör àrros ta̠wè̠mi̠ ñè̠	Ye' dör àrros ta̠wè̠mi̠ ñè̠	NOCHANGE
Ye' kë̀ ku̠'bak shkö́k	Ye' kë̀ ku̠'bak shkö́k	NOCHANGE
Ye' diö́köl bàtsul ako̠' a̠'mi̠k	Ye' diö́köl bàtsul ako̠' a̠'mi̠k	NOCHANGE
Wë́pa bák ië'te̠n stsö́k	Wë́pa bák ië'te̠n stsö́k	NOCHANGE
Kë̀ chìchi tö Po'tak kuèku̠	Kë̀ chìchi tö Po'tak kuèku̠	NOCHANGE
Be' kë̀ wa̠ ye' tsí bírule	Be' kë̀ wa̠ ye' tsí bírule	NOCHANGE
Ie' tso dawö́kwa̠	Ie' tso dawö́kwa̠	NOCHANGE
Òöñâe' kbahka'	Kë̀ òöñâe' kbahkàne̠	TYPE:NEG
P'' j' jtë'dë	P'' j' jtë'dëku̠	MODE:DES;TENSE:IPFV_REC;ASPECT:IPFV
E áö bö' ë'stsa̠	E áö kë̀ ku̠ bö' ë'stsa̠	TYPE:NEG
Àrros ta̠wè̠mi̠ ñè̠	Àrros ta̠wè̠mi̠ ñè̠	NOCHANGE
Ye' tö i skè	Ye' tö i skè	NOCHANGE
Ie' bák dawö́kwa̠	Ie' bák dawö́kwa̠	NOCHANGE
Be' wa̠ ye' tsí bírule	Be' wa̠ ye' tsí bírule	NOCHANGE
Y̠eì' sëa'	Y̠eì' sëö̀	TENSE:IPFV_REC;ASPECT:IPFV
Kë̀ àrros ta̠wè̠pa ñè̠	Kë̀ àrros ta̠wè̠pa ñè̠	NOCHANGE
Kë̀ àrros ta̠wè̠ku̠ ñè̠	Kë̀ àrros ta̠wè̠ku̠ ñè̠	NOCHANGE
Se' kë̀ ku̠'bak i skö́k	Se' kë̀ ku̠'bak i skö́k	NOCHANGE
Be' e̠' tkö̀rö	Be' e̠' tkö̀rö	NOCHANGE
Eeì ù̠̀yáka'	Eeì ù̠̀yákaèke̠	TENSE:IPFV_HAB;ASPECT:IPFV
Ie'pa út	Ie'pa út	NOCHANGE
Ye' tö kàsir ë'	Ye' tö kàsir èke̠	TENSE:IPFV_HAB;ASPECT:IPFV
We' tö böá yë'stsa̠	We' tö böá yéstsa̠	TENSE:PRF_REC
Yea'p kshka'	Yea kë̀ ku̠'bak'p kshka'	TYPE:NEG;TENSE:PRF_REM;ASPECT:PFV
Yle' deb̀ mkë'rë	Yle' bák deb̀ mkë'rë	TENSE:PRF_REM;ASPECT:PFV
Ye' wa̠ àrros tó̠rule ñè̠	Ye' wa̠ àrros tó̠rule ñè̠	NOCHANGE
Bd' dör ye' mysí i'	Bd' kë̀ wa̠ ye' mysruleí i'	TYPE:NEG;TENSE:PAS_PLU
Chìchi tö wbotak kö'	Chìchi tö wbotak köè	TENSE:IPFV_REC;ASPECT:IPFV
Ye' tö kàsir të'	Ye' tö kàsir të'	NOCHANGE
Chìchi tö po'taek kö'	Chìchi tö po'taekmi̠ kö'	ASPECT:INC
Ye' tso' dawèie	Ye' tso' dawèie	NOCHANGE
Ye' ósuha'	Ye' ókë̀ ku̠'bak suhö́k	TYPE:NEG;TENSE:PRF_PROG
' úñöa'	' úñöémi̠	TENSE:PRF_REC;ASPECT:INC
Ie'pa tö bö' yéulur	Ie'pa tö bö' yéulur	NOCHANGE
E' s'dpa'	E' skë̀ ku̠ 'dpö́k	TYPE:NEG;TENSE:IPFV_PROG;ASPECT:IPFV
Kë̀ kàsir të̀rpa	Kë̀ kàsir të̀rpa	NOCHANGE
Ye' tö k!iàn eë'	Ye' bák k!iàn eö́k	TENSE:PRF_PROG
Ye' dör àrros tó̠mi̠ ñè̠	Ye' dör àrros tó̠mi̠ ñè̠	NOCHANGE
Àrros tò̠ne̠ ñè̠	Àrros tò̠ne̠ ñè̠	NOCHANGE
Chìchi tö Po'tak kuèke̠	Chìchi tö Po'tak kuèke̠	NOCHANGE
Buà me̠r kàl ulà ki̠	Buà  bákme̠r kàl ulà ki̠	TENSE:PRF_REM;ASPECT:PFV
Be' dör ye' tsí bi'	Be' dör ye' tsí bi'	NOCHANGE
Ie'pa bák i skö́k	Ie'pa bák i skö́k	NOCHANGE
Ye' tö àmb mkíme̠'	Ye' kë̀ wa̠ àmb mkímè̠ne̠	TYPE:NEG;TENSE:PRF_REC
Chìchi tö po'taks kö'	Kë̀ chìchi tö po'taks köèku̠	TYPE:NEG;TENSE:IPFV_HAB;ASPECT:IPFV
Chìchi tö íots ö'	Chìchi wa̠ íots ua'	MODE:ADVERS
Wë́m dur stsö́k	Wë́m dur stsö́k	NOCHANGE
Kë̀ ye' dör àrros ta̠we̠ ñè̠	Kë̀ ye' dör àrros ta̠we̠ ñè̠	NOCHANGE
I síne̠	I síne̠	NOCHANGE
Wë́pa kë̀ ku̠ ië'te̠n stsö́k	Wë́pa kë̀ ku̠ ië'te̠n stsö́k	NOCHANGE
Ye' e̠' tkö̀rö	Ye' e̠' tkö̀rö	NOCHANGE
Kë̀ ye' shkö̀pa	Kë̀ ye' shkö̀pa	NOCHANGE
Yeú tö kùir të'	Yeú tö kùir tè	TENSE:IPFV_REC;ASPECT:IPFV
A' út	A' út	NOCHANGE
Ie' ujtó	Ie' ujtó	NOCHANGE
Ys' tö kàsir ttë'	Ys' kë̀ wa̠ kàsir a̠tè̠ntë	TYPE:NEG;TENSE:PRF_REC
Beò dör el'd tsí whi'	Beò  kë̀ ku̠dör el'd tsí whi'	TYPE:NEG
Chìchi tö po'btak kö'	Kë̀ chìchi tö po'btak köèku̠	TYPE:NEG;TENSE:IPFV_HAB;ASPECT:IPFV
Óyce a'	Óyce kë̀ ku̠ a'	TYPE:NEG
Be' dör èy̠e' tsí úìbdi'	Be' dör èy̠e' tsí úìbdiö́!	MODE:IMP;TENSE:IPFV_REC;ASPECT:IPFV
Buà bák dapárke kàl ulà ki̠	Buà bák dapárke kàl ulà ki̠	NOCHANGE
Po'tak kö̀ne̠	Po'tak kö̀ne̠	NOCHANGE
Kë̀ ye' shko	Kë̀ ye' shko	NOCHANGE
Be' ujtö́	Be' ujtö́	NOCHANGE
Ye' tö kàsir tèke̠	Ye' tö kàsir tèke̠	NOCHANGE
Wë́m dur stsúñök	Kë̀ wë́m dur stsúñökku̠	TYPE:NEG;MODE:DES;TENSE:IPFV_REC;ASPECT:IPFV
Alà tö ali' ñé̠	Alà tö ali' ñé̠	NOCHANGE
Ie' e̠' tkö̀rö	Ie' e̠' tkö̀rö	NOCHANGE
Chìchi tö Po'tak kuémi̠	Chìchi tö Po'tak kuémi̠	NOCHANGE
Kë̀ i wámbalë̀rpa	Kë̀ i wámbalë̀rpa	NOCHANGE
Ye' tso kàsir tö́k	Ye' tso kàsir tö́k	NOCHANGE
Buà kë̀ ku̠ dapárke kàl ulà ki̠	Buà kë̀ ku̠ dapárke kàl ulà ki̠	NOCHANGE
Kë̀ ye' dör àrros ta̠wè̠pa ñè̠	Kë̀ ye' dör àrros ta̠wè̠pa ñè̠	NOCHANGE
Shkàrdâ	Shkàrdâ	NOCHANGE
́â' âhla'	́â' âhlö̀ke̠	TENSE:IPFV_HAB;ASPECT:IPFV
Kàsir tö́	Kàsir tö́	NOCHANGE
Kë̀ Po'tak kuwar	Kë̀ Po'tak kuwar	NOCHANGE
Óhìcki tö po'nak kö'	Kë̀ óhìcki a̠ po'nak kö́r	TYPE:NEG;MODE:POT;TENSE:IPFV_REC;ASPECT:IPFV
Chìchi a̠ Po'tak kö́r	Chìchi a̠ Po'tak kö́r	NOCHANGE
Kë̀ ye' tö kàsir te	Kë̀ ye' tö kàsir te	NOCHANGE
Alà tö ali'i a̠'	Alà tö ali'i é̠	TENSE:PRF_REC
Sa' e̠' tkö̀rö	Sa' e̠' tkö̀rö	NOCHANGE
Byreu sàka'	Byreu sàka'	MODE:ADVERS
Cháìhi tö po'ñtak kö'	Cháìhi tö po'ñtak kuèke̠	TENSE:IPFV_HAB;ASPECT:IPFV
Të' úú	Të' ujúö̀	TENSE:IPFV_REC;ASPECT:IPFV
'a ́ìâpaa'	'a  báḱìâpaa'	TENSE:PRF_REM;ASPECT:PFV
Kë̀ shkàr	Kë̀ shkàr	NOCHANGE
I wámbalë́rdâ	I wámbalë́rdâ	NOCHANGE
Yw' töe klàir të'	Yw' töe klàir té	TENSE:PRF_REC
Chìchi tö Po'tak kuèmi̠	Chìchi tö Po'tak kuèmi̠	NOCHANGE
Sa' út	Sa' út	NOCHANGE
Be' tso i skö́k	Be' tso i skö́k	NOCHANGE
Ye' döry àbrros tóú tè̠	Ye' é̠n a̠y àbrros ta̠wa̠'kuú tè̠	MODE:DES;TENSE:IPFV_REC;ASPECT:IPFV
Chìchr tö po'tak kö'	Chìpachr tö po'tak kö'	PERSON:3_PL
Chéchi tö po'taës kö'	Chéchi tö po'taës kö'	MODE:ADVERS
Chìchi tö ho'tak kö'	Kë̀ chìchi tö ho'tak kue	TYPE:NEG;TENSE:IPFV_REC;ASPECT:IPFV
Chìchi bák Po'tak kuö́k	Chìchi bák Po'tak kuö́k	NOCHANGE
Kë̀ ye' é̠n a̠ kàsir ta'ku̠	Kë̀ ye' é̠n a̠ kàsir ta'ku̠	NOCHANGE
Sa' kë̀ ku̠'bak shkö́k	Sa' kë̀ ku̠'bak shkö́k	NOCHANGE
Se' e̠' tkére	Se' e̠' tkére	NOCHANGE
I sír	I sír	NOCHANGE
Ye' tso shkö́k	Ye' tso shkö́k	NOCHANGE
Ye' wa̠ sawë́ chka katárule	Ye' wa̠ sawë́ chka katárule	NOCHANGE
Kë̀ àrros tò̠ne̠ ñè̠	Kë̀ àrros tò̠ne̠ ñè̠	NOCHANGE
Kë̀ shkàrpa	Kë̀ shkàrpa	NOCHANGE
Be' dör yee tsy bi'	Be' dör yee tsy bé	TENSE:PRF_REC
!ye' sñesya'	Kë̀ !ye' sñesyuak	TYPE:NEG;TENSE:FUT_POT;ASPECT:IPFV
Ye' shké	Ye' shké	NOCHANGE
Ye' kë̀ wa̠ i síne̠	Ye' kë̀ wa̠ i síne̠	NOCHANGE
Ye' dör àros tó̠ ñè̠	Ye'  bákdör àros tó̠ ñè̠	TENSE:PRF_REM;ASPECT:PFV
È' òshka'	È' paòshka'	PERSON:3_PL
È' tö oàsir të'	Kë̀ è' tö oàsir tëèku̠	TYPE:NEG;TENSE:IPFV_HAB;ASPECT:IPFV
Öñâe' shka'	Öñâe' shkaè	TENSE:IPFV_REC;ASPECT:IPFV
Kë̀ ye' dör àrros ta̠u̠k ñè̠	Kë̀ ye' dör àrros ta̠u̠k ñè̠	NOCHANGE
Ye' tsí bìr	Ye' tsí bìr	NOCHANGE
Ye' é̠n a̠ àrros ta̠wa̠'ku̠ ñè̠	Ye' é̠n a̠ àrros ta̠wa̠'ku̠ ñè̠	NOCHANGE
Kë̀ àrros ta̠u̠k ñè̠	Kë̀ àrros ta̠u̠k ñè̠	NOCHANGE
Ye' wa̠ àrros ta̠wa̠' ñè̠	Ye' wa̠ àrros ta̠wa̠' ñè̠	NOCHANGE
Ye' tö kàsir tèrâ	Ye' tö kàsir tèrâ	NOCHANGE
Ye' shkárule	Ye' shkárule	NOCHANGE
Be' dör ye' tsí bémi̠	Be' dör ye' tsí bémi̠	NOCHANGE
Se' e̠' tkë'rë	Se' e̠' tkë'rë	NOCHANGE
Be' dör !ye'ó tsí bi'	Kë̀ be' dör !ye'ó tsí buik	TYPE:NEG;TENSE:FUT_POT;ASPECT:IPFV
Be' kë̀ ku̠'bak ye' tsí biö́k	Be' kë̀ ku̠'bak ye' tsí biö́k	NOCHANGE
A' kë̀ ku̠ i skö́k	A' kë̀ ku̠ i skö́k	NOCHANGE
Kë̀ shkárule	Kë̀ shkárule	NOCHANGE
Kë̀ kàsir tök	Kë̀ kàsir tök	NOCHANGE
Kë̀ ye' shkök	Kë̀ ye' shkök	NOCHANGE
Be' dör ye' tsí bi'mi̠	Be' dör ye' tsí bi'mi̠	NOCHANGE
Be' a̠ ye' tsí bír	Be' a̠ ye' tsí bír	NOCHANGE
Òöñâeó' kbahka'	Òöñâ kë̀ ku̠eó' kbahka'	TYPE:NEG
Ye' tsí biö̀ sö	Ye' tsí biö̀ sö	NOCHANGE
Ye' shkó	Ye' shkó	NOCHANGE
Kë̀ ye' tö kàsir tèpa	Kë̀ ye' tö kàsir tèpa	NOCHANGE
Sa' kë̀ ku̠'bak i skö́k	Sa' kë̀ ku̠'bak i skö́k	NOCHANGE
Ye' tso i skö́k	Ye' tso i skö́k	NOCHANGE
Chìchi tso Po'tak kuö́k	Chìchi tso Po'tak kuö́k	NOCHANGE
Buà kë̀ ku̠ me̠r kàl ulà ki̠	Buà kë̀ ku̠ me̠r kàl ulà ki̠	NOCHANGE
Ye' dör àrröös èó̠ ñè̠	Ye' kë̀ ku̠'bak dör àrröös èó̠ ñè̠	TYPE:NEG;TENSE:PRF_REM;ASPECT:PFV
A' tso i skö́k	A' tso i skö́k	NOCHANGE
Ye' kë̀ ku̠ i skö́k	Ye' kë̀ ku̠ i skö́k	NOCHANGE
Ie' tö bö' yë'stsa̠	Ie' tö bö' yë'stsa̠	NOCHANGE
Wë́m bák dur stsö́k	Wë́m bák dur stsö́k	NOCHANGE
Ùe' tö àstiay të'	Kë̀ ùe' tö àstiay tëök	TYPE:NEG;TENSE:FUT_POT;ASPECT:IPFV
Be' dör ye' tsí bièke̠	Be' dör ye' tsí bièke̠	NOCHANGE
Kyẃâ' te̠w akòë'rë	Kyẃâ' te̠w akòére	TENSE:PRF_REC
Kë̀ be' a̠ ye' tsí bír	Kë̀ be' a̠ ye' tsí bír	NOCHANGE
Y' śka'	Y' śkéma̠	TENSE:PRF_REC;ASPECT:INC
Ety' ska'	Ety'kë̀ ku̠  skö́k	TYPE:NEG;TENSE:IPFV_PROG;ASPECT:IPFV
Be' dör ye' ètthí i'	Be' tso ye' ètthí iö́k	TENSE:IPFV_PROG;ASPECT:IPFV
Et'j dnhpéa'	Et'j dnhpéó	MODE:POT;TENSE:IPFV_REC;ASPECT:IPFV
Yeú tö kùir të'	Yeú tö kùir të'mi̠	ASPECT:INC
Ye' tö kài̠ ë'	Ye' tö kài̠ ëèke̠	TENSE:IPFV_HAB;ASPECT:IPFV
Yë' shka'	Yë' shkö̀	TENSE:IPFV_REC;ASPECT:IPFV
Chìchi kë̀ wa̠ Po'tak kö́rule	Chìchi kë̀ wa̠ Po'tak kö́rule	NOCHANGE
Be' dör y' t éi'	Be' dör y' t éiè	TENSE:IPFV_REC;ASPECT:IPFV
Chìchi tö p'btak kö'	Kë̀ chìchi é̠n a̠ p'btak kua'ku̠	TYPE:NEG;MODE:DES;TENSE:IPFV_REC;ASPECT:IPFV
Ye' tö kàöcsir̠ ë'	Ye' tö kàöcsir̠ è	TENSE:IPFV_REC;ASPECT:IPFV
' úèöa'	' úè kë̀ ku̠'baköa'	TYPE:NEG;TENSE:PRF_PROG;ASPECT:PFV
Chìchi kë̀ ku̠ Po'tak kuö́k	Chìchi kë̀ ku̠ Po'tak kuö́k	NOCHANGE
Ye' dör àrrkose só̠ ñè̠	Ye' dör àrrkose sa̠wè̠ ñè̠	TENSE:IPFV_REC;ASPECT:IPFV
Ye' shkö̀râ	Ye' shkö̀râ	NOCHANGE
Ie'pa e̠' tkë'rë	Ie'pa e̠' tkë'rë	NOCHANGE
' ìâpaa'	' ìâpaárule	TENSE:PAS_PLU
Sa' tso i skö́k	Sa' tso i skö́k	NOCHANGE
Yw' töe klàir të'	Yw' kë̀ wa̠e klàir të̀ne̠	TYPE:NEG
Ie' kë̀ ku'bak dawö́kwa̠	Ie' kë̀ ku'bak dawö́kwa̠	NOCHANGE
A' e̠' tkö̀rö	A' e̠' tkö̀rö	NOCHANGE
Kë̀ chìchi tö Po'tak kue	Kë̀ chìchi tö Po'tak kue	NOCHANGE
Ehöchi tö o'taá kö'	Ehö kë̀ ku̠'bakchi tö o'taá kö'	TYPE:NEG;TENSE:PRF_REM;ASPECT:PFV
Pûs kapë'wa̠	Pûs kapë'wa̠	NOCHANGE
Ye' tö kàsir tèmi̠	Ye' tö kàsir tèmi̠	NOCHANGE
Ye' dör àrros ta̠wè̠ke̠ ñè̠	Ye' dör àrros ta̠wè̠ke̠ ñè̠	NOCHANGE
Ye' út	Ye' út	NOCHANGE
Ye' kë̀ wa̠ àrros tò̠ne̠ ñè̠	Ye' kë̀ wa̠ àrros tò̠ne̠ ñè̠	NOCHANGE
Kë̀ Po'tak kö̀rpa	Kë̀ Po'tak kö̀rpa	NOCHANGE
Be' kë̀ ku̠ i skö́k	Be' kë̀ ku̠ i skö́k	NOCHANGE
Ie' e̠' tkë'rë	Ie' e̠' tkë'rë	NOCHANGE
Ye' s'kpa'	Ye'  kë̀ ku̠s'kpa'	TYPE:NEG
Ie' tso i skö́k	Ie' tso i skö́k	NOCHANGE
Chìchi tö Po'tak kué	Chìchi tö Po'tak kué	NOCHANGE
Kë̀ àrros tò̠nu̠k ñè̠	Kë̀ àrros tò̠nu̠k ñè̠	NOCHANGE
Ye' wa̠ kàsir të́rule	Ye' wa̠ kàsir të́rule	NOCHANGE
Ye' tö i̠ ña̠'wa	Ye' tö i̠ ña̠'wa	NOCHANGE
Ys' tö kàsir ttë'	Ys' kë̀ wa̠ kàsir ttë̀ne̠	TYPE:NEG;TENSE:PRF_REC
Ruà me̠r ëúàl ul ki̠	Ruà bák dapárke ëúàl ul ki̠	TENSE:PRF_REM;ASPECT:PFV;ABSNUM:PL
Yre' sàka'	Kë̀ yre' sàkae	TYPE:NEG;TENSE:IPFV_REC;ASPECT:IPFV
Yñ' tö eékàsirr 'èë'	Kë̀ yñ' tö eékàsirr 'èëèpa	TYPE:NEG;TENSE:FUT_CER;ASPECT:IPFV
Be' e̠' tkë'rë	Be' e̠' tkë'rë	NOCHANGE
Àrros tò̠na̠ ñè̠	Àrros tò̠na̠ ñè̠	NOCHANGE
Ie' stsë' bua'	Ie' stsë' bua'	NOCHANGE
Sa' bák i skö́k	Sa' bák i skö́k	NOCHANGE
!h́chi tö 'tàk kö'	Kë̀ !h́chi tö 'tàk kö'ku̠	TYPE:NEG;MODE:DES;TENSE:IPFV_REC;ASPECT:IPFV
Ie' kë̀ ku̠'bak i skö́k	Ie' kë̀ ku̠'bak i skö́k	NOCHANGE
Ye' e' tkë'rë	Ye'  kë̀ ku̠e' tkë'rë	TYPE:NEG
Ye' kë̀ shkárule	Ye' kë̀ shkárule	NOCHANGE
Se' kë̀ ku̠ i skö́k	Se' kë̀ ku̠ i skö́k	NOCHANGE
A sńkèk̠a'	Kë̀ a sńkèk̠a'ku̠	TYPE:NEG;MODE:DES;TENSE:IPFV_REC;ASPECT:IPFV
Be' dör yeb sí bi'	Kë̀ be' é̠n a̠ yeb sí bia'ku̠	TYPE:NEG;MODE:DES;TENSE:IPFV_REC;ASPECT:IPFV
Kë̀ kàsir të̀rku̠	Kë̀ kàsir të̀rku̠	NOCHANGE
Ye' ashka'	Ye' ashkéma̠	TENSE:PRF_REC;ASPECT:INC
Bí' dörc yrt t!í bi'	Bí' dörc yrt t!í bi'mi̠	ASPECT:INC
Kë̀ ye' tsí biar	Kë̀ ye' tsí biar	NOCHANGE
Be' dörè ýeà tsí bi'	Be' dörè ýeà tsí bièrâ	TENSE:FUT_CER;ASPECT:IPFV
Sa' e̠' tkére	Sa' e̠' tkére	NOCHANGE
Nâì í́út	Nâì í́útku̠	MODE:DES;TENSE:IPFV_REC;ASPECT:IPFV
Ye'r i sú̠	Ye'r i sú̠	NOCHANGE
Ye' tö dawà su'	Ye' tö dawà su'	NOCHANGE
Ye' bák kàsir tö́k	Ye' bák kàsir tö́k	NOCHANGE
Kë̀ ye' tsí bìne̠	Kë̀ ye' tsí bìne̠	NOCHANGE
Chmchi tö pla'l ö'	Chmchi wa̠ pla'l ö́rule	TENSE:PAS_PLU
Àrros ta̠wè̠ke̠ ñè̠	Àrros ta̠wè̠ke̠ ñè̠	NOCHANGE
Kë̀ kàsir tër	Kë̀ kàsir tër	NOCHANGE
Ye' tö i sík	Ye' tö i sík	NOCHANGE
Ie'pa tö bö' yë'ulur	Ie'pa tö bö' yë'ulur	NOCHANGE
Ye' tö i kít	Ye' tö i kít	NOCHANGE
Ye' tsí bìne̠	Ye' tsí bìne̠	NOCHANGE
Chìchi tö Po'tak kuè	Chìchi tö Po'tak kuè	NOCHANGE
Kë̀ Po'tak kö̀ne̠	Kë̀ Po'tak kö̀ne̠	NOCHANGE
Ye' dör àrros tó̠ ñè̠	Ye'  kë̀ ku̠'bakdör àrros tó̠ ñè̠	TYPE:NEG;TENSE:PRF_PROG;ASPECT:PFV
Ytie shka'	Ytie shkárule	TENSE:PAS_PLU
Kë̀ ye' tsí bir	Kë̀ ye' tsí bir	NOCHANGE
Shkàrmi̠	Shkàrmi̠	NOCHANGE
Be' bák i skö́k	Be' bák i skö́k	NOCHANGE
Kàsir të̀na̠	Kàsir të̀na̠	NOCHANGE
Ye' dör riros tó̠ ñ̠u	Kë̀ ye' dör riros ta̠u̠k ñ̠u	TYPE:NEG;TENSE:FUT_POT;ASPECT:IPFV
Yre' sàka'	Kë̀ yre' sàkö	TYPE:NEG;TENSE:IPFV_REC;ASPECT:IPFV
Be' kë̀ wa̠ ye' tsí bìne̠	Be' kë̀ wa̠ ye' tsí bìne̠	NOCHANGE
Ye' tsí bìrke̠	Ye' tsí bìrke̠	NOCHANGE
Kë̀ Po'tak kör	Kë̀ Po'tak kör	NOCHANGE
Buà kë̀ ku̠'bak me̠r kàl ulà ki̠	Buà kë̀ ku̠'bak me̠r kàl ulà ki̠	NOCHANGE
Po'tak kuö̀ sö	Po'tak kuö̀ sö	NOCHANGE
Yë' shka'	Yë'  kë̀ ku̠shka'	TYPE:NEG
Bo' dör 'eè ásí bi'	Bo' bák dör 'eè ásí bi'	TENSE:PRF_REM;ASPECT:PFV
Ie kë̀ dùnè̠wa̠	Ie kë̀ dùnè̠wa̠	NOCHANGE
Àrros tò̠r ñè̠	Àrros tò̠r ñè̠	NOCHANGE
Kë̀ kàsir të̀ne̠	Kë̀ kàsir të̀ne̠	NOCHANGE
Caìchi tö po'tak kö'	Caì bákchi tö po'tak kö'	TENSE:PRF_REM;ASPECT:PFV
I kimú̠	I kimú̠	NOCHANGE
' súñöa'	Kë̀ ' súñöa'ku̠	TYPE:NEG;MODE:DES;TENSE:IPFV_REC;ASPECT:IPFV
Ye' dör àrros ta̠wè̠râ ñè̠	Ye' dör àrros ta̠wè̠râ ñè̠	NOCHANGE
Òöñâeó' kbahka'	Kë̀ òöñâeó' kbahkök	TYPE:NEG;TENSE:FUT_POT;ASPECT:IPFV
Be' dör y!ó' tìsí bi'	Be' kë̀ ku̠'bak dör y!ó' tìsí bi'	TYPE:NEG;TENSE:PRF_REM;ASPECT:PFV
Ye'é' dhwa'	Ye'é' dhwaè	TENSE:IPFV_REC;ASPECT:IPFV
' úpía'	' úp kë̀ ku̠'bakía'	TYPE:NEG;TENSE:PRF_PROG;ASPECT:PFV
Chìchi tö p'byâëk ö'	Chìchi a̠ p'byâëk ö́r	MODE:POT;TENSE:IPFV_REC;ASPECT:IPFV
Be' dör pe' tks bhi'	Be' tso pe' tks bhiö́k	TENSE:IPFV_PROG;ASPECT:IPFV
Chìchi tö po'ùh̠ kö'	Chìc kë̀ ku̠'bakhi tö po'ùh̠ kö'	TYPE:NEG;TENSE:PRF_PROG;ASPECT:PFV
Kë̀ ie' dawö̀pawa̠	Kë̀ ie' dawö̀pawa̠	NOCHANGE
Ye' kë̀ ku̠ shkö́k	Ye' kë̀ ku̠ shkö́k	NOCHANGE
Yòböe' hkt́̀a'	Yòböe' hkt́̀éma̠	TENSE:PRF_REC;ASPECT:INC
Ie' ujtö̀	Ie' ujtö̀	NOCHANGE
Ye' dör àrros tó̠ ñèy	Ye' bák dör àrros tó̠ ñèy	TENSE:PRF_REM;ASPECT:PFV
Bryreu sàka'	Bryreu sàkö̀râ	TENSE:FUT_CER;ASPECT:IPFV
Kë̀ ye' shkö	Kë̀ ye' shkö	NOCHANGE
Ye' ujtö̀	Ye' ujtö̀	NOCHANGE
Shkàna̠	Shkàna̠	NOCHANGE
I wámbalë́r	I wámbalë́r	NOCHANGE
Be' shkö́	Be' shkö́	NOCHANGE
Kë̀ be' dör ye' tsí bièpa	Kë̀ be' dör ye' tsí bièpa	NOCHANGE
Yé' tö àsir të'	Yé' kë̀ ku̠ àsir tö́k	TYPE:NEG;TENSE:IPFV_PROG;ASPECT:IPFV
Chìchi tö Po'tak kö'mi̠	Chìchi tö Po'tak kö'mi̠	NOCHANGE
Ye' tso àrros ta̠ú̠k ñè̠	Ye' tso àrros ta̠ú̠k ñè̠	NOCHANGE
Shkàne̠	Shkàne̠	NOCHANGE
Ye' dör àrros ta̠wé̠mi̠ ñè̠	Ye' dör àrros ta̠wé̠mi̠ ñè̠	NOCHANGE
Ye' tö i kimè̠	Ye' tö i kimè̠	NOCHANGE
Ie' dúwa̠	Ie' dúwa̠	NOCHANGE
Ye' dör òrr's tó̠ ñè̠	Ye' bák òrr's ta̠ú̠k ñè̠	TENSE:PRF_PROG
Ye' ujté	Ye' ujté	NOCHANGE
Ie' tö bö' yéulur	Ie' tö bö' yéulur	NOCHANGE
Y'òe' suka'	Y'òe' suka'mi̠	ASPECT:INC
Be' dör èy̠e' tosí ìbi'	Kë̀ be' dör èy̠e' tosí ìbièku̠	TYPE:NEG;TENSE:IPFV_HAB;ASPECT:IPFV
Kàsir të̀rmi̠	Kàsir të̀rmi̠	NOCHANGE
Kë̀ ye' tsí bìrku̠	Kë̀ ye' tsí bìrku̠	NOCHANGE
Be' ujtó	Be' ujtó	NOCHANGE
A' e̠' tkére	A' e̠' tkére	NOCHANGE
Kë̀ Po'tak kuök	Kë̀ Po'tak kuök	NOCHANGE
Ye' kë̀ ku̠'bak kàsir tö́k	Ye' kë̀ ku̠'bak kàsir tö́k	NOCHANGE
Ie' dawö̀wa̠	Ie' dawö̀wa̠	NOCHANGE
Ye' dör ààrs tó̠ ñè̠	Ye' kë̀ ku̠ ààrs ta̠ú̠k ñè̠	TYPE:NEG;TENSE:IPFV_PROG;ASPECT:IPFV
Të' úó	Të' ujóé	TENSE:PRF_REC
Ye' shkö̀	Ye' shkö̀	NOCHANGE
Ye' tö kàsir tè	Ye' tö kàsir tè	NOCHANGE
Kë̀ ye' tö kàsir tèku̠	Kë̀ ye' tö kàsir tèku̠	NOCHANGE
Chìchi tö po'taek kö'	Chì kë̀ ku̠chi tö po'taek kö'	TYPE:NEG
Ye' a̠ àrros tó̠r ñè̠	Ye' a̠ àrros tó̠r ñè̠	NOCHANGE
Ie' dawö̀kè̠wa̠	Ie' dawö̀kè̠wa̠	NOCHANGE
Wë́pa kë̀ ku̠'bak ië'te̠n stsö́k	Wë́pa kë̀ ku̠'bak ië'te̠n stsö́k	NOCHANGE
Cìchkp tö po't!k 'íkwèö'	Kë̀ cìchkp tö po't!k 'íkwèöèku̠	TYPE:NEG;TENSE:IPFV_HAB;ASPECT:IPFV
Kë̀ ye' a̠ àrros tó̠r ñè̠	Kë̀ ye' a̠ àrros tó̠r ñè̠	NOCHANGE
Chìchi tö Po'tak kö'	Chìchi tö Po'tak kö'	NOCHANGE
Kë̀ ye' é̠n a̠ àrros ta̠wa̠'ku̠ ñè̠	Kë̀ ye' é̠n a̠ àrros ta̠wa̠'ku̠ ñè̠	NOCHANGE
Ye' tö ösir të'	Ye' kë̀ wa̠ ösir të́rule	TYPE:NEG;TENSE:PAS_PLU
Ye' kë̀ ku̠ àrros ta̠ú̠k ñè̠	Ye' kë̀ ku̠ àrros ta̠ú̠k ñè̠	NOCHANGE
E ssdksa'	Kë̀ e ssdksàne̠	TYPE:NEG
Be' dör ye' tsí bé	Be' dör ye' tsí bé	NOCHANGE
Kë̀ shkànu̠k	Kë̀ shkànu̠k	NOCHANGE
Ye' ehka'	Ye' ehkó	MODE:POT;TENSE:IPFV_REC;ASPECT:IPFV
Ye' bák shkö́k	Ye' bák shkö́k	NOCHANGE
Caì́âi töà po'ik éö'	Caì kë̀ ku̠'baḱâi töà po'ik éö'	TYPE:NEG;TENSE:PRF_REM;ASPECT:PFV
Sa' kë̀ ku̠ i skö́k	Sa' kë̀ ku̠ i skö́k	NOCHANGE
Áe' dör ye' tsí i'	Áe'  kë̀ ku̠'bakdör ye' tsí i'	TYPE:NEG;TENSE:PRF_PROG;ASPECT:PFV
Chìchi tö 'ak kâö'	Kë̀ chìchi tö 'ak kâöök	TYPE:NEG;TENSE:FUT_POT;ASPECT:IPFV
Ye' dör àrmröös ó̠ ñè̠	Ye' kë̀ wa̠ àrmröös ò̠ne̠ ñè̠	TYPE:NEG;TENSE:PRF_REC
Ie'pa kë̀ ku̠'bak i skö́k	Ie'pa kë̀ ku̠'bak i skö́k	NOCHANGE
Óhìcki tö poínak kö'	Óhìcki kë̀ wa̠ poínak kö́rule	TYPE:NEG;TENSE:PAS_PLU
Cbìhùi tö pohtan kö'	Cbìhùi tö pohtan köö́!	MODE:IMP;TENSE:IPFV_REC;ASPECT:IPFV
Ye' tö kàsir té	Ye' tö kàsir té	NOCHANGE
Óyee' sha'	Kë̀ óyee' shök	TYPE:NEG;TENSE:FUT_POT;ASPECT:IPFV
!'sỳ'w sesrya'	Kë̀ !'sỳ'w sesryaèpa	TYPE:NEG;TENSE:FUT_CER;ASPECT:IPFV
Ie'pa tö bö' yë'stsa̠	Ie'pa tö bö' yë'stsa̠	NOCHANGE
Se' bák i skö́k	Se' bák i skö́k	NOCHANGE
Bo' dör ye ssí bi'	Bo' tso ye ssí biö́k	TENSE:IPFV_PROG;ASPECT:IPFV
Y 'âtö i! ík	Y 'â kë̀ ku̠'baktö i! ík	TYPE:NEG;TENSE:PRF_PROG;ASPECT:PFV
Shkàrke̠	Shkàrke̠	NOCHANGE
Kyẃâ' te̠w akòë'rë	Kyẃ kë̀ ku̠'bakâ' te̠w akòë'rë	TYPE:NEG;TENSE:PRF_PROG;ASPECT:PFV
Ie' kë̀ ku̠ i skö́k	Ie' kë̀ ku̠ i skö́k	NOCHANGE
Sa' e̠' tkë'rë	Sa' e̠' tkë'rë	NOCHANGE
Ie' e̠' tkére	Ie' e̠' tkére	NOCHANGE
Wë́m kë̀ ku̠ dur stsö́k	Wë́m kë̀ ku̠ dur stsö́k	NOCHANGE
Cháìhi tö po'rñak kö'	Chá kë̀ ku̠'bakìhi tö po'rñak kö'	TYPE:NEG;TENSE:PRF_REM;ASPECT:PFV
Ye' tö kníàsòrb të'	Ye' kë̀ wa̠ kníàsòrba̠ è̠ntë	TYPE:NEG;TENSE:PRF_REC
Àrros ta̠ú̠ ñè̠ sö	Àrros ta̠ú̠ ñè̠ sö	NOCHANGE
Chìhùi tö po'tak kö'	Chìhùi kë̀ ku̠'bak po'tak kuö́k	TYPE:NEG;TENSE:PRF_PROG
Kë̀ be' é̠n a̠ ye' tsí bia'ku̠	Kë̀ be' é̠n a̠ ye' tsí bia'ku̠	NOCHANGE
Ie'pa tö bö' yéstsa̠	Ie'pa tö bö' yéstsa̠	NOCHANGE
Be' dör ye' tsí bièmi̠	Be' dör ye' tsí bièmi̠	NOCHANGE
Kë̀ ye' dör àrros ta̠wè̠ku̠ ñè̠	Kë̀ ye' dör àrros ta̠wè̠ku̠ ñè̠	NOCHANGE
Í' ska'	Í' ské	TENSE:PRF_REC
Ie'pa kë̀ ku̠ i skö́k	Ie'pa kë̀ ku̠ i skö́k	NOCHANGE
Kë̀ àrros ta̠wa̠r ñè̠	Kë̀ àrros ta̠wa̠r ñè̠	NOCHANGE
Kë̀ shkàne̠	Kë̀ shkàne̠	NOCHANGE
Èe' dör rros tó̠ ñè̠	Èe' dör rros tó̠ ñè̠ku̠	MODE:DES;TENSE:IPFV_REC;ASPECT:IPFV
Ie' tö bö' yéstsa̠	Ie' tö bö' yéstsa̠	NOCHANGE
Ye' dör ârs tó̠ ùb̠	Kë̀ ye' dör ârs tó̠ ùb̠ku̠	TYPE:NEG;MODE:DES;TENSE:IPFV_REC;ASPECT:IPFV
Ye' stsë'	Ye' stsë'	NOCHANGE
Kë̀ ie' ujto	Kë̀ ie' ujto	NOCHANGE
Be' dör úe' tsí 'i'	Be' kë̀ wa̠ úe' tsírule 'i'	TYPE:NEG;TENSE:PAS_PLU
A' kë̀ ku̠'bak i skö́k	A' kë̀ ku̠'bak i skö́k	NOCHANGE
Ye' kë̀ wa̠ kàsir të̀ne̠	Ye' kë̀ wa̠ kàsir të̀ne̠	NOCHANGE
Ye' shka'	Ye' shka'	NOCHANGE
Ye' tö i kímè̠ke	Ye' tö i kímè̠ke	NOCHANGE
Ye' tö i búk	Ye' tö i búk	NOCHANGE
Be' dörc yn'à cí yi'	Kë̀ be' dörc yn'à cí yie	TYPE:NEG;TENSE:IPFV_REC;ASPECT:IPFV
Ye' tsí bìrdâ	Ye' tsí bìrdâ	NOCHANGE
A' bák i skö́k	A' bák i skö́k	NOCHANGE
Ye' tsí bìna̠	Ye' tsí bìna̠	NOCHANGE
Kë̀ chìchi tö Po'tak kuèpa	Kë̀ chìchi tö Po'tak kuèpa	NOCHANGE
Ie' dawö̀râwa̠	Ie' dawö̀râwa̠	NOCHANGE
Dheé ùshka'	Dheé ùshkárule	TENSE:PAS_PLU
A' e̠' tkë'rë	A' e̠' tkë'rë	NOCHANGE
Ie' kë̀ ku̠ dawö́kwa̠	Ie' kë̀ ku̠ dawö́kwa̠	NOCHANGE
Ye' dör àrroí átó̠ ñè̠	Ye' dör àrroí átó̠mi̠ ñè̠	ASPECT:INC
Ie' bák i skö́k	Ie' bák i skö́k	NOCHANGE
Ye' tö kàsir ìtë'	Ye' é̠n a̠ kàsir ìta'ku̠	MODE:DES;TENSE:IPFV_REC;ASPECT:IPFV
Be' dör yeà ̠í bái'	Be' kë̀ ku̠'bak dör yeà ̠í bái'	TYPE:NEG;TENSE:PRF_REM;ASPECT:PFV
Kë̀ ye' tsí bìrpa	Kë̀ ye' tsí bìrpa	NOCHANGE
Ye' ehka'	Kë̀ ye' ehkaök	TYPE:NEG;TENSE:FUT_POT;ASPECT:IPFV
Ye' tö mb mkíme̠'	Ye' kë̀ ku̠'bak tö mb mkíme̠'	TYPE:NEG;TENSE:PRF_REM;ASPECT:PFV
Kë̀ Po'tak kö̀rku̠	Kë̀ Po'tak kö̀rku̠	NOCHANGE
Buà bák me̠r kàl ulà ki̠	Buà bák me̠r kàl ulà ki̠	NOCHANGE
Chìchi tö pk'tak ikö'	Chìchi wa̠ pk'tak ikua'	MODE:ADVERS
Chìchi tö Po'tak kuèrâ	Chìchi tö Po'tak kuèrâ	NOCHANGE
Po'tak kö̀r	Po'tak kö̀r	NOCHANGE
Be' dör ye' tksí bái'	Be'  bákdör ye' tksí bái'	TENSE:PRF_REM;ASPECT:PFV
Buà me̠r kàl ulà ki̠	Buà me̠r kàl ulà ki̠	NOCHANGE
Ye' âsuha'	Ye' bák âsuha'	TENSE:PRF_REM;ASPECT:PFV
Kàsir të̀r	Kàsir të̀r	NOCHANGE
Kàsir tö̀ sö	Kàsir tö̀ sö	NOCHANGE
Chìhùi tö pohtan kö'	Chìhùi tö pohtan kuèke̠	TENSE:IPFV_HAB;ASPECT:IPFV
Ye' kë̀ wa̠ kàsir të́rule	Ye' kë̀ wa̠ kàsir të́rule	NOCHANGE
I!' tö bö' yë'stsa̠	I!'pa tö bö' yë'stsa̠	PERSON:3_PL
Kë̀ ye' tsí biök	Kë̀ ye' tsí biök	NOCHANGE
Chih ̀sdöa'	Kë̀ chih ̀sdöaök	TYPE:NEG;TENSE:FUT_POT;ASPECT:IPFV
Chìchi tö w̠p'tak kö'	Kë̀ chìchi tö w̠p'tak kö'ku̠	TYPE:NEG;MODE:DES;TENSE:IPFV_REC;ASPECT:IPFV
Wë́pa ië'te̠n stsö́k	Wë́pa ië'te̠n stsö́k	NOCHANGE
Kë̀ kàsir tar	Kë̀ kàsir tar	NOCHANGE
Ye' tö kàsir ë'	Kë̀ ye' é̠n a̠ kàsir a'ku̠	TYPE:NEG;MODE:DES;TENSE:IPFV_REC;ASPECT:IPFV
Yec tö kàsr tíë'	Yec tö kàsr tíèrâ	TENSE:FUT_CER;ASPECT:IPFV
Ye' dör ìàrr'ò tó̠ ñè̠	Ye' dör ìàrr'ò ta̠wé̠ ñè̠	TENSE:PRF_REC
'e' dörë àrros óé ñë̠	'e' bák dörë àrros óé ñë̠	TENSE:PRF_REM;ASPECT:PFV
Ùye mshka'	Ùye mkë̀ shkárule	TYPE:NEG;TENSE:PAS_PLU
Ye' tso ujtö́k	Ye' tso ujtö́k	NOCHANGE
Be' wa̠ ye' tsí bia'	Be' wa̠ ye' tsí bia'	NOCHANGE
Be' dör ye' tsí bièrâ	Be' dör ye' tsí bièrâ	NOCHANGE
Y'' dör ààrs tó̠ ñy̠	Y'' kë̀ ku̠'bak dör ààrs tó̠ ñy̠	TYPE:NEG;TENSE:PRF_REM;ASPECT:PFV
Ye' tsí bìrmi̠	Ye' tsí bìrmi̠	NOCHANGE
Jà' tö kâir 'tàë'	Kë̀ jà' tö kâir 'tàö̀pë	TYPE:NEG;TENSE:FUT_CER;ASPECT:IPFV
Ye' kë̀ wa̠ àrros tó̠rule ñè̠	Ye' kë̀ wa̠ àrros tó̠rule ñè̠	NOCHANGE
Bd' dör ye' mysí i'	Bd' kë̀ wa̠ ye' mysí írule	TYPE:NEG;TENSE:PAS_PLU
Ye' dör àrros ta̠wè̠ ñè̠	Ye' dör àrros ta̠wè̠ ñè̠	NOCHANGE
Be' kë̀ ku̠'bak i skö́k	Be' kë̀ ku̠'bak i skö́k	NOCHANGE
Àrros ta̠ú̠ ñè̠	Àrros ta̠ú̠ ñè̠	NOCHANGE
Kë̀ be' dör ye' tsí bie	Kë̀ be' dör ye' tsí bie	NOCHANGE
Bo' dör ye ássí bi'	Kë̀ bo' a̠ ye ássí bír	TYPE:NEG;MODE:POT;TENSE:IPFV_REC;ASPECT:IPFV
Wë́m kë̀ ku̠'bak dur stsö́k	Wë́m kë̀ ku̠'bak dur stsö́k	NOCHANGE
' shka'	' shkö̀râ	TENSE:FUT_CER;ASPECT:IPFV
Be' kë̀ ku̠ ye' tsí biö́k	Be' kë̀ ku̠ ye' tsí biö́k	NOCHANGE
Ye' ̀lhka'	Ye' ̀lhkaèrâ	TENSE:FUT_CER;ASPECT:IPFV
Ye' dör àrros tó̠ ñè̠	Ye' dör àrros tó̠ ñè̠	NOCHANGE
Yy' tö àjà të'	Kë̀ yy' tö àjà të'ku̠	TYPE:NEG;MODE:DES;TENSE:IPFV_REC;ASPECT:IPFV
Ye' shkö̀ke̠	Ye' shkö̀ke̠	NOCHANGE
Kàsir të̀rke̠	Kàsir të̀rke̠	NOCHANGE
Se' út	Se' út	NOCHANGE
Y̠e' sha'	Kë̀ y̠e' shö̀ku̠	TYPE:NEG;TENSE:IPFV_HAB;ASPECT:IPFV
Be' é̠n a̠ ye' tsí bia'ku̠	Be' é̠n a̠ ye' tsí bia'ku̠	NOCHANGE
Shkárule	Shkárule	NOCHANGE
Ie' dawö̀wa̠mi̠	Ie' dawö̀wa̠mi̠	NOCHANGE
