È' òshka'	È' paòshka'	PERSON:3_PL
Yp'' j' të'rë	Yp'' bák j' të'rë	TENSE:PRF_REM;ASPECT:PFV
Ká̠ dö̀ pàköl ká̠ su̠lì̠tu	Ká̠ dö̀ pàköl ká̠ su̠lì̠tu	NOCHANGE
Nâì í́út	Nâì í́útku̠	MODE:DES;TENSE:IPFV_REC;ASPECT:IPFV
Ie' chkö̀ke	Ie' chkö̀ke	NOCHANGE
Ie' tö i sa̠wè̠	Ie' tö i sa̠wè̠	NOCHANGE
É̠ma̠ e' stsè stsèke̠ ñe̠'	É̠ma̠ e' stsè stsèke̠ ñe̠'	NOCHANGE
Ye' tö k!iàn eë'	Ye' bák k!iàn eö́k	TENSE:PRF_PROG
Ie' tö i wámbalèke	Ie' tö i wámbalèke	NOCHANGE
Ká̠ e'tk ë̀	Ká̠ e'tk ë̀	NOCHANGE
Se' shù̠ dalë́rke̠ wa̠	Se' shù̠ dalë́rke̠ wa̠	NOCHANGE
Ie' tù̠rke	Ie' tù̠rke	NOCHANGE
Yec tö kàsr tíë'	Yec tö kàsr tíèrâ	TENSE:FUT_CER;ASPECT:IPFV
Ye' tö i balë	Ye' tö i balë	NOCHANGE
Wè̠s ie' i dawè klö́o̠	Wè̠s ie' i dawè klö́o̠	NOCHANGE
Mì̠kalè ta̠ i chówa	Mì̠kalè ta̠ i chówa	NOCHANGE
Ulà dé ulà dalë̀na̠ ma̠ ta̠ e'la ka̠nè̠u̠k	Ulà dé ulà dalë̀na̠ ma̠ ta̠ e'la ka̠nè̠u̠k	NOCHANGE
Ie' tö i kínè̠ke	Ie' tö i kínè̠ke	NOCHANGE
Cìchkp tö po't!k 'íkwèö'	Kë̀ cìchkp tö po't!k 'íkwèöèku̠	TYPE:NEG;TENSE:IPFV_HAB;ASPECT:IPFV
Ie'pa dör e' kapéyèke̠ be' ñe̠' ye' wö́s i kiè e' kapë ie'pa e' bua'wè̠ke̠ne̠	Ie'pa dör e' kapéyèke̠ be' ñe̠' ye' wö́s i kiè e' kapë ie'pa e' bua'wè̠ke̠ne̠	NOCHANGE
Bo' dör ye ssí bi'	Bo' tso ye ssí biö́k	TENSE:IPFV_PROG;ASPECT:IPFV
Sibö̀r e' a̠mé̠a̠t ajkö́no̠	Sibö̀r e' a̠mé̠a̠t ajkö́no̠	NOCHANGE
Aìe'' ska'	Kë̀ aìe'' skök	TYPE:NEG;TENSE:FUT_POT;ASPECT:IPFV
Ye' inù̠ke	Ye' inù̠ke	NOCHANGE
Be' tö i shkè̠wè̠	Be' tö i shkè̠wè̠	NOCHANGE
Kiàne̠ yì ki̠	Kiàne̠ yì ki̠	NOCHANGE
Kë̀ ye' wa̠ i sù̠ne̠	Kë̀ ye' wa̠ i sù̠ne̠	NOCHANGE
Ye' dör ìàrr'ò tó̠ ñè̠	Ye' dör ìàrr'ò ta̠wé̠ ñè̠	TENSE:PRF_REC
Èni̠a̠	Èni̠a̠	NOCHANGE
Ichàkök	Ichàkök	NOCHANGE
Dabòm ma̠ñà̠yök kí̠ kúl	Dabòm ma̠ñà̠yök kí̠ kúl	NOCHANGE
Kë̀ ña̠ i yë̀nu̠k i̠a̠ bö̀t ma̠ñà̠t kí̠	Kë̀ ña̠ i yë̀nu̠k i̠a̠ bö̀t ma̠ñà̠t kí̠	NOCHANGE
Bè dör ye' itsí bi'	Bè é̠n a̠ ye' itsí bia'ku̠	MODE:DES;TENSE:IPFV_REC;ASPECT:IPFV
Ys' tö kàsir ttë'	Ys' kë̀ wa̠ kàsir a̠tè̠ntë	TYPE:NEG;TENSE:PRF_REC
Kutà ie ne̠ irir	Kutà ie ne̠ irir	NOCHANGE
Kë̀ ie' a̠ sabák yör	Kë̀ ie' a̠ sabák yör	NOCHANGE
Su̠lì̠ ùru tso' kàl ajkuö̀jchök	Su̠lì̠ ùru tso' kàl ajkuö̀jchök	NOCHANGE
Öñâe' shka'	Öñâe' shkaè	TENSE:IPFV_REC;ASPECT:IPFV
Cien su̠lì̠túyök	Cien su̠lì̠túyök	NOCHANGE
Balo' dawà ö̀köie	Balo' dawà ö̀köie	NOCHANGE
Ie' tö i kàchè	Ie' tö i kàchè	NOCHANGE
Chìchi tö po'taek kö'	Chì kë̀ ku̠chi tö po'taek kö'	TYPE:NEG
Ye' tö ksir twë'	Ye' wa̠ ksir twë́rule	TENSE:PAS_PLU
Ie' tö i sa̠wè̠ke	Ie' tö i sa̠wè̠ke	NOCHANGE
Dawás i̠â̠chki ta̠ balë'kë́këpa	Dawás i̠â̠chki ta̠ balë'kë́këpa	NOCHANGE
Ì ka̠né̠wè̠mi̠ se' dör e' tsikìna̠ e' pà mi̠k	Ì ka̠né̠wè̠mi̠ se' dör e' tsikìna̠ e' pà mi̠k	NOCHANGE
Ie' e̠ne̠'	Ie' e̠ne̠'	NOCHANGE
Lámpara ar akájtö mí̠k	Lámpara ar akájtö mí̠k	NOCHANGE
Úriki̠	Úriki̠	NOCHANGE
Sa' sa' a̠ i tsë́r bua' kiè kë'köldi	Sa' sa' a̠ i tsë́r bua' kiè kë'köldi	NOCHANGE
Entonces se' ë́ e' kéu̠mi̠ e' ta̠ kë̀ i dë́i̠a̠	Entonces se' ë́ e' kéu̠mi̠ e' ta̠ kë̀ i dë́i̠a̠	NOCHANGE
Ie' tö i tkèke	Ie' tö i tkèke	NOCHANGE
Mì̠ka̠ e' se' klö'we̠ kàl wö e' tsikìna̠ se' ki̠ e' ichö́kle e' kë̀ bua'ne̠i̠a̠	Mì̠ka̠ e' se' klö'we̠ kàl wö e' tsikìna̠ se' ki̠ e' ichö́kle e' kë̀ bua'ne̠i̠a̠	NOCHANGE
Ye' tö ckàsi ë'	Ye' kë̀ ku̠'bak tö ckàsi ë'	TYPE:NEG;TENSE:PRF_REM;ASPECT:PFV
Be' dör úe' tsí 'i'	Be' kë̀ wa̠ úe' tsírule 'i'	TYPE:NEG;TENSE:PAS_PLU
E' ia'wè̠ke̠	E' ia'wè̠ke̠	NOCHANGE
Ie' tö i tsèke	Ie' tö i tsèke	NOCHANGE
Dià e̠ ká̠ kiè chase e̠'	Dià e̠ ká̠ kiè chase e̠'	NOCHANGE
E' a̠ ie' dawè tso' e' ku̠é̠ki̠ e' ñè̠ke ie' yö́ki̠	E' a̠ ie' dawè tso' e' ku̠é̠ki̠ e' ñè̠ke ie' yö́ki̠	NOCHANGE
Ie' tö i chèke	Ie' tö i chèke	NOCHANGE
Chìchi ètöm	Chìchi ètöm	NOCHANGE
Ye' döry àbrros tóú tè̠	Ye' é̠n a̠y àbrros ta̠wa̠'kuú tè̠	MODE:DES;TENSE:IPFV_REC;ASPECT:IPFV
E' duà ë̀ yulèke̠ne̠	E' duà ë̀ yulèke̠ne̠	NOCHANGE
Talók akàla tër sé̠ wé̠alè	Talók akàla tër sé̠ wé̠alè	NOCHANGE
Ie' tö i kuè	Ie' tö i kuè	NOCHANGE
Ie' tö i pàlèke	Ie' tö i pàlèke	NOCHANGE
Ye' tö àmb mkíme̠'	Ye' kë̀ wa̠ àmb mkímè̠ne̠	TYPE:NEG;TENSE:PRF_REC
I̠ì̠ne̠	I̠ì̠ne̠	NOCHANGE
Ie' tö i à̠ritsèke	Ie' tö i à̠ritsèke	NOCHANGE
Ù̠ ki̠ ì ki̠ kapö̀râ i̠e̠'	Ù̠ ki̠ ì ki̠ kapö̀râ i̠e̠'	NOCHANGE
Pedro dör mesa abaú̠kna̠me̠	Pedro dör mesa abaú̠kna̠me̠	NOCHANGE
Yle' deb̀ mkë'rë	Yle' bák deb̀ mkë'rë	TENSE:PRF_REM;ASPECT:PFV
Ùye mshka'	Ùye mkë̀ shkárule	TYPE:NEG;TENSE:PAS_PLU
Óyee' sha'	Kë̀ óyee' shök	TYPE:NEG;TENSE:FUT_POT;ASPECT:IPFV
Ye' aka̠' ie ma̠ñà̠t ya ká̠ ki̠'	Ye' aka̠' ie ma̠ñà̠t ya ká̠ ki̠'	NOCHANGE
Ie' ttö̀ke	Ie' ttö̀ke	NOCHANGE
Ye' ki̠ dawás tso' dieciocho	Ye' ki̠ dawás tso' dieciocho	NOCHANGE
Ye' tö b kíme̠'	Ye' tö b kími̠me̠'	ASPECT:INC
Be' tù̠rke	Be' tù̠rke	NOCHANGE
Íyi kò̠s tso'i̠a̠ ni̠mà̠	Íyi kò̠s tso'i̠a̠ ni̠mà̠	NOCHANGE
E' ku̠é̠ki̠ e's yö a' i̠a̠ i pàkeke̠	E' ku̠é̠ki̠ e's yö a' i̠a̠ i pàkeke̠	NOCHANGE
Chèke̠mi̠ne̠ e's	Chèke̠mi̠ne̠ e's	NOCHANGE
Be' tö i kímè̠ke	Be' tö i kímè̠ke	NOCHANGE
E's ie i wà dör	E's ie i wà dör	NOCHANGE
Be' dör ye' sí bi'	Be'  kë̀ ku̠dör ye' sí bi'	TYPE:NEG
Ukö̀ki̠ ta̠ mì̠ka̠ ye' dé bùsi	Ukö̀ki̠ ta̠ mì̠ka̠ ye' dé bùsi	NOCHANGE
Ù ské̠l	Ù ské̠l	NOCHANGE
Yy' tö àjà të'	Kë̀ yy' tö àjà të'ku̠	TYPE:NEG;MODE:DES;TENSE:IPFV_REC;ASPECT:IPFV
Ie' chkö̀ke	Ie' chkö̀ke	NOCHANGE
'e' dörë àrros óé ñë̠	'e' bák dörë àrros óé ñë̠	TENSE:PRF_REM;ASPECT:PFV
Ye' e̠' chö̀a̠t	Ye' e̠' chö̀a̠t	NOCHANGE
Ye' tö ékàsirr tèë'	Ye'pa tö ékàsirr tèë'	PERSON:3_PL
Chìchi tö ho'tak kö'	Kë̀ chìchi tö ho'tak kue	TYPE:NEG;TENSE:IPFV_REC;ASPECT:IPFV
Ká̠ ta̠ì̠ë di' bitù̠tse̠ cha	Ká̠ ta̠ì̠ë di' bitù̠tse̠ cha	NOCHANGE
À̠s kë̀ à̠s kë̀ si̠wa̠' i pö̀u̠	À̠s kë̀ à̠s kë̀ si̠wa̠' i pö̀u̠	NOCHANGE
Mí̠shka kalö̀tök!	Mí̠shka kalö̀tök!	NOCHANGE
Be' dör yeà ̠í bái'	Be' kë̀ ku̠'bak dör yeà ̠í bái'	TYPE:NEG;TENSE:PRF_REM;ASPECT:PFV
We' tö böá yë'stsa̠	We' tö böá yéstsa̠	TENSE:PRF_REC
Ila bikéitse dur ki̠la söla e'la bikéitseke̠	Ila bikéitse dur ki̠la söla e'la bikéitseke̠	NOCHANGE
Be' ká̠	Be' ká̠	NOCHANGE
Ù̠ ñe̠' dikì̠	Ù̠ ñe̠' dikì̠	NOCHANGE
Ie'pa icha i ku̠é̠ki̠ sa' icha i ku̠é̠ki̠	Ie'pa icha i ku̠é̠ki̠ sa' icha i ku̠é̠ki̠	NOCHANGE
Yw' töe klàir të'	Yw' töe klàir té	TENSE:PRF_REC
Chìchi tö pk'tak ikö'	Chìchi wa̠ pk'tak ikua'	MODE:ADVERS
E'köl se' ië'ka̠mi̠	E'köl se' ië'ka̠mi̠	NOCHANGE
Ba ttö́	Ba ttö́	NOCHANGE
Yre' sàka'	Kë̀ yre' sàkö	TYPE:NEG;TENSE:IPFV_REC;ASPECT:IPFV
Ye' tö i yulè	Ye' tö i yulè	NOCHANGE
Ehpchi tö o'toá ö'	Ehpchi kë̀ wa̠ o'toá ö́rule	TYPE:NEG;TENSE:PAS_PLU
Be' ka̠nè̠balö̀ke	Be' ka̠nè̠balö̀ke	NOCHANGE
Ye' ka̠nè̠balö̀ke	Ye' ka̠nè̠balö̀ke	NOCHANGE
Wö́su̠k ta̠ icha e'ta̠ kë̀ e' wë́m sawàne̠ i yök i dawö'	Wö́su̠k ta̠ icha e'ta̠ kë̀ e' wë́m sawàne̠ i yök i dawö'	NOCHANGE
Alàralar wö̀ki̠la	Alàralar wö̀ki̠la	NOCHANGE
Dabòm su̠lì̠tuyök	Dabòm su̠lì̠tuyök	NOCHANGE
Ytie shka'	Ytie shkárule	TENSE:PAS_PLU
Be' tö i yawèke	Be' tö i yawèke	NOCHANGE
Ì' òhía'	Ì' òhíó	MODE:POT;TENSE:IPFV_REC;ASPECT:IPFV
Be' tö i ppè	Be' tö i ppè	NOCHANGE
Kë̀ be'r i sa̠ú̠k!	Kë̀ be'r i sa̠ú̠k!	NOCHANGE
Chéchi tö po'taës kö'	Chéchi tö po'taës kö'	MODE:ADVERS
Sö ichö̀ i wö̀ wö̀ shlë́wöla	Sö ichö̀ i wö̀ wö̀ shlë́wöla	NOCHANGE
Be' tö i ñè̠ke	Be' tö i ñè̠ke	NOCHANGE
Be' tö i à̠ritsè	Be' tö i à̠ritsè	NOCHANGE
Ña̠ é̠n	Ña̠ é̠n	NOCHANGE
Ye' tö kàsir ë'	Ye' tö kàsir èke̠	TENSE:IPFV_HAB;ASPECT:IPFV
Ye' tö mb mkíme̠'	Ye' kë̀ ku̠'bak tö mb mkíme̠'	TYPE:NEG;TENSE:PRF_REM;ASPECT:PFV
Ukö̀ki̠ kéli a̠wí̠ ñè̠ke̠ sö	Ukö̀ki̠ kéli a̠wí̠ ñè̠ke̠ sö	NOCHANGE
E'ta̠ e̠' ie'pa ú̠rke̠ ka̠nè̠balök	E'ta̠ e̠' ie'pa ú̠rke̠ ka̠nè̠balök	NOCHANGE
Ditséwö	Ditséwö	NOCHANGE
Ajkö́no̠ ie se' a̠ sè̠no̠ ie	Ajkö́no̠ ie se' a̠ sè̠no̠ ie	NOCHANGE
Be' dör !ye'ó tsí bi'	Kë̀ be' dör !ye'ó tsí buik	TYPE:NEG;TENSE:FUT_POT;ASPECT:IPFV
I kuö́	I kuö́	NOCHANGE
Yre' sàka'	Kë̀ yre' sàkae	TYPE:NEG;TENSE:IPFV_REC;ASPECT:IPFV
Á' èe' tkë'áë	Á' èe' tkë'áëmi̠	ASPECT:INC
Ehöchi tö o'taá kö'	Ehö kë̀ ku̠'bakchi tö o'taá kö'	TYPE:NEG;TENSE:PRF_REM;ASPECT:PFV
Cháìhi tö po'ñtak kö'	Cháìhi tö po'ñtak kuèke̠	TENSE:IPFV_HAB;ASPECT:IPFV
Kë̀ ye' wa̠ i yö̀ne̠	Kë̀ ye' wa̠ i yö̀ne̠	NOCHANGE
E'tkla ë̀ e' mí̠k be' tso'se̠n	E'tkla ë̀ e' mí̠k be' tso'se̠n	NOCHANGE
Ie' akuö̀ke	Ie' akuö̀ke	NOCHANGE
Se' alákölpa tso' bua'ie	Se' alákölpa tso' bua'ie	NOCHANGE
Bö̀tökicha	Bö̀tökicha	NOCHANGE
Bb' döre ye' àtsí bi'	Bb' kë̀ ku̠ döre ye' àtsí bi'	TYPE:NEG
Awá tso' i kàl apasíu̠k tabè wa	Awá tso' i kàl apasíu̠k tabè wa	NOCHANGE
E' ta̠ wé̠ ë̀töm ki̠ bua'ie i tso'	E' ta̠ wé̠ ë̀töm ki̠ bua'ie i tso'	NOCHANGE
Të' úú	Të' ujúö̀	TENSE:IPFV_REC;ASPECT:IPFV
Ye' e̠' chö̀kea̠t	Ye' e̠' chö̀kea̠t	NOCHANGE
I bikö́kmi̠	I bikö́kmi̠	NOCHANGE
E's e's se' mí̠tse̠n ie' wa̠ e'tökicha ë̀	E's e's se' mí̠tse̠n ie' wa̠ e'tökicha ë̀	NOCHANGE
Kabë̀pa	Kabë̀pa	NOCHANGE
Be' yö̀ne̠ escuela aì a̠	Be' yö̀ne̠ escuela aì a̠	NOCHANGE
Ttö̀ chèke kö̀ko kö̀ko	Ttö̀ chèke kö̀ko kö̀ko	NOCHANGE
Kapá tkë́l	Kapá tkë́l	NOCHANGE
Be'r ye' tsì̠ biö́!	Be'r ye' tsì̠ biö́!	NOCHANGE
Ye' dör àrros tó̠ ñè̠	Ye'  kë̀ ku̠'bakdör àrros tó̠ ñè̠	TYPE:NEG;TENSE:PRF_PROG;ASPECT:PFV
Yi ya'	Yi ya'	NOCHANGE
Ye' sè̠rke	Ye' sè̠rke	NOCHANGE
Ie' tsë̀rke	Ie' tsë̀rke	NOCHANGE
Ie' kapö̀wa̠	Ie' kapö̀wa̠	NOCHANGE
Ye' tö i ttè	Ye' tö i ttè	NOCHANGE
Ye' dör àrmröös ó̠ ñè̠	Ye' kë̀ wa̠ àrmröös ò̠ne̠ ñè̠	TYPE:NEG;TENSE:PRF_REC
Yea'p kshka'	Yea kë̀ ku̠'bak'p kshka'	TYPE:NEG;TENSE:PRF_REM;ASPECT:PFV
E'ta̠ i yö̀na̠tke bua' e'ta̠ yö i wàtu̠è̠ke̠	E'ta̠ i yö̀na̠tke bua' e'ta̠ yö i wàtu̠è̠ke̠	NOCHANGE
Entonces ie' dë'rö ye' tsú̠k ye' ma̠nè̠ta̠	Entonces ie' dë'rö ye' tsú̠k ye' ma̠nè̠ta̠	NOCHANGE
Ba kó̠pàkö́	Ba kó̠pàkö́	NOCHANGE
Ì se' shù̠ wö̀teke̠wa̠ ñe̠'	Ì se' shù̠ wö̀teke̠wa̠ ñe̠'	NOCHANGE
Ye' tö i kínè̠ke	Ye' tö i kínè̠ke	NOCHANGE
I ujtéwa̠ irir	I ujtéwa̠ irir	NOCHANGE
Ie' tö i kínè̠	Ie' tö i kínè̠	NOCHANGE
Uya' alö́ si̠a̠!	Uya' alö́ si̠a̠!	NOCHANGE
Ye' dör àrrkose só̠ ñè̠	Ye' dör àrrkose sa̠wè̠ ñè̠	TENSE:IPFV_REC;ASPECT:IPFV
Ye'r iché	Ye'r iché	NOCHANGE
Ie' tsö̀ bua'ë	Ie' tsö̀ bua'ë	NOCHANGE
Sa'r kàl sé̠ wö̀të'	Sa'r kàl sé̠ wö̀të'	NOCHANGE
E ssdksa'	Kë̀ e ssdksàne̠	TYPE:NEG
Pú̠ ñe̠' ù a̠	Pú̠ ñe̠' ù a̠	NOCHANGE
Be' ala'r ta̠	Be' ala'r ta̠	NOCHANGE
Tsu'ku ki̠ i tso' bua'ie e̠na̠ u̠lé̠	Tsu'ku ki̠ i tso' bua'ie e̠na̠ u̠lé̠	NOCHANGE
Òöñâe' kbahka'	Kë̀ òöñâe' kbahkàne̠	TYPE:NEG
Be' dör pe' tks bhi'	Be' tso pe' tks bhiö́k	TENSE:IPFV_PROG;ASPECT:IPFV
Se' e's tër irirla	Se' e's tër irirla	NOCHANGE
Ie' tö i ka̠nè̠wè̠ke	Ie' tö i ka̠nè̠wè̠ke	NOCHANGE
Sa' rö ma̠	Sa' rö ma̠	NOCHANGE
Cbìhùi tö pohtan kö'	Cbìhùi tö pohtan köö́!	MODE:IMP;TENSE:IPFV_REC;ASPECT:IPFV
Ulàmu̠k	Ulàmu̠k	NOCHANGE
Wákne̠	Wákne̠	NOCHANGE
Dheé ùshka'	Dheé ùshkárule	TENSE:PAS_PLU
Ie' tö i ñè̠	Ie' tö i ñè̠	NOCHANGE
Èe' dör rros tó̠ ñè̠	Èe' dör rros tó̠ ñè̠ku̠	MODE:DES;TENSE:IPFV_REC;ASPECT:IPFV
E̠' ie'pa ú̠rke̠ tsiö̀ ù batà e̠' ká̠ kiè e̠' sìkuapa ú̠rke̠	E̠' ie'pa ú̠rke̠ tsiö̀ ù batà e̠' ká̠ kiè e̠' sìkuapa ú̠rke̠	NOCHANGE
I' tkéka̠ma̠le̠ sö i̠a̠ ta̠ bua'ë	I' tkéka̠ma̠le̠ sö i̠a̠ ta̠ bua'ë	NOCHANGE
No kë̀r e's	No kë̀r e's	NOCHANGE
Óhìcki tö po'nak kö'	Kë̀ óhìcki a̠ po'nak kö́r	TYPE:NEG;MODE:POT;TENSE:IPFV_REC;ASPECT:IPFV
Sa' tö klö́m akëwe̠	Sa' tö klö́m akëwe̠	NOCHANGE
A sńkèk̠a'	Kë̀ a sńkèk̠a'ku̠	TYPE:NEG;MODE:DES;TENSE:IPFV_REC;ASPECT:IPFV
Ruà me̠r ëúàl ul ki̠	Ruà bák dapárke ëúàl ul ki̠	TENSE:PRF_REM;ASPECT:PFV;ABSNUM:PL
É̠nu̠k	É̠nu̠k	NOCHANGE
Cien ské̠yök	Cien ské̠yök	NOCHANGE
Ye' tö i kàchèke	Ye' tö i kàchèke	NOCHANGE
Be' tö i i̠ù̠tèke	Be' tö i i̠ù̠tèke	NOCHANGE
Ie' i̠ù̠	Ie' i̠ù̠	NOCHANGE
Chìchi tö po'btak kö'	Kë̀ chìchi tö po'btak köèku̠	TYPE:NEG;TENSE:IPFV_HAB;ASPECT:IPFV
Ie' tö i kàchèke	Ie' tö i kàchèke	NOCHANGE
I chö́	I chö́	NOCHANGE
Brö̀ ì	Brö̀ ì	NOCHANGE
Su̠lì̠ ètöm	Su̠lì̠ ètöm	NOCHANGE
Be' tö i ka̠nè̠wè̠	Be' tö i ka̠nè̠wè̠	NOCHANGE
É̠nu̠k	É̠nu̠k	NOCHANGE
Ye' töà uàrlñyi ëë'	Kë̀ ye' töà uàrlñyi ëe	TYPE:NEG;TENSE:IPFV_REC;ASPECT:IPFV
Chìhùi tö po'tak kö'	Chìhùi kë̀ ku̠'bak po'tak kuö́k	TYPE:NEG;TENSE:PRF_PROG
I i̠ù̠tö́	I i̠ù̠tö́	NOCHANGE
Be' tö i kuátkèke	Be' tö i kuátkèke	NOCHANGE
Be' tö i katèke	Be' tö i katèke	NOCHANGE
Ye' tö i kèke	Ye' tö i kèke	NOCHANGE
' hpa'	' mi̠hpa'	ASPECT:INC
Mò̠sopa ë̀ mí̠yartke campo ikalö́k e' ki̠ ie'pa e̠' da'u̠k	Mò̠sopa ë̀ mí̠yartke campo ikalö́k e' ki̠ ie'pa e̠' da'u̠k	NOCHANGE
Ye' ehka'	Kë̀ ye' ehkaök	TYPE:NEG;TENSE:FUT_POT;ASPECT:IPFV
E' ta̠ ká̠ wé̠ à̠ta̠ e' ki̠ íyi tsikìna̠	E' ta̠ ká̠ wé̠ à̠ta̠ e' ki̠ íyi tsikìna̠	NOCHANGE
Ta̠ bua' i wö̀na̠	Ta̠ bua' i wö̀na̠	NOCHANGE
Kë̀ rö wáñe̠	Kë̀ rö wáñe̠	NOCHANGE
Tsawì èk	Tsawì èk	NOCHANGE
Bétk bétk ë á̠jà̠ e' yë̀na̠	Bétk bétk ë á̠jà̠ e' yë̀na̠	NOCHANGE
Sàl ku̠è̠ tso' i dómi̠ dù kö̀ie ku̠è̠ sö	Sàl ku̠è̠ tso' i dómi̠ dù kö̀ie ku̠è̠ sö	NOCHANGE
Et'j dnhpéa'	Et'j dnhpéó	MODE:POT;TENSE:IPFV_REC;ASPECT:IPFV
Ie' tö i kínè̠ke	Ie' tö i kínè̠ke	NOCHANGE
Be' tsë̀rke	Be' tsë̀rke	NOCHANGE
Ye' tö i shkè̠wè̠	Ye' tö i shkè̠wè̠	NOCHANGE
Ie' tö i yawè	Ie' tö i yawè	NOCHANGE
Ye' s'kpa'	Ye'  kë̀ ku̠s'kpa'	TYPE:NEG
Ma̠ i wìwö apàchikíu̠k	Ma̠ i wìwö apàchikíu̠k	NOCHANGE
Ye'r i su̠wé̠mi̠	Ye'r i su̠wé̠mi̠	NOCHANGE
E'ta̠ pú̠ e' e'ta i̠â̠chki ta̠	E'ta̠ pú̠ e' e'ta i̠â̠chki ta̠	NOCHANGE
Tsó̠li̠	Tsó̠li̠	NOCHANGE
Cháìhi tö po'rñak kö'	Chá kë̀ ku̠'bakìhi tö po'rñak kö'	TYPE:NEG;TENSE:PRF_REM;ASPECT:PFV
Kò̠s be' ki̠ dawás tso'	Kò̠s be' ki̠ dawás tso'	NOCHANGE
Kë̀ ye' wa̠ i sù̠ne̠	Kë̀ ye' wa̠ i sù̠ne̠	NOCHANGE
Bryreu sàka'	Bryreu sàkö̀râ	TENSE:FUT_CER;ASPECT:IPFV
Ie' ttö̀	Ie' ttö̀	NOCHANGE
A̠mù̠baliwak	A̠mù̠baliwak	NOCHANGE
E' ta̠ se' déka̠ i ki̠	E' ta̠ se' déka̠ i ki̠	NOCHANGE
Ka̠nè̠o̠rule wa	Ka̠nè̠o̠rule wa	NOCHANGE
Ye'é' dhwa'	Ye'é' dhwaè	TENSE:IPFV_REC;ASPECT:IPFV
Ma̠ i kuátkök	Ma̠ i kuátkök	NOCHANGE
Ye' e̠' dalë̀na̠i̠a̠pa	Ye' e̠' dalë̀na̠i̠a̠pa	NOCHANGE
Ye' tö kàsir ë'	Kë̀ ye' é̠n a̠ kàsir a'ku̠	TYPE:NEG;MODE:DES;TENSE:IPFV_REC;ASPECT:IPFV
Be' tö i kuèke	Be' tö i kuèke	NOCHANGE
Ye' e̠' yawö̀ke	Ye' e̠' yawö̀ke	NOCHANGE
Sibö̀ i sa̠wé̠ ta̠ ká̠köljtö tsakèke̠watke irir	Sibö̀ i sa̠wé̠ ta̠ ká̠köljtö tsakèke̠watke irir	NOCHANGE
Tabèchka ki̠ e̠' kéka̠ e'ta̠ bétk ie'pa mí̠a̠	Tabèchka ki̠ e̠' kéka̠ e'ta̠ bétk ie'pa mí̠a̠	NOCHANGE
E's sibö̀ i sa̠wé̠ kàl déstsa̠	E's sibö̀ i sa̠wé̠ kàl déstsa̠	NOCHANGE
Be' dör y' t éi'	Be' dör y' t éiè	TENSE:IPFV_REC;ASPECT:IPFV
Kièke̠ balë'këkëpa sa̠mé̠	Kièke̠ balë'këkëpa sa̠mé̠	NOCHANGE
Ie' tö i tè	Ie' tö i tè	NOCHANGE
Ye' dör àros tó̠ ñè̠	Ye'  bákdör àros tó̠ ñè̠	TENSE:PRF_REM;ASPECT:PFV
Entonces be' kë̀ dë'ka̠ ó yë́ria ie	Entonces be' kë̀ dë'ka̠ ó yë́ria ie	NOCHANGE
Ùshikalök	Ùshikalök	NOCHANGE
Skuë̀ kà	Skuë̀ kà	NOCHANGE
Ie' tö i kèke	Ie' tö i kèke	NOCHANGE
Ie' tö i ppè	Ie' tö i ppè	NOCHANGE
Kë̀ sú̠rule be' wa̠	Kë̀ sú̠rule be' wa̠	NOCHANGE
Ye' tö i sa̠wè̠	Ye' tö i sa̠wè̠	NOCHANGE
Be' tö i yulèke	Be' tö i yulèke	NOCHANGE
Be' dör ye' t! bi'	Be' bák dör ye' t! bi'	TENSE:PRF_REM;ASPECT:PFV
Balë' wë́pa mí̠tke e' itö̀ki̠	Balë' wë́pa mí̠tke e' itö̀ki̠	NOCHANGE
A' a̠ ù̠ alir	A' a̠ ù̠ alir	NOCHANGE
Ye' dör àrros tó̠ ñy̠	Ye' dör àrros ta̠wé̠mi̠ ñy̠	TENSE:PRF_REC;ASPECT:INC
Shkö̀k	Shkö̀k	NOCHANGE
Ká̠ i̠â̠i̠â̠ e' ta̠ yö i yawé	Ká̠ i̠â̠i̠â̠ e' ta̠ yö i yawé	NOCHANGE
Be' tö i tsirìwè̠ke	Be' tö i tsirìwè̠ke	NOCHANGE
Tcho̠'dawe sulù pë'!	Tcho̠'dawe sulù pë'!	NOCHANGE
Ká̠ dör iku̠á̠ki̠ iku̠á̠ki̠	Ká̠ dör iku̠á̠ki̠ iku̠á̠ki̠	NOCHANGE
Be' tö i shtèke	Be' tö i shtèke	NOCHANGE
Chìchi tö íots ö'	Chìchi wa̠ íots ua'	MODE:ADVERS
Be' akuö̀	Be' akuö̀	NOCHANGE
E áö bö' ë'stsa̠	E áö kë̀ ku̠ bö' ë'stsa̠	TYPE:NEG
Sa' sawàna̠ ie' yö́k kë̀ sa' ie' tsiríwe̠	Sa' sawàna̠ ie' yö́k kë̀ sa' ie' tsiríwe̠	NOCHANGE
Ye'r i ali'	Ye'r i ali'	NOCHANGE
Kyẃâ' te̠w akòë'rë	Kyẃâ' te̠w akòére	TENSE:PRF_REC
Wè̠s kirë̀rma̠pa icha wé ma̠	Wè̠s kirë̀rma̠pa icha wé ma̠	NOCHANGE
Be' dör yee tsy bi'	Be' dör yee tsy bé	TENSE:PRF_REC
Sàlwak tkër mesa ki̠	Sàlwak tkër mesa ki̠	NOCHANGE
Ye'r i ti̠ó̠	Ye'r i ti̠ó̠	NOCHANGE
Sa' a̠lì̠ne̠ kàlyök a̠	Sa' a̠lì̠ne̠ kàlyök a̠	NOCHANGE
Bd' dör ye' mysí i'	Bd' kë̀ wa̠ ye' mysí írule	TYPE:NEG;TENSE:PAS_PLU
Kutàie irir wak kë̀ ye' i tsiríwe̠	Kutàie irir wak kë̀ ye' i tsiríwe̠	NOCHANGE
Ye' ́hka'	Ye' ́mi̠hka'	ASPECT:INC
Ie' tö i kèke	Ie' tö i kèke	NOCHANGE
Ye'r i sú̠kule	Ye'r i sú̠kule	NOCHANGE
Ie' kalö̀tö̀ke	Ie' kalö̀tö̀ke	NOCHANGE
Ie' akuö̀	Ie' akuö̀	NOCHANGE
Cien pàryök	Cien pàryök	NOCHANGE
Cien tkë́yök	Cien tkë́yök	NOCHANGE
Chìchi tö po'taek kö'	Chìchi tö po'taekmi̠ kö'	ASPECT:INC
Ie' tö i kàchèke	Ie' tö i kàchèke	NOCHANGE
Mì̠ka̠ i̠â̠i̠â̠ ta̠ kë'köldi jkö̀ mi̠k	Mì̠ka̠ i̠â̠i̠â̠ ta̠ kë'köldi jkö̀ mi̠k	NOCHANGE
Ie' shkö̀ke	Ie' shkö̀ke	NOCHANGE
Yë' shka'	Yë' shkö̀	TENSE:IPFV_REC;ASPECT:IPFV
Ma̠ ie' dawè tsikírke̠ se' a̠ sa̠mé̠	Ma̠ ie' dawè tsikírke̠ se' a̠ sa̠mé̠	NOCHANGE
Ye' tö kàsir ìtë'	Ye' é̠n a̠ kàsir ìta'ku̠	MODE:DES;TENSE:IPFV_REC;ASPECT:IPFV
Be' dör ye' tsbí bài'	Be' wa̠ ye' tsbí bàia'	MODE:ADVERS
No ñe̠' be' ichè dalö̀ ie' tso' ie' dalö̀ mí̠k ie' ie'	No ñe̠' be' ichè dalö̀ ie' tso' ie' dalö̀ mí̠k ie' ie'	NOCHANGE
I kí̠ kió ie	I kí̠ kió ie	NOCHANGE
Ta̠ í̠e̠ ie'pa bité̠ a̠ e̠' wö'ikök	Ta̠ í̠e̠ ie'pa bité̠ a̠ e̠' wö'ikök	NOCHANGE
Bo' dör 'eè ásí bi'	Bo' bák dör 'eè ásí bi'	TENSE:PRF_REM;ASPECT:PFV
Ie'pa mí̠a̠ wé̠ alè skà	Ie'pa mí̠a̠ wé̠ alè skà	NOCHANGE
E' ta̠ be' bák i̠a̠ tsítsir wake'	E' ta̠ be' bák i̠a̠ tsítsir wake'	NOCHANGE
Dabòm kúlyök kí̠ su̠lì̠tu	Dabòm kúlyök kí̠ su̠lì̠tu	NOCHANGE
Yì yàmi̠	Yì yàmi̠	NOCHANGE
Ie' tö i batörèke	Ie' tö i batörèke	NOCHANGE
Kë̀ ie'r i wöma̠ú̠k	Kë̀ ie'r i wöma̠ú̠k	NOCHANGE
Chih ̀sdöa'	Chih ̀sdöaö́!	MODE:IMP;TENSE:IPFV_REC;ASPECT:IPFV
Ie' tö i shkè̠wè̠ke	Ie' tö i shkè̠wè̠ke	NOCHANGE
Dabòm ma̠ñá̠yök	Dabòm ma̠ñá̠yök	NOCHANGE
Be' dörè ýeà tsí bi'	Be' dörè ýeà tsí bièrâ	TENSE:FUT_CER;ASPECT:IPFV
Ie'pa mi̠kalè ta̠ ikuö̀ i tö̀ tèke̠	Ie'pa mi̠kalè ta̠ ikuö̀ i tö̀ tèke̠	NOCHANGE
' súñöa'	Kë̀ ' súñöa'ku̠	TYPE:NEG;MODE:DES;TENSE:IPFV_REC;ASPECT:IPFV
Bö́iki	Bö́iki	NOCHANGE
E' rö ñà̠no̠ ta̠ dúla tso'	E' rö ñà̠no̠ ta̠ dúla tso'	NOCHANGE
Yë' shka'	Yë'  kë̀ ku̠shka'	TYPE:NEG
Dabòm ské̠yök kí̠ bö̀t	Dabòm ské̠yök kí̠ bö̀t	NOCHANGE
Ye'r datsi' ta̠wé̠ be' a̠	Ye'r datsi' ta̠wé̠ be' a̠	NOCHANGE
Ká̠ tkë́l	Ká̠ tkë́l	NOCHANGE
Be' kalö̀tö̀ke	Be' kalö̀tö̀ke	NOCHANGE
Ye' ̀lhka'	Ye' ̀lhkaèrâ	TENSE:FUT_CER;ASPECT:IPFV
E' s'dpa'	E' skë̀ ku̠ 'dpö́k	TYPE:NEG;TENSE:IPFV_PROG;ASPECT:IPFV
Akuö̀u̠k	Akuö̀u̠k	NOCHANGE
Yàmi̠pa dë'rö e'tökicha ye' ta̠	Yàmi̠pa dë'rö e'tökicha ye' ta̠	NOCHANGE
Casi dawás e'k	Casi dawás e'k	NOCHANGE
Ye' töá i wámúblë'	Kë̀ ye' töá i wámúblök	TYPE:NEG;TENSE:FUT_POT;ASPECT:IPFV
E̠' yawö́	E̠' yawö́	NOCHANGE
Byreu sàka'	Byreu sàka'	MODE:ADVERS
Ie' ttö̀ke	Ie' ttö̀ke	NOCHANGE
Pulë̀ èk	Pulë̀ èk	NOCHANGE
Të' úó	Të' ujóé	TENSE:PRF_REC
Mó̠köl bular stsë́rke̠wa̠tke	Mó̠köl bular stsë́rke̠wa̠tke	NOCHANGE
Be' ttö̀ke	Be' ttö̀ke	NOCHANGE
I stsö̀	I stsö̀	NOCHANGE
Ye' dör riros tó̠ ñ̠u	Kë̀ ye' dör riros ta̠u̠k ñ̠u	TYPE:NEG;TENSE:FUT_POT;ASPECT:IPFV
Ie' tö i mo̠wè̠	Ie' tö i mo̠wè̠	NOCHANGE
Áe' dör ye' tsí i'	Áe'  kë̀ ku̠'bakdör ye' tsí i'	TYPE:NEG;TENSE:PRF_PROG;ASPECT:PFV
Bí' dörc yrt t!í bi'	Bí' dörc yrt t!í bi'mi̠	ASPECT:INC
Ye' ̠' të'rë	Ye' ̠' të'rë	MODE:ADVERS
Ma̠ e' bikéitsèke̠ sö ká̠ñì̠na̠ ta̠ ì wö́k se' mí̠ke̠ dià e̠' dö́k a̠	Ma̠ e' bikéitsèke̠ sö ká̠ñì̠na̠ ta̠ ì wö́k se' mí̠ke̠ dià e̠' dö́k a̠	NOCHANGE
U̠jú̠! u̠jú̠!	U̠jú̠! u̠jú̠!	NOCHANGE
Ye' tö i èík	Ye' tö imi̠ èík	ASPECT:INC
Buà me̠r kàl ulà ki̠	Buà  bákme̠r kàl ulà ki̠	TENSE:PRF_REM;ASPECT:PFV
Ye' e' tkë'rë	Ye'  kë̀ ku̠e' tkë'rë	TYPE:NEG
Urrì ma̠ñà̠töm	Urrì ma̠ñà̠töm	NOCHANGE
Ma̠ ye' i kiè yàli ñe̠' wíwipala tkë'tër ma̠ ése a̠	Ma̠ ye' i kiè yàli ñe̠' wíwipala tkë'tër ma̠ ése a̠	NOCHANGE
Dabòm ské̠yök	Dabòm ské̠yök	NOCHANGE
Ie' déne̠ i dawö' a̠ i chö́k tö à! dawö'	Ie' déne̠ i dawö' a̠ i chö́k tö à! dawö'	NOCHANGE
Be' e̠' chö̀a̠t	Be' e̠' chö̀a̠t	NOCHANGE
Ye' tö i sa̠wè̠ke	Ye' tö i sa̠wè̠ke	NOCHANGE
Ye' tö i katèke	Ye' tö i katèke	NOCHANGE
Ie' tö i kàchè	Ie' tö i kàchè	NOCHANGE
Ni̠mà̠ ètöm	Ni̠mà̠ ètöm	NOCHANGE
Ce' dör ye' ts bi'	Ce' wa̠ ye' ts bia'	MODE:ADVERS
Ye' dör àrros tó̠ ñèy	Ye' bák dör àrros tó̠ ñèy	TENSE:PRF_REM;ASPECT:PFV
Kë̀ e' ki̠ i ku̠ bua'ie	Kë̀ e' ki̠ i ku̠ bua'ie	NOCHANGE
Be' tö i ttè	Be' tö i ttè	NOCHANGE
Ie' i̠ù̠ke	Ie' i̠ù̠ke	NOCHANGE
Pues e' ta̠ tsikìna̠ ése wè sö e' bakèke̠ sö	Pues e' ta̠ tsikìna̠ ése wè sö e' bakèke̠ sö	NOCHANGE
Ie' kapö̀wa̠	Ie' kapö̀wa̠	NOCHANGE
Ése e̠n	Ése e̠n	NOCHANGE
Tabèla káu̠ se' wö̀a̠ bula'me̠ dià i yër	Tabèla káu̠ se' wö̀a̠ bula'me̠ dià i yër	NOCHANGE
Ta̠ ie' ki̠ ká̠ tawìna̠ ie' dé e' ta̠ ie' ki̠ ká̠ tawìna̠ ta̠	Ta̠ ie' ki̠ ká̠ tawìna̠ ie' dé e' ta̠ ie' ki̠ ká̠ tawìna̠ ta̠	NOCHANGE
E' wa̠ kò̠s se' tso'se̠r í̠e̠ e' mí̠ke̠ tsé̠r	E' wa̠ kò̠s se' tso'se̠r í̠e̠ e' mí̠ke̠ tsé̠r	NOCHANGE
Ye' tö i mo̠wè̠	Ye' tö i mo̠wè̠	NOCHANGE
' úpía'	' úp kë̀ ku̠'bakía'	TYPE:NEG;TENSE:PRF_PROG;ASPECT:PFV
Awá dakarò ta̠	Awá dakarò ta̠	NOCHANGE
Ajá! ö̀kö téka̠ne̠ i̠a̠ ta̠	Ajá! ö̀kö téka̠ne̠ i̠a̠ ta̠	NOCHANGE
Ie' shkö̀	Ie' shkö̀	NOCHANGE
Óyce a'	Óyce kë̀ ku̠ a'	TYPE:NEG
Wì̠ke e' kö́ a̠	Wì̠ke e' kö́ a̠	NOCHANGE
Ye' âsuha'	Ye' bák âsuha'	TENSE:PRF_REM;ASPECT:PFV
Ye' dör àrröös èó̠ ñè̠	Ye' kë̀ ku̠'bak dör àrröös èó̠ ñè̠	TYPE:NEG;TENSE:PRF_REM;ASPECT:PFV
Yy' tö kàji të'	Kë̀ yy' tö kàji tö̀pë	TYPE:NEG;TENSE:FUT_CER;ASPECT:IPFV
E' chö̀tke se' é̠n a̠	E' chö̀tke se' é̠n a̠	NOCHANGE
Balë'këkëpa i apàke tö	Balë'këkëpa i apàke tö	NOCHANGE
E'ta̠ ie'pa icha dör bùlikalök	E'ta̠ ie'pa icha dör bùlikalök	NOCHANGE
Íyök a̠ i balèke̠wa̠	Íyök a̠ i balèke̠wa̠	NOCHANGE
'a ́ìâpaa'	'a  báḱìâpaa'	TENSE:PRF_REM;ASPECT:PFV
E' ukö̀ki̠ ie'pa rö wé̠ ië'ka̠mi̠ ajkö́ a̠	E' ukö̀ki̠ ie'pa rö wé̠ ië'ka̠mi̠ ajkö́ a̠	NOCHANGE
Alà r i kalö̀io charéo̠	Alà r i kalö̀io charéo̠	NOCHANGE
Be' tö i tsirìwè̠	Be' tö i tsirìwè̠	NOCHANGE
E' töla ìla aë̀ ijtsèmi̠la	E' töla ìla aë̀ ijtsèmi̠la	NOCHANGE
Ká̠ i̠â̠i̠â̠ e'r kë̀ ye' wa̠ e' sù̠ne̠i̠a̠	Ká̠ i̠â̠i̠â̠ e'r kë̀ ye' wa̠ e' sù̠ne̠i̠a̠	NOCHANGE
Chìhùi tö pohtan kö'	Chìhùi tö pohtan kuèke̠	TENSE:IPFV_HAB;ASPECT:IPFV
E's sa' i̠a̠ kë̀ na̠i̠'chka a̠mè̠ne̠a̠t katè	E's sa' i̠a̠ kë̀ na̠i̠'chka a̠mè̠ne̠a̠t katè	NOCHANGE
Ye' tö i shtè	Ye' tö i shtè	NOCHANGE
A yë́!	A yë́!	NOCHANGE
Á' áe'mújú thë'áë	Á'  bákáe'mújú thë'áë	TENSE:PRF_REM;ASPECT:PFV
I ka̠nè̠ú̠	I ka̠nè̠ú̠	NOCHANGE
Be' dör ye' ètthí i'	Be' tso ye' ètthí iö́k	TENSE:IPFV_PROG;ASPECT:IPFV
E' ë̀ yulèke̠ne̠	E' ë̀ yulèke̠ne̠	NOCHANGE
Ì kë̀ be' wa̠ bö'wö sù̠ne̠ se' bö'wöala	Ì kë̀ be' wa̠ bö'wö sù̠ne̠ se' bö'wöala	NOCHANGE
Dìwö dé ma̠ñà̠t ta̠ ie' dawówa̠	Dìwö dé ma̠ñà̠t ta̠ ie' dawówa̠	NOCHANGE
Ye' kutà be' diö́köl mu̠é̠ka̠ ako̠' â̠mi̠k	Ye' kutà be' diö́köl mu̠é̠ka̠ ako̠' â̠mi̠k	NOCHANGE
Ba inú̠	Ba inú̠	NOCHANGE
Bua' i yö̀na̠ e' ta̠ i̠nì̠na̠ se' a̠	Bua' i yö̀na̠ e' ta̠ i̠nì̠na̠ se' a̠	NOCHANGE
Ese' ichè irir	Ese' ichè irir	NOCHANGE
Buàmbuáala	Buàmbuáala	NOCHANGE
Chmchi tö pla'l ö'	Chmchi wa̠ pla'l ö́rule	TENSE:PAS_PLU
Bm' dör y' tsí böi'	Kë̀ bm' dör y' tsí böièku̠	TYPE:NEG;TENSE:IPFV_HAB;ASPECT:IPFV
Ùe' tö àstiay të'	Kë̀ ùe' tö àstiay tëök	TYPE:NEG;TENSE:FUT_POT;ASPECT:IPFV
Ie' é̠r	Ie' é̠r	NOCHANGE
Ujarrás e̠ ká̠ dör ákshalë ie	Ujarrás e̠ ká̠ dör ákshalë ie	NOCHANGE
Ye' dör òrr's tó̠ ñè̠	Ye' bák òrr's ta̠ú̠k ñè̠	TENSE:PRF_PROG
I̠nì̠ne̠	I̠nì̠ne̠	NOCHANGE
Ye' ehka'	Ye' ehkó	MODE:POT;TENSE:IPFV_REC;ASPECT:IPFV
Wé̠ wa̠ tsiru' kalö̀ tso' e' ta̠ e' wa̠	Wé̠ wa̠ tsiru' kalö̀ tso' e' ta̠ e' wa̠	NOCHANGE
Íshchi tö !bokatk kö'	Íshchi tö !bokatk köèke̠	TENSE:IPFV_HAB;ASPECT:IPFV
Be' tö i tèke	Be' tö i tèke	NOCHANGE
Be' tö i yawè	Be' tö i yawè	NOCHANGE
Ie'pa kalötö	Ie'pa kalötö	NOCHANGE
E' ë̀ kèke̠ka̠	E' ë̀ kèke̠ka̠	NOCHANGE
Caìchi tö po'tak kö'	Caì bákchi tö po'tak kö'	TENSE:PRF_REM;ASPECT:PFV
!'sỳ'w sesrya'	Kë̀ !'sỳ'w sesryaèpa	TYPE:NEG;TENSE:FUT_CER;ASPECT:IPFV
Ye' tö kùsir të'	Kë̀ ye' tö kùsir tëök	TYPE:NEG;TENSE:FUT_POT;ASPECT:IPFV
Bd' dör ye' mysí i'	Bd' kë̀ wa̠ ye' mysruleí i'	TYPE:NEG;TENSE:PAS_PLU
' sóhka'	' skë̀ óhkárule	TYPE:NEG;TENSE:PAS_PLU
E' mé̠a̠t sibö̀ dör se' a̠	E' mé̠a̠t sibö̀ dör se' a̠	NOCHANGE
Ö ikuö̀wö iö́köl ie	Ö ikuö̀wö iö́köl ie	NOCHANGE
Alà tö ali'i a̠'	Alà tö ali'i é̠	TENSE:PRF_REC
Se' dalö̀ièke̠	Se' dalö̀ièke̠	NOCHANGE
Se' yàmi̠pa tso' shkà̠ta̠ne̠	Se' yàmi̠pa tso' shkà̠ta̠ne̠	NOCHANGE
Be' shkö̀ke	Be' shkö̀ke	NOCHANGE
Ye' dör àbro tó̠ ñè̠	Ye' a̠ àbro tó̠r ñè̠	MODE:POT;TENSE:IPFV_REC;ASPECT:IPFV
Ka̠nè̠balök	Ka̠nè̠balök	NOCHANGE
Y'' dör ààrs tó̠ ñy̠	Y'' kë̀ ku̠'bak dör ààrs tó̠ ñy̠	TYPE:NEG;TENSE:PRF_REM;ASPECT:PFV
Ie' tö i kièke	Ie' tö i kièke	NOCHANGE
Ye' tö i ichàkèke	Ye' tö i ichàkèke	NOCHANGE
Ye' ki̠ kiàna̠ i sa̠ú̠k	Ye' ki̠ kiàna̠ i sa̠ú̠k	NOCHANGE
Ye' a̠ i su̠r	Ye' a̠ i su̠r	NOCHANGE
Sibö̀ yë́	Sibö̀ yë́	NOCHANGE
Ie' tö i i̠ù̠tè	Ie' tö i i̠ù̠tè	NOCHANGE
Dalö̀ ie wa̠ ie balë'kë́këpa dör	Dalö̀ ie wa̠ ie balë'kë́këpa dör	NOCHANGE
' ìâpaa'	' ìâpaárule	TENSE:PAS_PLU
E' ë̀ ppèke̠ ie'pa ye' i kiè	E' ë̀ ppèke̠ ie'pa ye' i kiè	NOCHANGE
Shkàne̠	Shkàne̠	NOCHANGE
Be' tö i ñè̠ke	Be' tö i ñè̠ke	NOCHANGE
Jà' tö kâir 'tàë'	Kë̀ jà' tö kâir 'tàö̀pë	TYPE:NEG;TENSE:FUT_CER;ASPECT:IPFV
Pero kë̀ e' rë wè̠s	Pero kë̀ e' rë wè̠s	NOCHANGE
Di' ulà	Di' ulà	NOCHANGE
Ye' dör àrroí átó̠ ñè̠	Ye' dör àrroí átó̠mi̠ ñè̠	ASPECT:INC
E' ta̠ e' wö̀ni̠è̠ke̠	E' ta̠ e' wö̀ni̠è̠ke̠	NOCHANGE
Ye'r i ali'	Ye'r i ali'	NOCHANGE
E̠' sa̠wé̠ ie' rö tö ikuö̀wö të'r e'töm íyök ki̠ ta̠ ie' tkë́rka̠ se' nú̠ batà ki̠	E̠' sa̠wé̠ ie' rö tö ikuö̀wö të'r e'töm íyök ki̠ ta̠ ie' tkë́rka̠ se' nú̠ batà ki̠	NOCHANGE
É̠ma̠ éjkë sö i chè	É̠ma̠ éjkë sö i chè	NOCHANGE
I wë̀na̠ i yë́pa ta̠ balë'kë́këpa ta̠	I wë̀na̠ i yë́pa ta̠ balë'kë́këpa ta̠	NOCHANGE
Kàlbali ajké̠	Kàlbali ajké̠	NOCHANGE
Ye' tö i akuö̀wè̠ke	Ye' tö i akuö̀wè̠ke	NOCHANGE
I yulö́	I yulö́	NOCHANGE
Ye' tö i sa̠wè̠ke	Ye' tö i sa̠wè̠ke	NOCHANGE
Ye'r i sa̠wé̠	Ye'r i sa̠wé̠	NOCHANGE
I' se' e̠' tkó i'	I' se' e̠' tkó i'	NOCHANGE
Es' i' ke	Es' i' ke	NOCHANGE
Be' dör yh' tsí bi'	Be' dör yh' tsími̠ bi'	ASPECT:INC
Ye' dörp rinros tó̠ ñ̠u	Ye' dörp rinros tó̠ ñ̠uku̠	MODE:DES;TENSE:IPFV_REC;ASPECT:IPFV
Ye' tö i yawèke	Ye' tö i yawèke	NOCHANGE
I'ta̠ ie'pa kë̀ dë'ne̠	I'ta̠ ie'pa kë̀ dë'ne̠	NOCHANGE
Ie' tö i yèke	Ie' tö i yèke	NOCHANGE
Kirë̀rma̠ kirë̀rma̠la	Kirë̀rma̠ kirë̀rma̠la	NOCHANGE
I̠à̠na̠ ta̠ e' e' tsikìna̠ ta̠ í̠e̠ í̠e̠ awá irir óköm e' rö i ka̠nè̠u̠k i kapèbalök	I̠à̠na̠ ta̠ e' e' tsikìna̠ ta̠ í̠e̠ í̠e̠ awá irir óköm e' rö i ka̠nè̠u̠k i kapèbalök	NOCHANGE
Be' tö i sa̠wè̠ke	Be' tö i sa̠wè̠ke	NOCHANGE
Be' dör ye' tksí bái'	Be'  bákdör ye' tksí bái'	TENSE:PRF_REM;ASPECT:PFV
E' ukö̀ki̠ ta̠ ie'pa rö tö	E' ukö̀ki̠ ta̠ ie'pa rö tö	NOCHANGE
Tsiö̀ ù batà	Tsiö̀ ù batà	NOCHANGE
Ie' tö i kímè̠	Ie' tö i kímè̠	NOCHANGE
Kë̀ i rë éjkë	Kë̀ i rë éjkë	NOCHANGE
Ie' tö i tsèke	Ie' tö i tsèke	NOCHANGE
Cha̠mù̠ tkë́lyuwak	Cha̠mù̠ tkë́lyuwak	NOCHANGE
Ye' tö kài̠ ë'	Ye' tö kài̠ ëèke̠	TENSE:IPFV_HAB;ASPECT:IPFV
Ye' i sa̠wè̠ ye' yàmi̠pa ie'	Ye' i sa̠wè̠ ye' yàmi̠pa ie'	NOCHANGE
Ie' tö i ttèke	Ie' tö i ttèke	NOCHANGE
Ùña̠k i kalö̀ bua'ë!	Ùña̠k i kalö̀ bua'ë!	NOCHANGE
I katö́	I katö́	NOCHANGE
E' ppèke̠rak irir	E' ppèke̠rak irir	NOCHANGE
Cien éyök	Cien éyök	NOCHANGE
Ká̠ tö́k tabè wa	Ká̠ tö́k tabè wa	NOCHANGE
Ie' è̠rke	Ie' è̠rke	NOCHANGE
E̠' yawö́	E̠' yawö́	NOCHANGE
Kalö̀ ki̠ ie'pa ú̠rke̠ shtö' ma̠ ñe̠'	Kalö̀ ki̠ ie'pa ú̠rke̠ shtö' ma̠ ñe̠'	NOCHANGE
Dù ñe̠'	Dù ñe̠'	NOCHANGE
Chìchi tö 'ak kö'	Chìchi tö 'ak köè	TENSE:IPFV_REC;ASPECT:IPFV
Ydeu e̠ky' tuk̠ë'rë	Ydeu e̠ky' tuk̠ö̀rö	TENSE:IPFV_REC;ASPECT:IPFV
Chìchr tö po'tak kö'	Chìpachr tö po'tak kö'	PERSON:3_PL
' úñöa'	' úñöémi̠	TENSE:PRF_REC;ASPECT:INC
I yö́ söla i yö́ söla	I yö́ söla i yö́ söla	NOCHANGE
Àkbalö́kna̠me̠ dör aláköl ajkö̀mo̠' tsà̠mo̠ wa	Àkbalö́kna̠me̠ dör aláköl ajkö̀mo̠' tsà̠mo̠ wa	NOCHANGE
Ye' ashka'	Ye' ashkéma̠	TENSE:PRF_REC;ASPECT:INC
Tkë́tökicha	Tkë́tökicha	NOCHANGE
!h́chi tö 'tàk kö'	Kë̀ !h́chi tö 'tàk kö'ku̠	TYPE:NEG;MODE:DES;TENSE:IPFV_REC;ASPECT:IPFV
E'r e'r se' kapówa̠ie e'r	E'r e'r se' kapówa̠ie e'r	NOCHANGE
Ye' kutà dör i ajkönè̠mi̠	Ye' kutà dör i ajkönè̠mi̠	NOCHANGE
Bè dör ye'á isp bi'	Bè kë̀ ku̠'bak ye'á isp biö́k	TYPE:NEG;TENSE:PRF_PROG
Ye' tö i tèke	Ye' tö i tèke	NOCHANGE
'e' dörë àrros óé ñè̠	'e' dörë àrros a̠wéé ñè̠	TENSE:PRF_REC
Mu̠lù̠tak	Mu̠lù̠tak	NOCHANGE
Ye' dör àrros tùóë ñn̠	Ye' dör àrros tùa̠wéë ñn̠	TENSE:PRF_REC
Kë̀ be' dör saco ajkö̀ma̠u̠k!	Kë̀ be' dör saco ajkö̀ma̠u̠k!	NOCHANGE
Àlim icha dör	Àlim icha dör	NOCHANGE
Ta̠ bua' i wö̀na̠	Ta̠ bua' i wö̀na̠	NOCHANGE
Yñ' tö eékàsirr 'èë'	Kë̀ yñ' tö eékàsirr 'èëèpa	TYPE:NEG;TENSE:FUT_CER;ASPECT:IPFV
Sa' kalötö̀mi̠	Sa' kalötö̀mi̠	NOCHANGE
Tsó̠li tsó̠li̠	Tsó̠li tsó̠li̠	NOCHANGE
Chìchi tö wbotak kö'	Chìchi tö wbotak köè	TENSE:IPFV_REC;ASPECT:IPFV
Ie' ka̠nè̠balö̀ke	Ie' ka̠nè̠balö̀ke	NOCHANGE
E' ta̠ i wà ma̠ tsikírmi̠ i ki̠	E' ta̠ i wà ma̠ tsikírmi̠ i ki̠	NOCHANGE
Ie' icha yö' ké̠we mu̠lù̠sik wa	Ie' icha yö' ké̠we mu̠lù̠sik wa	NOCHANGE
Chìchi tö po'ùh̠ kö'	Chìc kë̀ ku̠'bakhi tö po'ùh̠ kö'	TYPE:NEG;TENSE:PRF_PROG;ASPECT:PFV
Í' ska'	Í' ské	TENSE:PRF_REC
Wé̠alè é! be' dë́rule ka̠ñí̠k a̠ e' apàkö́ ña̠	Wé̠alè é! be' dë́rule ka̠ñí̠k a̠ e' apàkö́ ña̠	NOCHANGE
Kali'wè̠ dàne̠ sö sku' wa	Kali'wè̠ dàne̠ sö sku' wa	NOCHANGE
Ie'pa kapötulur	Ie'pa kapötulur	NOCHANGE
E' dör i kiàna̠ bàka má̠ péitök bulu'pa i̠a̠ e' ku̠é̠ki̠	E' dör i kiàna̠ bàka má̠ péitök bulu'pa i̠a̠ e' ku̠é̠ki̠	NOCHANGE
Ie'r ó be' a̠ ta̠	Ie'r ó be' a̠ ta̠	NOCHANGE
Chkàieël	Chkàieël	NOCHANGE
Ká̠jtè ò̠mi̠k	Ká̠jtè ò̠mi̠k	NOCHANGE
Ye' tö i ñè̠ke	Ye' tö i ñè̠ke	NOCHANGE
E' ë̀ ti̠è̠ke̠ka̠mi̠ mà̠sopa tsá̠li̠ ta̠ dó kéu̠n	E' ë̀ ti̠è̠ke̠ka̠mi̠ mà̠sopa tsá̠li̠ ta̠ dó kéu̠n	NOCHANGE
Ye' tö i wèke	Ye' tö i wèke	NOCHANGE
Òöñâeó' kbahka'	Kë̀ òöñâeó' kbahkök	TYPE:NEG;TENSE:FUT_POT;ASPECT:IPFV
Ie' tö i shkè̠wè̠ke	Ie' tö i shkè̠wè̠ke	NOCHANGE
Ké̠kra wake' e' bitséitsèke	Ké̠kra wake' e' bitséitsèke	NOCHANGE
E' ta̠ wâke' kë̀ se' bák a̠ e' ëka̠	E' ta̠ wâke' kë̀ se' bák a̠ e' ëka̠	NOCHANGE
Ie' è̠rke	Ie' è̠rke	NOCHANGE
E̠' rö ma̠ ie' wa̠ ie' wa̠ chìchi dë́ka̠ tkër	E̠' rö ma̠ ie' wa̠ ie' wa̠ chìchi dë́ka̠ tkër	NOCHANGE
Pereira	Pereira	NOCHANGE
Ñé̠ ta̠ wè̠s balë'këkëpa i wé̠	Ñé̠ ta̠ wè̠s balë'këkëpa i wé̠	NOCHANGE
Kë̀ dé tkëne̠ ë̀me̠	Kë̀ dé tkëne̠ ë̀me̠	NOCHANGE
Be' dör èy̠e' tsí úìbdi'	Be' dör èy̠e' tsí úìbdiö́!	MODE:IMP;TENSE:IPFV_REC;ASPECT:IPFV
Òöñâeó' kbahka'	Òöñâ kë̀ ku̠eó' kbahka'	TYPE:NEG
Ie' tö i alè	Ie' tö i alè	NOCHANGE
Be' dör y!ó' tìsí bi'	Be' kë̀ ku̠'bak dör y!ó' tìsí bi'	TYPE:NEG;TENSE:PRF_REM;ASPECT:PFV
Kë̀ be' ichè e' ta̠ ie' se' skétsa̠ a̠	Kë̀ be' ichè e' ta̠ ie' se' skétsa̠ a̠	NOCHANGE
Be' tö i ka̠nè̠wè̠ke	Be' tö i ka̠nè̠wè̠ke	NOCHANGE
Tsítsi	Tsítsi	NOCHANGE
Ie' tö i ttèke	Ie' tö i ttèke	NOCHANGE
Ye' ósuha'	Ye' ókë̀ ku̠'bak suhö́k	TYPE:NEG;TENSE:PRF_PROG
Kë̀ be'r i ichàkök!	Kë̀ be'r i ichàkök!	NOCHANGE
Í̠ma̠ be' kiè	Í̠ma̠ be' kiè	NOCHANGE
Be' tö i kínè̠	Be' tö i kínè̠	NOCHANGE
Kuátkök	Kuátkök	NOCHANGE
Wé̠ wa̠ tsiru' tso' e' mà̠so ie ka̠nè̠balök ie	Wé̠ wa̠ tsiru' tso' e' mà̠so ie ka̠nè̠balök ie	NOCHANGE
Yeú tö kùir të'	Yeú tö kùir të'mi̠	ASPECT:INC
Sa' wákpa é̠n a̠ sa' ujtè i̠à̠ne̠	Sa' wákpa é̠n a̠ sa' ujtè i̠à̠ne̠	NOCHANGE
Be' dör yeb sí bi'	Kë̀ be' é̠n a̠ yeb sí bia'ku̠	TYPE:NEG;MODE:DES;TENSE:IPFV_REC;ASPECT:IPFV
Akë́këpa awápa kéli tso'	Akë́këpa awápa kéli tso'	NOCHANGE
Bo' dör ye ássí bi'	Kë̀ bo' a̠ ye ássí bír	TYPE:NEG;MODE:POT;TENSE:IPFV_REC;ASPECT:IPFV
Shtö̀k	Shtö̀k	NOCHANGE
E' tsu'ku ajkö̀ awí̠she̠t	E' tsu'ku ajkö̀ awí̠she̠t	NOCHANGE
Bua' ë yö bua' yö i ka̠nè̠we̠ bité̠ e'ta yö	Bua' ë yö bua' yö i ka̠nè̠we̠ bité̠ e'ta yö	NOCHANGE
E' ku̠é̠ki̠ balë'këkëpa kë̀ i kukè kiö̀ ki̠	E' ku̠é̠ki̠ balë'këkëpa kë̀ i kukè kiö̀ ki̠	NOCHANGE
Ye'r i bulâo̠	Ye'r i bulâo̠	NOCHANGE
Pà mâ̠tk wö́kir mâ̠tk	Pà mâ̠tk wö́kir mâ̠tk	NOCHANGE
A̠wí̠ e̠' ie'pa chkö̀ alö̀ke̠ a̠wí̠ e̠'	A̠wí̠ e̠' ie'pa chkö̀ alö̀ke̠ a̠wí̠ e̠'	NOCHANGE
Ye' tö ckàsi ë'	Ye' kë̀ wa̠ ckàsa̠iè̠n ë	TYPE:NEG;TENSE:PRF_REC
Be' tsë̀r	Be' tsë̀r	NOCHANGE
Yeú tö kùir të'	Yeú tö kùir tè	TENSE:IPFV_REC;ASPECT:IPFV
Caì́âi töà po'ik éö'	Caì kë̀ ku̠'baḱâi töà po'ik éö'	TYPE:NEG;TENSE:PRF_REM;ASPECT:PFV
Kyẃâ' te̠w akòë'rë	Kyẃ kë̀ ku̠'bakâ' te̠w akòë'rë	TYPE:NEG;TENSE:PRF_PROG;ASPECT:PFV
Chih ̀sdöa'	Kë̀ chih ̀sdöaök	TYPE:NEG;TENSE:FUT_POT;ASPECT:IPFV
Be' dörc yn'à cí yi'	Kë̀ be' dörc yn'à cí yie	TYPE:NEG;TENSE:IPFV_REC;ASPECT:IPFV
Ye' stsö̀ke̠	Ye' stsö̀ke̠	NOCHANGE
Ta̠ ma̠ bétk ma̠ tö̀ ma̠ tö̀	Ta̠ ma̠ bétk ma̠ tö̀ ma̠ tö̀	NOCHANGE
Ttö̀ pó̠li̠	Ttö̀ pó̠li̠	NOCHANGE
Uyë̀jkuö à̠ritsök	Uyë̀jkuö à̠ritsök	NOCHANGE
Ye' dör ààrs tó̠ ñè̠	Ye' kë̀ ku̠ ààrs ta̠ú̠k ñè̠	TYPE:NEG;TENSE:IPFV_PROG;ASPECT:IPFV
Yé' tö àsir të'	Yé' kë̀ ku̠ àsir tö́k	TYPE:NEG;TENSE:IPFV_PROG;ASPECT:IPFV
Si̠o̠' bö̀t	Si̠o̠' bö̀t	NOCHANGE
Ali' kuábale	Ali' kuábale	NOCHANGE
Bikli' arki̠ cha e' apë' chkè ar	Bikli' arki̠ cha e' apë' chkè ar	NOCHANGE
Kapö̀kwa̠	Kapö̀kwa̠	NOCHANGE
Se'r i kièmi̠	Se'r i kièmi̠	NOCHANGE
Y' śka'	Y' śkéma̠	TENSE:PRF_REC;ASPECT:INC
Ye' tö kàsr ìtë'	Ye' kë̀ wa̠ kàsr ìtë́rule	TYPE:NEG;TENSE:PAS_PLU
Kë̀ íyi wàta̠wè̠	Kë̀ íyi wàta̠wè̠	NOCHANGE
Ie' tö i chèke	Ie' tö i chèke	NOCHANGE
Be' tö i wámbalè	Be' tö i wámbalè	NOCHANGE
Ye' tù̠rke	Ye' tù̠rke	NOCHANGE
Wë́m dur stsúñök	Kë̀ wë́m dur stsúñökku̠	TYPE:NEG;MODE:DES;TENSE:IPFV_REC;ASPECT:IPFV
Ye' kë̀ ki̠ akáale kiar	Ye' kë̀ ki̠ akáale kiar	NOCHANGE
Na̠mù̠	Na̠mù̠	NOCHANGE
E' tso' e̠'rö	E' tso' e̠'rö	NOCHANGE
Ukö̀ki̠ be' rö a̠wí̠ apà biéstsa̠ be' rö shkít a̠wì̠	Ukö̀ki̠ be' rö a̠wí̠ apà biéstsa̠ be' rö shkít a̠wì̠	NOCHANGE
Ys' tö kàsir ttë'	Ys' kë̀ wa̠ kàsir ttë̀ne̠	TYPE:NEG;TENSE:PRF_REC
Be' tö i chè	Be' tö i chè	NOCHANGE
!ye' sñesya'	Kë̀ !ye' sñesyuak	TYPE:NEG;TENSE:FUT_POT;ASPECT:IPFV
Kë̀ sö e' ichà e' ta̠ se' bua'nai̠a̠	Kë̀ sö e' ichà e' ta̠ se' bua'nai̠a̠	NOCHANGE
Ie' kalö̀tö̀ke	Ie' kalö̀tö̀ke	NOCHANGE
E̠' ie'pa balë'kë́këpa ká̠ pàkö̀ke̠	E̠' ie'pa balë'kë́këpa ká̠ pàkö̀ke̠	NOCHANGE
Trini a̠	Trini a̠	NOCHANGE
E̠' yawö́	E̠' yawö́	NOCHANGE
Ye' tö k̠íàò́ñb të'	Kë̀ ye' tö k̠íàò́ñb të'ku̠	TYPE:NEG;MODE:DES;TENSE:IPFV_REC;ASPECT:IPFV
Ie' tö i ttè	Ie' tö i ttè	NOCHANGE
I kiö́	I kiö́	NOCHANGE
Wë́pa kúl	Wë́pa kúl	NOCHANGE
Akuö̀k	Akuö̀k	NOCHANGE
' úèöa'	' úè kë̀ ku̠'baköa'	TYPE:NEG;TENSE:PRF_PROG;ASPECT:PFV
Ye' dör ârs tó̠ ùb̠	Kë̀ ye' dör ârs tó̠ ùb̠ku̠	TYPE:NEG;MODE:DES;TENSE:IPFV_REC;ASPECT:IPFV
P'' j' jtë'dë	P'' j' jtë'dëku̠	MODE:DES;TENSE:IPFV_REC;ASPECT:IPFV
Yòböe' hkt́̀a'	Yòböe' hkt́̀éma̠	TENSE:PRF_REC;ASPECT:INC
Yw' töe klàir të'	Yw' kë̀ wa̠e klàir të̀ne̠	TYPE:NEG
Be' dör èy̠e' tosí ìbi'	Kë̀ be' dör èy̠e' tosí ìbièku̠	TYPE:NEG;TENSE:IPFV_HAB;ASPECT:IPFV
E's ie' e's ie' se' ujtèke̠wa̠	E's ie' e's ie' se' ujtèke̠wa̠	NOCHANGE
I kí̠ kióne̠ ië́tökicha	I kí̠ kióne̠ ië́tökicha	NOCHANGE
Ské̠l ése se' dör se' wö̀ni̠è̠ke̠ i ki̠	Ské̠l ése se' dör se' wö̀ni̠è̠ke̠ i ki̠	NOCHANGE
Ie' sè̠rke	Ie' sè̠rke	NOCHANGE
Má̠la tsú̠k ka̠ñí̠k a̠ ña̠ itö̀ki̠ ña̠	Má̠la tsú̠k ka̠ñí̠k a̠ ña̠ itö̀ki̠ ña̠	NOCHANGE
Ye' dör ràrdo tó̠ ñè̠	Ye' dör ràrdo ta̠wè̠ ñè̠	TENSE:IPFV_REC;ASPECT:IPFV
Caìcâi töà po'tak kö'	Caìcâi töà po'tak kuèrâ	TENSE:FUT_CER;ASPECT:IPFV
Y̠e' sha'	Kë̀ y̠e' shö̀ku̠	TYPE:NEG;TENSE:IPFV_HAB;ASPECT:IPFV
Wé̠ balë'këkëpa e' se' wö̀ikèke̠ ta̠ se' bua'na̠	Wé̠ balë'këkëpa e' se' wö̀ikèke̠ ta̠ se' bua'na̠	NOCHANGE
Ye' tö kàöcsir̠e yë'	Ye' é̠n a̠ kàöcsir̠e ya'ku̠	MODE:DES;TENSE:IPFV_REC;ASPECT:IPFV
Sulàyöm ká̠ kiè e' dör sulàyibi dë́ka̠	Sulàyöm ká̠ kiè e' dör sulàyibi dë́ka̠	NOCHANGE
Be' tö i kuátkèke	Be' tö i kuátkèke	NOCHANGE
Ie' tö i kímè̠ke	Ie' tö i kímè̠ke	NOCHANGE
Be' mí̠ dé tké dià e' ta̠ kèrwa ñe̠' ki̠ wa wö́k ta̠ e' stsè stsèke̠ bö	Be' mí̠ dé tké dià e' ta̠ kèrwa ñe̠' ki̠ wa wö́k ta̠ e' stsè stsèke̠ bö	NOCHANGE
Tsiru'wö	Tsiru'wö	NOCHANGE
Be'r bë́ma̠le̠k!	Be'r bë́ma̠le̠k!	NOCHANGE
Ie' ka̠nè̠balö̀	Ie' ka̠nè̠balö̀	NOCHANGE
' shka'	' shkö̀râ	TENSE:FUT_CER;ASPECT:IPFV
I̠nì̠r	I̠nì̠r	NOCHANGE
Be' na̠ù̠	Be' na̠ù̠	NOCHANGE
Be' tö i ttèke	Be' tö i ttèke	NOCHANGE
Ye' tö ösir të'	Ye' kë̀ wa̠ ösir të́rule	TYPE:NEG;TENSE:PAS_PLU
Dabòm èyök	Dabòm èyök	NOCHANGE
Ie' e̠' chö̀kea̠t	Ie' e̠' chö̀kea̠t	NOCHANGE
Ye' kó̠pàkö̀ke	Ye' kó̠pàkö̀ke	NOCHANGE
Chìchi tö po'taks kö'	Kë̀ chìchi tö po'taks köèku̠	TYPE:NEG;TENSE:IPFV_HAB;ASPECT:IPFV
Óhìcki tö poínak kö'	Óhìcki kë̀ wa̠ poínak kö́rule	TYPE:NEG;TENSE:PAS_PLU
Ahora kë̀ ì à̠te̠ne̠ i éjkë ta̠	Ahora kë̀ ì à̠te̠ne̠ i éjkë ta̠	NOCHANGE
Be' tö i tkèke	Be' tö i tkèke	NOCHANGE
Pues éjkë ye' be' kí̠me̠ dé	Pues éjkë ye' be' kí̠me̠ dé	NOCHANGE
Í̠e̠ ye' kù̠ne̠	Í̠e̠ ye' kù̠ne̠	NOCHANGE
U̠jú̠! u̠jú̠!	U̠jú̠! u̠jú̠!	NOCHANGE
Be' tö i tèke	Be' tö i tèke	NOCHANGE
Chìchi tö p'byâëk ö'	Chìchi a̠ p'byâëk ö́r	MODE:POT;TENSE:IPFV_REC;ASPECT:IPFV
Be' tö i tkè	Be' tö i tkè	NOCHANGE
U̠jú̠!	U̠jú̠!	NOCHANGE
A̠wì̠ ák wé mé̠rka̠ e' kiè alòwe	A̠wì̠ ák wé mé̠rka̠ e' kiè alòwe	NOCHANGE
Ye' tö i tsè	Ye' tö i tsè	NOCHANGE
Inú̠köl ë̀ ku̠é̠ki̠	Inú̠köl ë̀ ku̠é̠ki̠	NOCHANGE
Ye' kó̠pàkö̀ke	Ye' kó̠pàkö̀ke	NOCHANGE
Ie' i yulé	Ie' i yulé	NOCHANGE
Bueno í̠e̠ se' rè e'ta̠ í̠e̠ sa' yulár wö̀ke̠	Bueno í̠e̠ se' rè e'ta̠ í̠e̠ sa' yulár wö̀ke̠	NOCHANGE
Wé̠ be' sé̠rke̠	Wé̠ be' sé̠rke̠	NOCHANGE
Ye' tö kníàsòrb të'	Ye' kë̀ wa̠ kníàsòrba̠ è̠ntë	TYPE:NEG;TENSE:PRF_REC
Se' akáwìña̠k dalë́rke̠ e' kapè yéke̠ kapö́li wa	Se' akáwìña̠k dalë́rke̠ e' kapè yéke̠ kapö́li wa	NOCHANGE
Ie' kó̠pàkö̀	Ie' kó̠pàkö̀	NOCHANGE
Chìchi tö p'btak kö'	Kë̀ chìchi é̠n a̠ p'btak kua'ku̠	TYPE:NEG;MODE:DES;TENSE:IPFV_REC;ASPECT:IPFV
I ujtèwa̠ e's bitséitsèke̠ dör ká̠ pàköl	I ujtèwa̠ e's bitséitsèke̠ dör ká̠ pàköl	NOCHANGE
Ie' kapötkër	Ie' kapötkër	NOCHANGE
Eeì ù̠̀yáka'	Eeì ù̠̀yákaèke̠	TENSE:IPFV_HAB;ASPECT:IPFV
Chìchi tö w̠p'tak kö'	Kë̀ chìchi tö w̠p'tak kö'ku̠	TYPE:NEG;MODE:DES;TENSE:IPFV_REC;ASPECT:IPFV
́â' âhla'	́â' âhlö̀ke̠	TENSE:IPFV_HAB;ASPECT:IPFV
I klö̀u̠wa̠ ie' wa̠ ma̠lí̠s	I klö̀u̠wa̠ ie' wa̠ ma̠lí̠s	NOCHANGE
Ñe̠' yö i ché ye' ma̠nè̠ta̠	Ñe̠' yö i ché ye' ma̠nè̠ta̠	NOCHANGE
I' dör sìtla i̠a̠	I' dör sìtla i̠a̠	NOCHANGE
Beò dör el'd tsí whi'	Beò  kë̀ ku̠dör el'd tsí whi'	TYPE:NEG
E' ta̠ be' ú̠rke̠ i kuá tkö́k ta̠ be' mí̠a̠ e'köla	E' ta̠ be' ú̠rke̠ i kuá tkö́k ta̠ be' mí̠a̠ e'köla	NOCHANGE
È' tö oàsir të'	Kë̀ è' tö oàsir tëèku̠	TYPE:NEG;TENSE:IPFV_HAB;ASPECT:IPFV
Ki̠ kiàna̠ tö be'	Ki̠ kiàna̠ tö be'	NOCHANGE
' òía'	Kë̀ ' òíö	TYPE:NEG;TENSE:IPFV_REC;ASPECT:IPFV
Chìchi tö 'ak kâö'	Kë̀ chìchi tö 'ak kâöök	TYPE:NEG;TENSE:FUT_POT;ASPECT:IPFV
Ie' tö i kèke	Ie' tö i kèke	NOCHANGE
Alákölpa e'	Alákölpa e'	NOCHANGE
Alà kë̀ ku̠' i̠ú̠k	Alà kë̀ ku̠' i̠ú̠k	NOCHANGE
Ie' dúna̠	Ie' dawö̀na̠mi̠	TENSE:FUT_POT;ASPECT:IPFV
Ye' kapö̀kewa̠	Ye' kapö̀kewa̠	NOCHANGE
Óycie' sa'	Kë̀ óycie' saèku̠	TYPE:NEG;TENSE:IPFV_HAB;ASPECT:IPFV
Wé̠ i ujtèwa̠ uka' e' ta̠ ie'pa i yík ñeé̠ e'ta̠ ì e ie'pa i yík ñé̠e	Wé̠ i ujtèwa̠ uka' e' ta̠ ie'pa i yík ñeé̠ e'ta̠ ì e ie'pa i yík ñé̠e	NOCHANGE
Wé̠ kë̀ wa̠ i ujche̠n dà a̠ e' ta̠ wake' se' ichè awá tsítsirpa ö	Wé̠ kë̀ wa̠ i ujche̠n dà a̠ e' ta̠ wake' se' ichè awá tsítsirpa ö	NOCHANGE
I alö́	I alö́	NOCHANGE
Ichàkök	Ichàkök	NOCHANGE
Ie' inù̠ke	Ie' inù̠ke	NOCHANGE
Ie' tö i chèke	Ie' tö i chèke	NOCHANGE
Ye' tö i ymbaë'	Ye'  kë̀ ku̠tö i ymbaë'	TYPE:NEG
Ye' tsö̀	Ye' tsö̀	NOCHANGE
Y 'âtö i! ík	Y 'â kë̀ ku̠'baktö i! ík	TYPE:NEG;TENSE:PRF_PROG;ASPECT:PFV
Ety' ska'	Ety'kë̀ ku̠  skö́k	TYPE:NEG;TENSE:IPFV_PROG;ASPECT:IPFV
Ie' tö i tkèke	Ie' tö i tkèke	NOCHANGE
Y̠eì' sëa'	Y̠eì' sëö̀	TENSE:IPFV_REC;ASPECT:IPFV
Ye' ká̠ko	Ye' ká̠ko	NOCHANGE
Ie' e̠' chö̀kea̠t	Ie' e̠' chö̀kea̠t	NOCHANGE
Kiè ë́ltë e̠na̠ tté shtáwo̠k	Kiè ë́ltë e̠na̠ tté shtáwo̠k	NOCHANGE
Ie' i sa̠wè̠	Ie' i sa̠wè̠	NOCHANGE
E'ta̠ kàlkö ñé̠ wa yö e' aléka̠ yö dìba a̠ e' wa yö e' a̠ yö í̠e̠ ié ié	E'ta̠ kàlkö ñé̠ wa yö e' aléka̠ yö dìba a̠ e' wa yö e' a̠ yö í̠e̠ ié ié	NOCHANGE
Se' yèkewa se' yèwa se' yèkewa irir ta̠	Se' yèkewa se' yèwa se' yèkewa irir ta̠	NOCHANGE
È̠ni̠a̠ na̠ñé̠we kipö̀ yö̀na̠	È̠ni̠a̠ na̠ñé̠we kipö̀ yö̀na̠	NOCHANGE
Ie' tö i yulèke	Ie' tö i yulèke	NOCHANGE
Sa' i ajkà mé̠ka̠ kë'köldi	Sa' i ajkà mé̠ka̠ kë'köldi	NOCHANGE
I!' tö bö' yë'stsa̠	I!'pa tö bö' yë'stsa̠	PERSON:3_PL
Ye' tö kàöcsir̠ ë'	Ye' tö kàöcsir̠ è	TENSE:IPFV_REC;ASPECT:IPFV
Ie' datsi' a̠mé̠ se' yë́ a̠ ta̠ ie' e̠' iéka̠ i kipö̀ a̠	Ie' datsi' a̠mé̠ se' yë́ a̠ ta̠ ie' e̠' iéka̠ i kipö̀ a̠	NOCHANGE
Ie' tù̠rke	Ie' tù̠rke	NOCHANGE
Y'òe' suka'	Y'òe' suka'mi̠	ASPECT:INC
Ña̠ ñá̠	Ña̠ ñá̠	NOCHANGE
Ye' tö i ñè̠	Ye' tö i ñè̠	NOCHANGE
Tsirìu̠k	Tsirìu̠k	NOCHANGE
