E' ta̠ be' ú̠rke̠ i kuá tkö́k ta̠ be' mí̠a̠ e'köla	E' ta̠ be' ú̠rke̠ i kuá tkö́k ta̠ be' mí̠a̠ e'köla	NOCHANGE
E' ë̀ ppèke̠ ie'pa ye' i kiè	E' ë̀ ppèke̠ ie'pa ye' i kiè	NOCHANGE
E'köl se' ië'ka̠mi̠	E'köl se' ië'ka̠mi̠	NOCHANGE
Se' e's tër irirla	Se' e's tër irirla	NOCHANGE
Ie' ttö̀	Ie' ttö̀	NOCHANGE
Kë̀ ye' shkö̀pa	Kë̀ ye' shkö̀pa	NOCHANGE
U̠jú̠! u̠jú̠!	U̠jú̠! u̠jú̠!	NOCHANGE
Kë̀ sú̠rule be' wa̠	Kë̀ sú̠rule be' wa̠	NOCHANGE
Í̠e̠ ye' kù̠ne̠	Í̠e̠ ye' kù̠ne̠	NOCHANGE
Ye' inù̠ke	Ye' inù̠ke	NOCHANGE
Shkàne̠	Shkàne̠	NOCHANGE
Ie' tö i kèke	Ie' tö i kèke	NOCHANGE
Ye'r i ali'	Ye'r i ali'	NOCHANGE
Ye' tö i balë	Ye' tö i balë	NOCHANGE
Na̠mù̠	Na̠mù̠	NOCHANGE
E' ta̠ i wà ma̠ tsikírmi̠ i ki̠	E' ta̠ i wà ma̠ tsikírmi̠ i ki̠	NOCHANGE
Pues e' ta̠ tsikìna̠ ése wè sö e' bakèke̠ sö	Pues e' ta̠ tsikìna̠ ése wè sö e' bakèke̠ sö	NOCHANGE
Cien su̠lì̠túyök	Cien su̠lì̠túyök	NOCHANGE
Ye' e̠' chö̀a̠t	Ye' e̠' chö̀a̠t	NOCHANGE
Ie' i sa̠wè̠	Ie' i sa̠wè̠	NOCHANGE
Be' bák i skö́k	Be' bák i skö́k	NOCHANGE
Be' tso i skö́k	Be' tso i skö́k	NOCHANGE
Skuë̀ kà	Skuë̀ kà	NOCHANGE
I sír	I sír	NOCHANGE
E' dör i kiàna̠ bàka má̠ péitök bulu'pa i̠a̠ e' ku̠é̠ki̠	E' dör i kiàna̠ bàka má̠ péitök bulu'pa i̠a̠ e' ku̠é̠ki̠	NOCHANGE
Ie' icha yö' ké̠we mu̠lù̠sik wa	Ie' icha yö' ké̠we mu̠lù̠sik wa	NOCHANGE
Ye' bák kàsir tö́k	Ye' bák kàsir tö́k	NOCHANGE
Ie' tö i ttèke	Ie' tö i ttèke	NOCHANGE
Ie' tö i tkèke	Ie' tö i tkèke	NOCHANGE
Ma̠ e' bikéitsèke̠ sö ká̠ñì̠na̠ ta̠ ì wö́k se' mí̠ke̠ dià e̠' dö́k a̠	Ma̠ e' bikéitsèke̠ sö ká̠ñì̠na̠ ta̠ ì wö́k se' mí̠ke̠ dià e̠' dö́k a̠	NOCHANGE
Kë̀ ye' wa̠ i yö̀ne̠	Kë̀ ye' wa̠ i yö̀ne̠	NOCHANGE
Ña̠ ñá̠	Ña̠ ñá̠	NOCHANGE
Ye'r i ti̠ó̠	Ye'r i ti̠ó̠	NOCHANGE
Ie' tö i kuè	Ie' tö i kuè	NOCHANGE
Be' shkö̀ke	Be' shkö̀ke	NOCHANGE
Ie' tö i chèke	Ie' tö i chèke	NOCHANGE
E' ta̠ wâke' kë̀ se' bák a̠ e' ëka̠	E' ta̠ wâke' kë̀ se' bák a̠ e' ëka̠	NOCHANGE
Tsiru'wö	Tsiru'wö	NOCHANGE
Ta̠ ie' ki̠ ká̠ tawìna̠ ie' dé e' ta̠ ie' ki̠ ká̠ tawìna̠ ta̠	Ta̠ ie' ki̠ ká̠ tawìna̠ ie' dé e' ta̠ ie' ki̠ ká̠ tawìna̠ ta̠	NOCHANGE
Shkàrmi̠	Shkàrmi̠	NOCHANGE
E̠' yawö́	E̠' yawö́	NOCHANGE
Yi ya'	Yi ya'	NOCHANGE
Buàmbuáala	Buàmbuáala	NOCHANGE
Kë̀ ye' a̠ àrros tó̠r ñè̠	Kë̀ ye' a̠ àrros tó̠r ñè̠	NOCHANGE
Alà tö ali' ñé̠	Alà tö ali' ñé̠	NOCHANGE
Pà mâ̠tk wö́kir mâ̠tk	Pà mâ̠tk wö́kir mâ̠tk	NOCHANGE
Kë̀ ie' a̠ sabák yör	Kë̀ ie' a̠ sabák yör	NOCHANGE
Dabòm ma̠ñá̠yök	Dabòm ma̠ñá̠yök	NOCHANGE
U̠jú̠! u̠jú̠!	U̠jú̠! u̠jú̠!	NOCHANGE
Ù̠ ki̠ ì ki̠ kapö̀râ i̠e̠'	Ù̠ ki̠ ì ki̠ kapö̀râ i̠e̠'	NOCHANGE
I yulö́	I yulö́	NOCHANGE
Ie' dawówa̠	Ie' dawówa̠	NOCHANGE
Ye'r i ali'	Ye'r i ali'	NOCHANGE
Kutàie irir wak kë̀ ye' i tsiríwe̠	Kutàie irir wak kë̀ ye' i tsiríwe̠	NOCHANGE
Ye' kë̀ ku̠ shkö́k	Ye' kë̀ ku̠ shkö́k	NOCHANGE
Po'tak kö̀rke̠	Po'tak kö̀rke̠	NOCHANGE
Tsu'ku ki̠ i tso' bua'ie e̠na̠ u̠lé̠	Tsu'ku ki̠ i tso' bua'ie e̠na̠ u̠lé̠	NOCHANGE
A' e̠' tkö̀rö	A' e̠' tkö̀rö	NOCHANGE
Awá dakarò ta̠	Awá dakarò ta̠	NOCHANGE
Se' alákölpa tso' bua'ie	Se' alákölpa tso' bua'ie	NOCHANGE
Be' kë̀ ku̠'bak ye' tsí biö́k	Be' kë̀ ku̠'bak ye' tsí biö́k	NOCHANGE
Ditséwö	Ditséwö	NOCHANGE
Ni̠mà̠ ètöm	Ni̠mà̠ ètöm	NOCHANGE
Sa' bák i skö́k	Sa' bák i skö́k	NOCHANGE
Ye' kë̀ wa̠ kàsir të̀ne̠	Ye' kë̀ wa̠ kàsir të̀ne̠	NOCHANGE
Ye' dör àrros ta̠wè̠râ ñè̠	Ye' dör àrros ta̠wè̠râ ñè̠	NOCHANGE
Ñé̠ ta̠ wè̠s balë'këkëpa i wé̠	Ñé̠ ta̠ wè̠s balë'këkëpa i wé̠	NOCHANGE
Ye' e̠' tkë'rë	Ye' e̠' tkë'rë	NOCHANGE
Bö̀tökicha	Bö̀tökicha	NOCHANGE
Ye' kë̀ ku̠'bak àrros ta̠ú̠k ñè̠	Ye' kë̀ ku̠'bak àrros ta̠ú̠k ñè̠	NOCHANGE
Ye' wa̠ sawë́ chka katárule	Ye' wa̠ sawë́ chka katárule	NOCHANGE
Tsirìu̠k	Tsirìu̠k	NOCHANGE
Ye' shkö̀	Ye' shkö̀	NOCHANGE
Se' shkö̀	Se' shkö̀	NOCHANGE
Ie' tö i kàchèke	Ie' tö i kàchèke	NOCHANGE
Buà bák dapárke kàl ulà ki̠	Buà bák dapárke kàl ulà ki̠	NOCHANGE
Be' tö i yawèke	Be' tö i yawèke	NOCHANGE
Be' tö i tkèke	Be' tö i tkèke	NOCHANGE
Bueno í̠e̠ se' rè e'ta̠ í̠e̠ sa' yulár wö̀ke̠	Bueno í̠e̠ se' rè e'ta̠ í̠e̠ sa' yulár wö̀ke̠	NOCHANGE
Ye' tö i̠ ña̠'wa	Ye' tö i̠ ña̠'wa	NOCHANGE
I' se' e̠' tkó i'	I' se' e̠' tkó i'	NOCHANGE
À̠s kë̀ à̠s kë̀ si̠wa̠' i pö̀u̠	À̠s kë̀ à̠s kë̀ si̠wa̠' i pö̀u̠	NOCHANGE
Be' tsë̀rke	Be' tsë̀rke	NOCHANGE
Ukö̀ki̠ be' rö a̠wí̠ apà biéstsa̠ be' rö shkít a̠wì̠	Ukö̀ki̠ be' rö a̠wí̠ apà biéstsa̠ be' rö shkít a̠wì̠	NOCHANGE
Ie' sè̠rke	Ie' sè̠rke	NOCHANGE
Be' kë̀ wa̠ ye' tsí bìne̠	Be' kë̀ wa̠ ye' tsí bìne̠	NOCHANGE
Ie' dawö̀wa̠mi̠	Ie' dawö̀wa̠mi̠	NOCHANGE
Ye' tö i yulè	Ye' tö i yulè	NOCHANGE
Ie' tö i kièke	Ie' tö i kièke	NOCHANGE
Ye' tö ù sú̠	Ye' tö ù sú̠	NOCHANGE
Kë̀ àrros ta̠wè̠pa ñè̠	Kë̀ àrros ta̠wè̠pa ñè̠	NOCHANGE
Ì se' shù̠ wö̀teke̠wa̠ ñe̠'	Ì se' shù̠ wö̀teke̠wa̠ ñe̠'	NOCHANGE
Ie' tsë̀rke	Ie' tsë̀rke	NOCHANGE
Kë̀ be' dör saco ajkö̀ma̠u̠k!	Kë̀ be' dör saco ajkö̀ma̠u̠k!	NOCHANGE
Sulàyöm ká̠ kiè e' dör sulàyibi dë́ka̠	Sulàyöm ká̠ kiè e' dör sulàyibi dë́ka̠	NOCHANGE
Ö ikuö̀wö iö́köl ie	Ö ikuö̀wö iö́köl ie	NOCHANGE
Ùña̠k i kalö̀ bua'ë!	Ùña̠k i kalö̀ bua'ë!	NOCHANGE
Ie' i̠ù̠	Ie' i̠ù̠	NOCHANGE
I i̠ù̠tö́	I i̠ù̠tö́	NOCHANGE
Ì kë̀ be' wa̠ bö'wö sù̠ne̠ se' bö'wöala	Ì kë̀ be' wa̠ bö'wö sù̠ne̠ se' bö'wöala	NOCHANGE
Ye' tso' dawèie	Ye' tso' dawèie	NOCHANGE
Ie' tö bö' yë'ulur	Ie' tö bö' yë'ulur	NOCHANGE
Kë̀ be' dör ye' tsí biök	Kë̀ be' dör ye' tsí biök	NOCHANGE
Ka̠nè̠balök	Ka̠nè̠balök	NOCHANGE
Dabòm ma̠ñà̠yök kí̠ kúl	Dabòm ma̠ñà̠yök kí̠ kúl	NOCHANGE
Ie' tö bö' yë'stsa̠	Ie' tö bö' yë'stsa̠	NOCHANGE
Su̠lì̠ ètöm	Su̠lì̠ ètöm	NOCHANGE
Àrros tò̠ne̠ ñè̠	Àrros tò̠ne̠ ñè̠	NOCHANGE
Be' tö i shkè̠wè̠	Be' tö i shkè̠wè̠	NOCHANGE
Urrì ma̠ñà̠töm	Urrì ma̠ñà̠töm	NOCHANGE
Ye' shka'mi̠	Ye' shka'mi̠	NOCHANGE
Be' tö i tèke	Be' tö i tèke	NOCHANGE
Ye' ki̠ dawás tso' dieciocho	Ye' ki̠ dawás tso' dieciocho	NOCHANGE
Ie'pa tö bö' yë'stsa̠	Ie'pa tö bö' yë'stsa̠	NOCHANGE
Sa' e̠' tkö̀rö	Sa' e̠' tkö̀rö	NOCHANGE
Chìchi tö Po'tak kuèmi̠	Chìchi tö Po'tak kuèmi̠	NOCHANGE
Kàsir të̀r	Kàsir të̀r	NOCHANGE
Chìchi tö Po'tak kö'	Chìchi tö Po'tak kö'	NOCHANGE
Se' shù̠ dalë́rke̠ wa̠	Se' shù̠ dalë́rke̠ wa̠	NOCHANGE
Kë̀ kàsir të̀ne̠	Kë̀ kàsir të̀ne̠	NOCHANGE
Ye' tö i mo̠wè̠	Ye' tö i mo̠wè̠	NOCHANGE
Kë̀ kàsir tök	Kë̀ kàsir tök	NOCHANGE
Kë̀ rö wáñe̠	Kë̀ rö wáñe̠	NOCHANGE
Ye' tö kàsir tè	Ye' tö kàsir tè	NOCHANGE
Be' kalö̀tö̀ke	Be' kalö̀tö̀ke	NOCHANGE
Yàmi̠pa dë'rö e'tökicha ye' ta̠	Yàmi̠pa dë'rö e'tökicha ye' ta̠	NOCHANGE
Chìchi kë̀ ku̠'bak Po'tak kuö́k	Chìchi kë̀ ku̠'bak Po'tak kuö́k	NOCHANGE
Tsiö̀ ù batà	Tsiö̀ ù batà	NOCHANGE
Ká̠ i̠â̠i̠â̠ e' ta̠ yö i yawé	Ká̠ i̠â̠i̠â̠ e' ta̠ yö i yawé	NOCHANGE
Kàsir tö̀ sö	Kàsir tö̀ sö	NOCHANGE
Chìchi kë̀ ku̠ Po'tak kuö́k	Chìchi kë̀ ku̠ Po'tak kuö́k	NOCHANGE
Ye' tö i sík	Ye' tö i sík	NOCHANGE
Kë̀ ye' shkàne̠	Kë̀ ye' shkàne̠	NOCHANGE
Ye' tsö̀	Ye' tsö̀	NOCHANGE
Alákölpa e'	Alákölpa e'	NOCHANGE
Ukö̀ki̠ ta̠ mì̠ka̠ ye' dé bùsi	Ukö̀ki̠ ta̠ mì̠ka̠ ye' dé bùsi	NOCHANGE
Be' e̠' tkére	Be' e̠' tkére	NOCHANGE
Chìchi ètöm	Chìchi ètöm	NOCHANGE
E̠' sa̠wé̠ ie' rö tö ikuö̀wö të'r e'töm íyök ki̠ ta̠ ie' tkë́rka̠ se' nú̠ batà ki̠	E̠' sa̠wé̠ ie' rö tö ikuö̀wö të'r e'töm íyök ki̠ ta̠ ie' tkë́rka̠ se' nú̠ batà ki̠	NOCHANGE
Wé̠ i ujtèwa̠ uka' e' ta̠ ie'pa i yík ñeé̠ e'ta̠ ì e ie'pa i yík ñé̠e	Wé̠ i ujtèwa̠ uka' e' ta̠ ie'pa i yík ñeé̠ e'ta̠ ì e ie'pa i yík ñé̠e	NOCHANGE
Ie' tö i ttè	Ie' tö i ttè	NOCHANGE
Ie'pa tö bö' yë'ulur	Ie'pa tö bö' yë'ulur	NOCHANGE
Be' ká̠	Be' ká̠	NOCHANGE
Kë̀ kàsir të̀rpa	Kë̀ kàsir të̀rpa	NOCHANGE
Po'tak kuö̀ sö	Po'tak kuö̀ sö	NOCHANGE
I' tkéka̠ma̠le̠ sö i̠a̠ ta̠ bua'ë	I' tkéka̠ma̠le̠ sö i̠a̠ ta̠ bua'ë	NOCHANGE
Kë̀ ye' tsí biar	Kë̀ ye' tsí biar	NOCHANGE
Be' tö i wámbalè	Be' tö i wámbalè	NOCHANGE
Kë̀ chìchi tö Po'tak kuèpa	Kë̀ chìchi tö Po'tak kuèpa	NOCHANGE
Kë̀ ye' é̠n a̠ kàsir ta'ku̠	Kë̀ ye' é̠n a̠ kàsir ta'ku̠	NOCHANGE
Mì̠kalè ta̠ i chówa	Mì̠kalè ta̠ i chówa	NOCHANGE
Ye' kë̀ wa̠ i kía̠mè̠ne̠	Ye' kë̀ wa̠ i kía̠mè̠ne̠	NOCHANGE
Kë̀ dé tkëne̠ ë̀me̠	Kë̀ dé tkëne̠ ë̀me̠	NOCHANGE
Se' bák i skö́k	Se' bák i skö́k	NOCHANGE
Ie' tö bö' yéstsa̠	Ie' tö bö' yéstsa̠	NOCHANGE
Cien ské̠yök	Cien ské̠yök	NOCHANGE
Ye' kutà dör i ajkönè̠mi̠	Ye' kutà dör i ajkönè̠mi̠	NOCHANGE
Ie' tö i kàchè	Ie' tö i kàchè	NOCHANGE
Be' tö i kímè̠ke	Be' tö i kímè̠ke	NOCHANGE
E's ie' e's ie' se' ujtèke̠wa̠	E's ie' e's ie' se' ujtèke̠wa̠	NOCHANGE
Se' akáwìña̠k dalë́rke̠ e' kapè yéke̠ kapö́li wa	Se' akáwìña̠k dalë́rke̠ e' kapè yéke̠ kapö́li wa	NOCHANGE
Ie'pa kë̀ ku̠ i skö́k	Ie'pa kë̀ ku̠ i skö́k	NOCHANGE
Ichàkök	Ichàkök	NOCHANGE
Ie' ttö̀ke	Ie' ttö̀ke	NOCHANGE
Kë̀ ie' dawö̀pawa̠	Kë̀ ie' dawö̀pawa̠	NOCHANGE
Kë̀ ye' shkök	Kë̀ ye' shkök	NOCHANGE
Po'tak kuö́	Po'tak kuö́	NOCHANGE
Se' kë̀ ku̠ i skö́k	Se' kë̀ ku̠ i skö́k	NOCHANGE
Sa' e̠' tkére	Sa' e̠' tkére	NOCHANGE
Chìchi wa̠ Po'tak kua'	Chìchi wa̠ Po'tak kua'	NOCHANGE
Ye' tö i shkè̠wè̠	Ye' tö i shkè̠wè̠	NOCHANGE
È̠ni̠a̠ na̠ñé̠we kipö̀ yö̀na̠	È̠ni̠a̠ na̠ñé̠we kipö̀ yö̀na̠	NOCHANGE
Kë̀ ye' tö kàsir tök	Kë̀ ye' tö kàsir tök	NOCHANGE
Kë̀ ye' tsí bìnu̠k	Kë̀ ye' tsí bìnu̠k	NOCHANGE
Kë̀ Po'tak kuwar	Kë̀ Po'tak kuwar	NOCHANGE
Entonces se' ë́ e' kéu̠mi̠ e' ta̠ kë̀ i dë́i̠a̠	Entonces se' ë́ e' kéu̠mi̠ e' ta̠ kë̀ i dë́i̠a̠	NOCHANGE
Ie' kë̀ ku̠ dawö́kwa̠	Ie' kë̀ ku̠ dawö́kwa̠	NOCHANGE
Ie' kë̀ ku̠ i skö́k	Ie' kë̀ ku̠ i skö́k	NOCHANGE
Ye' tö i sa̠wè̠ke	Ye' tö i sa̠wè̠ke	NOCHANGE
Akuö̀k	Akuö̀k	NOCHANGE
Buà kë̀ ku̠'bak me̠r kàl ulà ki̠	Buà kë̀ ku̠'bak me̠r kàl ulà ki̠	NOCHANGE
Má̠la tsú̠k ka̠ñí̠k a̠ ña̠ itö̀ki̠ ña̠	Má̠la tsú̠k ka̠ñí̠k a̠ ña̠ itö̀ki̠ ña̠	NOCHANGE
Chìchi é̠n a̠ Po'tak kua'ku̠	Chìchi é̠n a̠ Po'tak kua'ku̠	NOCHANGE
Se' yèkewa se' yèwa se' yèkewa irir ta̠	Se' yèkewa se' yèwa se' yèkewa irir ta̠	NOCHANGE
Ie' tö i kímè̠ke	Ie' tö i kímè̠ke	NOCHANGE
Chìchi tö Po'tak kué	Chìchi tö Po'tak kué	NOCHANGE
Yì yàmi̠	Yì yàmi̠	NOCHANGE
Ie' tö i à̠ritsèke	Ie' tö i à̠ritsèke	NOCHANGE
Chkàieël	Chkàieël	NOCHANGE
Ye' tö i ichàkèke	Ye' tö i ichàkèke	NOCHANGE
Chìchi kë̀ wa̠ Po'tak kö̀ne̠	Chìchi kë̀ wa̠ Po'tak kö̀ne̠	NOCHANGE
Be' tsë̀r	Be' tsë̀r	NOCHANGE
Ie' kapötkër	Ie' kapötkër	NOCHANGE
Ie' tsö̀ bua'ë	Ie' tsö̀ bua'ë	NOCHANGE
E's sa' i̠a̠ kë̀ na̠i̠'chka a̠mè̠ne̠a̠t katè	E's sa' i̠a̠ kë̀ na̠i̠'chka a̠mè̠ne̠a̠t katè	NOCHANGE
Ye' tö i kíme̠'	Ye' tö i kíme̠'	NOCHANGE
Mí̠shka kalö̀tök!	Mí̠shka kalö̀tök!	NOCHANGE
Ye' dör àrros tó̠mi̠ ñè̠	Ye' dör àrros tó̠mi̠ ñè̠	NOCHANGE
Ie' kë̀ ku̠'bak i skö́k	Ie' kë̀ ku̠'bak i skö́k	NOCHANGE
Sa' út	Sa' út	NOCHANGE
Pereira	Pereira	NOCHANGE
Buà bák me̠r kàl ulà ki̠	Buà bák me̠r kàl ulà ki̠	NOCHANGE
Pú̠ ñe̠' ù a̠	Pú̠ ñe̠' ù a̠	NOCHANGE
Ie' tö i kímè̠	Ie' tö i kímè̠	NOCHANGE
E'ta̠ ie'pa icha dör bùlikalök	E'ta̠ ie'pa icha dör bùlikalök	NOCHANGE
Balo' dawà ö̀köie	Balo' dawà ö̀köie	NOCHANGE
E'ta̠ i yö̀na̠tke bua' e'ta̠ yö i wàtu̠è̠ke̠	E'ta̠ i yö̀na̠tke bua' e'ta̠ yö i wàtu̠è̠ke̠	NOCHANGE
E' ta̠ ká̠ wé̠ à̠ta̠ e' ki̠ íyi tsikìna̠	E' ta̠ ká̠ wé̠ à̠ta̠ e' ki̠ íyi tsikìna̠	NOCHANGE
Ye' shkö̀mi̠	Ye' shkö̀mi̠	NOCHANGE
Ahora kë̀ ì à̠te̠ne̠ i éjkë ta̠	Ahora kë̀ ì à̠te̠ne̠ i éjkë ta̠	NOCHANGE
Tsó̠li̠	Tsó̠li̠	NOCHANGE
Ye' ujtö̀	Ye' ujtö̀	NOCHANGE
Kàlbali ajké̠	Kàlbali ajké̠	NOCHANGE
Àrros ta̠ú̠ ñè̠	Àrros ta̠ú̠ ñè̠	NOCHANGE
Kë̀ íyi wàta̠wè̠	Kë̀ íyi wàta̠wè̠	NOCHANGE
Ká̠ e'tk ë̀	Ká̠ e'tk ë̀	NOCHANGE
Ie' kapö̀wa̠	Ie' kapö̀wa̠	NOCHANGE
Kapö̀kwa̠	Kapö̀kwa̠	NOCHANGE
Be' tö i tèke	Be' tö i tèke	NOCHANGE
Shkàna̠	Shkàna̠	NOCHANGE
Ye' tö i kimè̠	Ye' tö i kimè̠	NOCHANGE
Ye' tö i kínè̠ke	Ye' tö i kínè̠ke	NOCHANGE
Ie' tso i skö́k	Ie' tso i skö́k	NOCHANGE
Ie' tö i chèke	Ie' tö i chèke	NOCHANGE
Ye'r datsi' ta̠wé̠ be' a̠	Ye'r datsi' ta̠wé̠ be' a̠	NOCHANGE
Bua' i yö̀na̠ e' ta̠ i̠nì̠na̠ se' a̠	Bua' i yö̀na̠ e' ta̠ i̠nì̠na̠ se' a̠	NOCHANGE
Ye' dör àrros ta̠wé̠ ñè̠	Ye' dör àrros ta̠wé̠ ñè̠	NOCHANGE
Ie' kë̀ ku'bak dawö́kwa̠	Ie' kë̀ ku'bak dawö́kwa̠	NOCHANGE
Be' tso ye' tsí biö́k	Be' tso ye' tsí biö́k	NOCHANGE
Be' tö i ppè	Be' tö i ppè	NOCHANGE
Be' dör ye' tsí bièke̠	Be' dör ye' tsí bièke̠	NOCHANGE
Po'tak kö̀r	Po'tak kö̀r	NOCHANGE
Ta̠ bua' i wö̀na̠	Ta̠ bua' i wö̀na̠	NOCHANGE
Brö̀ ì	Brö̀ ì	NOCHANGE
Si̠o̠' bö̀t	Si̠o̠' bö̀t	NOCHANGE
Be' shkö́	Be' shkö́	NOCHANGE
Ie' bák i skö́k	Ie' bák i skö́k	NOCHANGE
Akë́këpa awápa kéli tso'	Akë́këpa awápa kéli tso'	NOCHANGE
Ye' tso i skö́k	Ye' tso i skö́k	NOCHANGE
Ie' ka̠nè̠balö̀	Ie' ka̠nè̠balö̀	NOCHANGE
Tsítsi	Tsítsi	NOCHANGE
Ye' tö i kàchèke	Ye' tö i kàchèke	NOCHANGE
Ie' tö i kínè̠ke	Ie' tö i kínè̠ke	NOCHANGE
Ye' kë̀ wa̠ kàsir të́rule	Ye' kë̀ wa̠ kàsir të́rule	NOCHANGE
Cien pàryök	Cien pàryök	NOCHANGE
Kë̀ Po'tak kör	Kë̀ Po'tak kör	NOCHANGE
Ye' kë̀ ku̠'bak kàsir tö́k	Ye' kë̀ ku̠'bak kàsir tö́k	NOCHANGE
Dabòm ské̠yök	Dabòm ské̠yök	NOCHANGE
Be' a̠ ye' tsí bír	Be' a̠ ye' tsí bír	NOCHANGE
Buà dapárke kàl ulà ki̠	Buà dapárke kàl ulà ki̠	NOCHANGE
Kë̀ ye' shkö̀ku̠	Kë̀ ye' shkö̀ku̠	NOCHANGE
Ie'pa e̠' tkére	Ie'pa e̠' tkére	NOCHANGE
Be' é̠n a̠ ye' tsí bia'ku̠	Be' é̠n a̠ ye' tsí bia'ku̠	NOCHANGE
E's ie i wà dör	E's ie i wà dör	NOCHANGE
Ye' tso àrros ta̠ú̠k ñè̠	Ye' tso àrros ta̠ú̠k ñè̠	NOCHANGE
Tkë́tökicha	Tkë́tökicha	NOCHANGE
Ta̠ ma̠ bétk ma̠ tö̀ ma̠ tö̀	Ta̠ ma̠ bétk ma̠ tö̀ ma̠ tö̀	NOCHANGE
Ye' tso ujtö́k	Ye' tso ujtö́k	NOCHANGE
Ie' i yulé	Ie' i yulé	NOCHANGE
Ie' tö i shkè̠wè̠ke	Ie' tö i shkè̠wè̠ke	NOCHANGE
Ù ské̠l	Ù ské̠l	NOCHANGE
Kë̀ Po'tak kuök	Kë̀ Po'tak kuök	NOCHANGE
Sa' kalötö̀mi̠	Sa' kalötö̀mi̠	NOCHANGE
Se'r i kièmi̠	Se'r i kièmi̠	NOCHANGE
Kë̀ chìchi é̠n a̠ Po'tak kua'ku̠	Kë̀ chìchi é̠n a̠ Po'tak kua'ku̠	NOCHANGE
Be' e̠' tkö̀rö	Be' e̠' tkö̀rö	NOCHANGE
Kali'wè̠ dàne̠ sö sku' wa	Kali'wè̠ dàne̠ sö sku' wa	NOCHANGE
Sa' sa' a̠ i tsë́r bua' kiè kë'köldi	Sa' sa' a̠ i tsë́r bua' kiè kë'köldi	NOCHANGE
Kë̀ àrros tò̠nu̠k ñè̠	Kë̀ àrros tò̠nu̠k ñè̠	NOCHANGE
Ie' e̠' tkë'rë	Ie' e̠' tkë'rë	NOCHANGE
Sa' tö klö́m akëwe̠	Sa' tö klö́m akëwe̠	NOCHANGE
Be' e̠' tkö́rö	Be' e̠' tkö́rö	NOCHANGE
Cha̠mù̠ tkë́lyuwak	Cha̠mù̠ tkë́lyuwak	NOCHANGE
Be' mí̠ dé tké dià e' ta̠ kèrwa ñe̠' ki̠ wa wö́k ta̠ e' stsè stsèke̠ bö	Be' mí̠ dé tké dià e' ta̠ kèrwa ñe̠' ki̠ wa wö́k ta̠ e' stsè stsèke̠ bö	NOCHANGE
Ye' tö kàsir témi̠	Ye' tö kàsir témi̠	NOCHANGE
I̠ì̠ne̠	I̠ì̠ne̠	NOCHANGE
E' ta̠ se' déka̠ i ki̠	E' ta̠ se' déka̠ i ki̠	NOCHANGE
Ie' e̠' chö̀kea̠t	Ie' e̠' chö̀kea̠t	NOCHANGE
I kiö́	I kiö́	NOCHANGE
Ie' bák dawö́kwa̠	Ie' bák dawö́kwa̠	NOCHANGE
Ye' shkémi̠	Ye' shkémi̠	NOCHANGE
Ye' kë̀ ki̠ akáale kiar	Ye' kë̀ ki̠ akáale kiar	NOCHANGE
Ye' bák shkö́k	Ye' bák shkö́k	NOCHANGE
E̠' rö ma̠ ie' wa̠ ie' wa̠ chìchi dë́ka̠ tkër	E̠' rö ma̠ ie' wa̠ ie' wa̠ chìchi dë́ka̠ tkër	NOCHANGE
Be' tö i kuátkèke	Be' tö i kuátkèke	NOCHANGE
Ie' tù̠rke	Ie' tù̠rke	NOCHANGE
Ie' tö i ñè̠	Ie' tö i ñè̠	NOCHANGE
Be' tö i tkè	Be' tö i tkè	NOCHANGE
Ie' tö i kèke	Ie' tö i kèke	NOCHANGE
Shkárule	Shkárule	NOCHANGE
I chö́	I chö́	NOCHANGE
A' e̠' tkére	A' e̠' tkére	NOCHANGE
Kë̀ chìchi tö Po'tak kuök	Kë̀ chìchi tö Po'tak kuök	NOCHANGE
Sa' a̠lì̠ne̠ kàlyök a̠	Sa' a̠lì̠ne̠ kàlyök a̠	NOCHANGE
Be' tö i kuátkèke	Be' tö i kuátkèke	NOCHANGE
Ie' tö i yèke	Ie' tö i yèke	NOCHANGE
Kë̀ chìchi tö Po'tak kue	Kë̀ chìchi tö Po'tak kue	NOCHANGE
Ye' kapö̀kewa̠	Ye' kapö̀kewa̠	NOCHANGE
Tsawì èk	Tsawì èk	NOCHANGE
Sa' kë̀ ku̠ i skö́k	Sa' kë̀ ku̠ i skö́k	NOCHANGE
Chìchi tö Po'tak kö'mi̠	Chìchi tö Po'tak kö'mi̠	NOCHANGE
Be' ujtó	Be' ujtó	NOCHANGE
Be' ttö̀ke	Be' ttö̀ke	NOCHANGE
Ie' tö i pàlèke	Ie' tö i pàlèke	NOCHANGE
Mò̠sopa ë̀ mí̠yartke campo ikalö́k e' ki̠ ie'pa e̠' da'u̠k	Mò̠sopa ë̀ mí̠yartke campo ikalö́k e' ki̠ ie'pa e̠' da'u̠k	NOCHANGE
Kiàne̠ yì ki̠	Kiàne̠ yì ki̠	NOCHANGE
Ye' i sa̠wè̠ ye' yàmi̠pa ie'	Ye' i sa̠wè̠ ye' yàmi̠pa ie'	NOCHANGE
Ie' tö i kínè̠ke	Ie' tö i kínè̠ke	NOCHANGE
Ye' tsí biö̀ sö	Ye' tsí biö̀ sö	NOCHANGE
Ye' shké	Ye' shké	NOCHANGE
Be' na̠ù̠	Be' na̠ù̠	NOCHANGE
Kë̀ ye' shkö	Kë̀ ye' shkö	NOCHANGE
Buà me̠r kàl ulà ki̠	Buà me̠r kàl ulà ki̠	NOCHANGE
Ie' i̠ù̠ke	Ie' i̠ù̠ke	NOCHANGE
Balë'këkëpa i apàke tö	Balë'këkëpa i apàke tö	NOCHANGE
Ye'r iché	Ye'r iché	NOCHANGE
I síne̠	I síne̠	NOCHANGE
Ye' tö kàsir tèke̠	Ye' tö kàsir tèke̠	NOCHANGE
Ie' tö i tsèke	Ie' tö i tsèke	NOCHANGE
Ye' tö i shtè	Ye' tö i shtè	NOCHANGE
Wë́pa kúl	Wë́pa kúl	NOCHANGE
Kë̀ ye' tö kàsir tèku̠	Kë̀ ye' tö kàsir tèku̠	NOCHANGE
Se' e̠' tkére	Se' e̠' tkére	NOCHANGE
Ie' tö i tè	Ie' tö i tè	NOCHANGE
Se' dalö̀ièke̠	Se' dalö̀ièke̠	NOCHANGE
É̠ma̠ e' stsè stsèke̠ ñe̠'	É̠ma̠ e' stsè stsèke̠ ñe̠'	NOCHANGE
Ye'r i sa̠wé̠	Ye'r i sa̠wé̠	NOCHANGE
Ye' e̠' tkére	Ye' e̠' tkére	NOCHANGE
Ie'pa mi̠kalè ta̠ ikuö̀ i tö̀ tèke̠	Ie'pa mi̠kalè ta̠ ikuö̀ i tö̀ tèke̠	NOCHANGE
Kë̀ be' dör ye' tsí bie	Kë̀ be' dör ye' tsí bie	NOCHANGE
Be' tö i ka̠nè̠wè̠	Be' tö i ka̠nè̠wè̠	NOCHANGE
Ie' ujtö̀	Ie' ujtö̀	NOCHANGE
Kë̀ kàsir tar	Kë̀ kàsir tar	NOCHANGE
Ye' stsë'	Ye' stsë'	NOCHANGE
Kë̀ shkàr	Kë̀ shkàr	NOCHANGE
Balë' wë́pa mí̠tke e' itö̀ki̠	Balë' wë́pa mí̠tke e' itö̀ki̠	NOCHANGE
Kë̀ be'r i sa̠ú̠k!	Kë̀ be'r i sa̠ú̠k!	NOCHANGE
Kò̠s be' ki̠ dawás tso'	Kò̠s be' ki̠ dawás tso'	NOCHANGE
Ye' wa̠ àrros tó̠rule ñè̠	Ye' wa̠ àrros tó̠rule ñè̠	NOCHANGE
A' bák i skö́k	A' bák i skö́k	NOCHANGE
Ie' tö i shkè̠wè̠ke	Ie' tö i shkè̠wè̠ke	NOCHANGE
Ye' tö i ñè̠ke	Ye' tö i ñè̠ke	NOCHANGE
Be' bák ye' tsí biö́k	Be' bák ye' tsí biö́k	NOCHANGE
Be' tö i yulèke	Be' tö i yulèke	NOCHANGE
Kë̀ ye' dör àrros ta̠wè̠pa ñè̠	Kë̀ ye' dör àrros ta̠wè̠pa ñè̠	NOCHANGE
Kë̀ ye' dör àrros ta̠wè̠ku̠ ñè̠	Kë̀ ye' dör àrros ta̠wè̠ku̠ ñè̠	NOCHANGE
E' ku̠é̠ki̠ balë'këkëpa kë̀ i kukè kiö̀ ki̠	E' ku̠é̠ki̠ balë'këkëpa kë̀ i kukè kiö̀ ki̠	NOCHANGE
Ye' e̠' chö̀kea̠t	Ye' e̠' chö̀kea̠t	NOCHANGE
Ye'r i bulâo̠	Ye'r i bulâo̠	NOCHANGE
Ie'pa e̠' tkë'rë	Ie'pa e̠' tkë'rë	NOCHANGE
Sö ichö̀ i wö̀ wö̀ shlë́wöla	Sö ichö̀ i wö̀ wö̀ shlë́wöla	NOCHANGE
Kë̀ Po'tak kö̀rpa	Kë̀ Po'tak kö̀rpa	NOCHANGE
A̠mù̠baliwak	A̠mù̠baliwak	NOCHANGE
Be' dör ye' tsí bémi̠	Be' dör ye' tsí bémi̠	NOCHANGE
Su̠lì̠ ùru tso' kàl ajkuö̀jchök	Su̠lì̠ ùru tso' kàl ajkuö̀jchök	NOCHANGE
Sàl ku̠è̠ tso' i dómi̠ dù kö̀ie ku̠è̠ sö	Sàl ku̠è̠ tso' i dómi̠ dù kö̀ie ku̠è̠ sö	NOCHANGE
E'ta̠ kàlkö ñé̠ wa yö e' aléka̠ yö dìba a̠ e' wa yö e' a̠ yö í̠e̠ ié ié	E'ta̠ kàlkö ñé̠ wa yö e' aléka̠ yö dìba a̠ e' wa yö e' a̠ yö í̠e̠ ié ié	NOCHANGE
Dìwö dé ma̠ñà̠t ta̠ ie' dawówa̠	Dìwö dé ma̠ñà̠t ta̠ ie' dawówa̠	NOCHANGE
Ye' kë̀ ku̠ àrros ta̠ú̠k ñè̠	Ye' kë̀ ku̠ àrros ta̠ú̠k ñè̠	NOCHANGE
Ye' wa̠ àrros ta̠wa̠' ñè̠	Ye' wa̠ àrros ta̠wa̠' ñè̠	NOCHANGE
Chìchi a̠ Po'tak kö́r	Chìchi a̠ Po'tak kö́r	NOCHANGE
Ie'pa e̠' tkö̀rö	Ie'pa e̠' tkö̀rö	NOCHANGE
Kë̀ àrros ta̠wa̠r ñè̠	Kë̀ àrros ta̠wa̠r ñè̠	NOCHANGE
Wë́pa kë̀ ku̠ ië'te̠n stsö́k	Wë́pa kë̀ ku̠ ië'te̠n stsö́k	NOCHANGE
Wé̠ balë'këkëpa e' se' wö̀ikèke̠ ta̠ se' bua'na̠	Wé̠ balë'këkëpa e' se' wö̀ikèke̠ ta̠ se' bua'na̠	NOCHANGE
Kirë̀rma̠ kirë̀rma̠la	Kirë̀rma̠ kirë̀rma̠la	NOCHANGE
Ie' tö i ppè	Ie' tö i ppè	NOCHANGE
Ye' kë̀ ku̠ i skö́k	Ye' kë̀ ku̠ i skö́k	NOCHANGE
Trini a̠	Trini a̠	NOCHANGE
Ye' tso shkö́k	Ye' tso shkö́k	NOCHANGE
I̠nì̠r	I̠nì̠r	NOCHANGE
Be' tö i à̠ritsè	Be' tö i à̠ritsè	NOCHANGE
Kë̀ i wámbalë̀rpa	Kë̀ i wámbalë̀rpa	NOCHANGE
Ie' é̠r	Ie' é̠r	NOCHANGE
E' duà ë̀ yulèke̠ne̠	E' duà ë̀ yulèke̠ne̠	NOCHANGE
Talók akàla tër sé̠ wé̠alè	Talók akàla tër sé̠ wé̠alè	NOCHANGE
Ské̠l ése se' dör se' wö̀ni̠è̠ke̠ i ki̠	Ské̠l ése se' dör se' wö̀ni̠è̠ke̠ i ki̠	NOCHANGE
Ie' tö i chèke	Ie' tö i chèke	NOCHANGE
Be' tö i sa̠wè̠ke	Be' tö i sa̠wè̠ke	NOCHANGE
Wé̠ wa̠ tsiru' tso' e' mà̠so ie ka̠nè̠balök ie	Wé̠ wa̠ tsiru' tso' e' mà̠so ie ka̠nè̠balök ie	NOCHANGE
Inú̠köl ë̀ ku̠é̠ki̠	Inú̠köl ë̀ ku̠é̠ki̠	NOCHANGE
E' ta̠ e' wö̀ni̠è̠ke̠	E' ta̠ e' wö̀ni̠è̠ke̠	NOCHANGE
E' tsu'ku ajkö̀ awí̠she̠t	E' tsu'ku ajkö̀ awí̠she̠t	NOCHANGE
Tabèla káu̠ se' wö̀a̠ bula'me̠ dià i yër	Tabèla káu̠ se' wö̀a̠ bula'me̠ dià i yër	NOCHANGE
Tsó̠li tsó̠li̠	Tsó̠li tsó̠li̠	NOCHANGE
Be' kë̀ ku̠'bak i skö́k	Be' kë̀ ku̠'bak i skö́k	NOCHANGE
Kë̀ ye' dör àrros ta̠u̠k ñè̠	Kë̀ ye' dör àrros ta̠u̠k ñè̠	NOCHANGE
Be' tö i kínè̠	Be' tö i kínè̠	NOCHANGE
Ye' tö i yawèke	Ye' tö i yawèke	NOCHANGE
Íyi kò̠s tso'i̠a̠ ni̠mà̠	Íyi kò̠s tso'i̠a̠ ni̠mà̠	NOCHANGE
I ujtèwa̠ e's bitséitsèke̠ dör ká̠ pàköl	I ujtèwa̠ e's bitséitsèke̠ dör ká̠ pàköl	NOCHANGE
I kimú̠	I kimú̠	NOCHANGE
E' töla ìla aë̀ ijtsèmi̠la	E' töla ìla aë̀ ijtsèmi̠la	NOCHANGE
E̠' yawö́	E̠' yawö́	NOCHANGE
Be' ujtö́	Be' ujtö́	NOCHANGE
É̠nu̠k	É̠nu̠k	NOCHANGE
Wë́pa kë̀ ku̠'bak ië'te̠n stsö́k	Wë́pa kë̀ ku̠'bak ië'te̠n stsö́k	NOCHANGE
Kë̀ ye' tö kàsir tèpa	Kë̀ ye' tö kàsir tèpa	NOCHANGE
Be' tö i ka̠nè̠wè̠ke	Be' tö i ka̠nè̠wè̠ke	NOCHANGE
Kuátkök	Kuátkök	NOCHANGE
Sàlwak tkër mesa ki̠	Sàlwak tkër mesa ki̠	NOCHANGE
Ie' shkö̀	Ie' shkö̀	NOCHANGE
Kàsir të̀ne̠	Kàsir të̀ne̠	NOCHANGE
Kë̀ chìchi a̠ Po'tak kö́r	Kë̀ chìchi a̠ Po'tak kö́r	NOCHANGE
Alàralar wö̀ki̠la	Alàralar wö̀ki̠la	NOCHANGE
Kièke̠ balë'këkëpa sa̠mé̠	Kièke̠ balë'këkëpa sa̠mé̠	NOCHANGE
Kë̀ ie' ujto	Kë̀ ie' ujto	NOCHANGE
No ñe̠' be' ichè dalö̀ ie' tso' ie' dalö̀ mí̠k ie' ie'	No ñe̠' be' ichè dalö̀ ie' tso' ie' dalö̀ mí̠k ie' ie'	NOCHANGE
Ye' kë̀ wa̠ àrros tó̠rule ñè̠	Ye' kë̀ wa̠ àrros tó̠rule ñè̠	NOCHANGE
Sa'r kàl sé̠ wö̀të'	Sa'r kàl sé̠ wö̀të'	NOCHANGE
Ká̠ tkë́l	Ká̠ tkë́l	NOCHANGE
Entonces be' kë̀ dë'ka̠ ó yë́ria ie	Entonces be' kë̀ dë'ka̠ ó yë́ria ie	NOCHANGE
Ttö̀ chèke kö̀ko kö̀ko	Ttö̀ chèke kö̀ko kö̀ko	NOCHANGE
Ye' tsí bìne̠	Ye' tsí bìne̠	NOCHANGE
Ie' déne̠ i dawö' a̠ i chö́k tö à! dawö'	Ie' déne̠ i dawö' a̠ i chö́k tö à! dawö'	NOCHANGE
E' ia'wè̠ke̠	E' ia'wè̠ke̠	NOCHANGE
E' ta̠ be' bák i̠a̠ tsítsir wake'	E' ta̠ be' bák i̠a̠ tsítsir wake'	NOCHANGE
Kë̀ Po'tak kö̀ne̠	Kë̀ Po'tak kö̀ne̠	NOCHANGE
Ie' tö bö' yéulur	Ie' tö bö' yéulur	NOCHANGE
E' chö̀tke se' é̠n a̠	E' chö̀tke se' é̠n a̠	NOCHANGE
Ma̠ i wìwö apàchikíu̠k	Ma̠ i wìwö apàchikíu̠k	NOCHANGE
Ie' tö i yawè	Ie' tö i yawè	NOCHANGE
E'ta̠ pú̠ e' e'ta i̠â̠chki ta̠	E'ta̠ pú̠ e' e'ta i̠â̠chki ta̠	NOCHANGE
Ye' kë̀ ku̠ kàsir tö́k	Ye' kë̀ ku̠ kàsir tö́k	NOCHANGE
Ie' tö i tsèke	Ie' tö i tsèke	NOCHANGE
Dabòm kúlyök kí̠ su̠lì̠tu	Dabòm kúlyök kí̠ su̠lì̠tu	NOCHANGE
Ye' kó̠pàkö̀ke	Ye' kó̠pàkö̀ke	NOCHANGE
Ie'pa tso i skö́k	Ie'pa tso i skö́k	NOCHANGE
E' rö ñà̠no̠ ta̠ dúla tso'	E' rö ñà̠no̠ ta̠ dúla tso'	NOCHANGE
Sa' kë̀ ku̠'bak i skö́k	Sa' kë̀ ku̠'bak i skö́k	NOCHANGE
Kiè ë́ltë e̠na̠ tté shtáwo̠k	Kiè ë́ltë e̠na̠ tté shtáwo̠k	NOCHANGE
Sibö̀r e' a̠mé̠a̠t ajkö́no̠	Sibö̀r e' a̠mé̠a̠t ajkö́no̠	NOCHANGE
Ye' dör àrros ta̠wè̠ke̠ ñè̠	Ye' dör àrros ta̠wè̠ke̠ ñè̠	NOCHANGE
Ie' shkö̀ke	Ie' shkö̀ke	NOCHANGE
Ki̠ kiàna̠ tö be'	Ki̠ kiàna̠ tö be'	NOCHANGE
Be' dör ye' tsí biö́!	Be' dör ye' tsí biö́!	NOCHANGE
Kë̀ shkar	Kë̀ shkar	NOCHANGE
Se' kë̀ ku̠'bak i skö́k	Se' kë̀ ku̠'bak i skö́k	NOCHANGE
Wì̠ke e' kö́ a̠	Wì̠ke e' kö́ a̠	NOCHANGE
I' dör sìtla i̠a̠	I' dör sìtla i̠a̠	NOCHANGE
Ye' ka̠nè̠balö̀ke	Ye' ka̠nè̠balö̀ke	NOCHANGE
Chìchi kë̀ wa̠ Po'tak kö́rule	Chìchi kë̀ wa̠ Po'tak kö́rule	NOCHANGE
Ie' chkö̀ke	Ie' chkö̀ke	NOCHANGE
Ie' dawö̀kè̠wa̠	Ie' dawö̀kè̠wa̠	NOCHANGE
Ichàkök	Ichàkök	NOCHANGE
Kë̀ be' shkök	Kë̀ be' shkök	NOCHANGE
Pedro dör mesa abaú̠kna̠me̠	Pedro dör mesa abaú̠kna̠me̠	NOCHANGE
Ye' dör àrros tó̠ ñè̠	Ye' dör àrros tó̠ ñè̠	NOCHANGE
Ie' tö i mo̠wè̠	Ie' tö i mo̠wè̠	NOCHANGE
Ie' tö i alè	Ie' tö i alè	NOCHANGE
Wë́pa bák ië'te̠n stsö́k	Wë́pa bák ië'te̠n stsö́k	NOCHANGE
Be'r ye' tsì̠ biö́!	Be'r ye' tsì̠ biö́!	NOCHANGE
Alà r i kalö̀io charéo̠	Alà r i kalö̀io charéo̠	NOCHANGE
E' ë̀ kèke̠ka̠	E' ë̀ kèke̠ka̠	NOCHANGE
Ie'r ó be' a̠ ta̠	Ie'r ó be' a̠ ta̠	NOCHANGE
Be' wa̠ ye' tsí bia'	Be' wa̠ ye' tsí bia'	NOCHANGE
A yë́!	A yë́!	NOCHANGE
Ie'pa tö bö' yéulur	Ie'pa tö bö' yéulur	NOCHANGE
Ie' kalö̀tö̀ke	Ie' kalö̀tö̀ke	NOCHANGE
Be' dör ye' tsí bièrâ	Be' dör ye' tsí bièrâ	NOCHANGE
Alà kë̀ ku̠' i̠ú̠k	Alà kë̀ ku̠' i̠ú̠k	NOCHANGE
Be' dör ye' tsí bé	Be' dör ye' tsí bé	NOCHANGE
Ie' tö i tkèke	Ie' tö i tkèke	NOCHANGE
Kë̀ ye' wa̠ i sù̠ne̠	Kë̀ ye' wa̠ i sù̠ne̠	NOCHANGE
I kí̠ kió ie	I kí̠ kió ie	NOCHANGE
Ye' tö i kímè̠ke	Ye' tö i kímè̠ke	NOCHANGE
Ye' tö i akuö̀wè̠ke	Ye' tö i akuö̀wè̠ke	NOCHANGE
Kë̀ Po'tak kö̀rku̠	Kë̀ Po'tak kö̀rku̠	NOCHANGE
E' wa̠ kò̠s se' tso'se̠r í̠e̠ e' mí̠ke̠ tsé̠r	E' wa̠ kò̠s se' tso'se̠r í̠e̠ e' mí̠ke̠ tsé̠r	NOCHANGE
I bikö́kmi̠	I bikö́kmi̠	NOCHANGE
Ie' e̠ne̠'	Ie' e̠ne̠'	NOCHANGE
Buà kë̀ ku̠ me̠r kàl ulà ki̠	Buà kë̀ ku̠ me̠r kàl ulà ki̠	NOCHANGE
Ajkö́no̠ ie se' a̠ sè̠no̠ ie	Ajkö́no̠ ie se' a̠ sè̠no̠ ie	NOCHANGE
Ye' shka'ku̠	Ye' shka'ku̠	NOCHANGE
Kë̀ be' a̠ ye' tsí bír	Kë̀ be' a̠ ye' tsí bír	NOCHANGE
Ye' tsí bìrdâ	Ye' tsí bìrdâ	NOCHANGE
Ká̠ i̠â̠i̠â̠ e'r kë̀ ye' wa̠ e' sù̠ne̠i̠a̠	Ká̠ i̠â̠i̠â̠ e'r kë̀ ye' wa̠ e' sù̠ne̠i̠a̠	NOCHANGE
Kabë̀pa	Kabë̀pa	NOCHANGE
A' kë̀ ku̠'bak i skö́k	A' kë̀ ku̠'bak i skö́k	NOCHANGE
É̠nu̠k	É̠nu̠k	NOCHANGE
Ye' wa̠ kàsir të́rule	Ye' wa̠ kàsir të́rule	NOCHANGE
Ta̠ í̠e̠ ie'pa bité̠ a̠ e̠' wö'ikök	Ta̠ í̠e̠ ie'pa bité̠ a̠ e̠' wö'ikök	NOCHANGE
Ujarrás e̠ ká̠ dör ákshalë ie	Ujarrás e̠ ká̠ dör ákshalë ie	NOCHANGE
Kë̀ ye' tsí bir	Kë̀ ye' tsí bir	NOCHANGE
Ye' e̠' tkö̀rö	Ye' e̠' tkö̀rö	NOCHANGE
Ye' tsí bìrmi̠	Ye' tsí bìrmi̠	NOCHANGE
Sa' e̠' tkë'rë	Sa' e̠' tkë'rë	NOCHANGE
A' kë̀ ku̠ i skö́k	A' kë̀ ku̠ i skö́k	NOCHANGE
Pulë̀ èk	Pulë̀ èk	NOCHANGE
Wè̠s ie' i dawè klö́o̠	Wè̠s ie' i dawè klö́o̠	NOCHANGE
Chèke̠mi̠ne̠ e's	Chèke̠mi̠ne̠ e's	NOCHANGE
Kë̀ shkárule	Kë̀ shkárule	NOCHANGE
A̠wì̠ ák wé mé̠rka̠ e' kiè alòwe	A̠wì̠ ák wé mé̠rka̠ e' kiè alòwe	NOCHANGE
Dù ñe̠'	Dù ñe̠'	NOCHANGE
Ye' tö dawà su'	Ye' tö dawà su'	NOCHANGE
Ie'pa kë̀ ku̠'bak i skö́k	Ie'pa kë̀ ku̠'bak i skö́k	NOCHANGE
Ie' tö i sa̠wè̠	Ie' tö i sa̠wè̠	NOCHANGE
Ila bikéitse dur ki̠la söla e'la bikéitseke̠	Ila bikéitse dur ki̠la söla e'la bikéitseke̠	NOCHANGE
E' ukö̀ki̠ ta̠ ie'pa rö tö	E' ukö̀ki̠ ta̠ ie'pa rö tö	NOCHANGE
E̠' yawö́	E̠' yawö́	NOCHANGE
Ye' shkó	Ye' shkó	NOCHANGE
Kë̀ àrros tò̠ne̠ ñè̠	Kë̀ àrros tò̠ne̠ ñè̠	NOCHANGE
Kë̀ àrros to̠r ñè̠	Kë̀ àrros to̠r ñè̠	NOCHANGE
Bö́iki	Bö́iki	NOCHANGE
E'r e'r se' kapówa̠ie e'r	E'r e'r se' kapówa̠ie e'r	NOCHANGE
Ye' bák àrros ta̠ú̠k ñè̠	Ye' bák àrros ta̠ú̠k ñè̠	NOCHANGE
Ká̠ dör iku̠á̠ki̠ iku̠á̠ki̠	Ká̠ dör iku̠á̠ki̠ iku̠á̠ki̠	NOCHANGE
Cien tkë́yök	Cien tkë́yök	NOCHANGE
Kë̀ Po'tak kö̀nu̠k	Kë̀ Po'tak kö̀nu̠k	NOCHANGE
Kàsir të̀rke̠	Kàsir të̀rke̠	NOCHANGE
Kë̀ shkàrku̠	Kë̀ shkàrku̠	NOCHANGE
Ie' kapö̀wa̠	Ie' kapö̀wa̠	NOCHANGE
Ye' tö kàsir tèrâ	Ye' tö kàsir tèrâ	NOCHANGE
Po'tak kö̀ne̠	Po'tak kö̀ne̠	NOCHANGE
Ye' a̠ àrros tó̠r ñè̠	Ye' a̠ àrros tó̠r ñè̠	NOCHANGE
Ba kó̠pàkö́	Ba kó̠pàkö́	NOCHANGE
I kuö́	I kuö́	NOCHANGE
Kë̀ ie'r i wöma̠ú̠k	Kë̀ ie'r i wöma̠ú̠k	NOCHANGE
Bikli' arki̠ cha e' apë' chkè ar	Bikli' arki̠ cha e' apë' chkè ar	NOCHANGE
Ulà dé ulà dalë̀na̠ ma̠ ta̠ e'la ka̠nè̠u̠k	Ulà dé ulà dalë̀na̠ ma̠ ta̠ e'la ka̠nè̠u̠k	NOCHANGE
Ye' shkö̀râ	Ye' shkö̀râ	NOCHANGE
Lámpara ar akájtö mí̠k	Lámpara ar akájtö mí̠k	NOCHANGE
Ie' è̠rke	Ie' è̠rke	NOCHANGE
I kí̠ kióne̠ ië́tökicha	I kí̠ kióne̠ ië́tökicha	NOCHANGE
Ye'r i sú̠kule	Ye'r i sú̠kule	NOCHANGE
Kë̀ shkàne̠	Kë̀ shkàne̠	NOCHANGE
Ie' chkö̀ke	Ie' chkö̀ke	NOCHANGE
Ye' a̠ i su̠r	Ye' a̠ i su̠r	NOCHANGE
Ie' tö i wámbalèke	Ie' tö i wámbalèke	NOCHANGE
Chìchi tso Po'tak kuö́k	Chìchi tso Po'tak kuö́k	NOCHANGE
E'ta̠ e̠' ie'pa ú̠rke̠ ka̠nè̠balök	E'ta̠ e̠' ie'pa ú̠rke̠ ka̠nè̠balök	NOCHANGE
Ie' dawö̀wa̠	Ie' dawö̀wa̠	NOCHANGE
Àrros ta̠wè̠ke̠ ñè̠	Àrros ta̠wè̠ke̠ ñè̠	NOCHANGE
Ì ka̠né̠wè̠mi̠ se' dör e' tsikìna̠ e' pà mi̠k	Ì ka̠né̠wè̠mi̠ se' dör e' tsikìna̠ e' pà mi̠k	NOCHANGE
Mì̠ka̠ i̠â̠i̠â̠ ta̠ kë'köldi jkö̀ mi̠k	Mì̠ka̠ i̠â̠i̠â̠ ta̠ kë'köldi jkö̀ mi̠k	NOCHANGE
Ñe̠' yö i ché ye' ma̠nè̠ta̠	Ñe̠' yö i ché ye' ma̠nè̠ta̠	NOCHANGE
Be' dör ye' tsí bièmi̠	Be' dör ye' tsí bièmi̠	NOCHANGE
Ka̠nè̠o̠rule wa	Ka̠nè̠o̠rule wa	NOCHANGE
Kàsir tö́	Kàsir tö́	NOCHANGE
Ba inú̠	Ba inú̠	NOCHANGE
Ye' ki̠ kiàna̠ i sa̠ú̠k	Ye' ki̠ kiàna̠ i sa̠ú̠k	NOCHANGE
Àrros ta̠ú̠ ñè̠ sö	Àrros ta̠ú̠ ñè̠ sö	NOCHANGE
I yö́ söla i yö́ söla	I yö́ söla i yö́ söla	NOCHANGE
Be' kë̀ ku̠ i skö́k	Be' kë̀ ku̠ i skö́k	NOCHANGE
Ie' inù̠ke	Ie' inù̠ke	NOCHANGE
Ye' tö i ttè	Ye' tö i ttè	NOCHANGE
Ie' datsi' a̠mé̠ se' yë́ a̠ ta̠ ie' e̠' iéka̠ i kipö̀ a̠	Ie' datsi' a̠mé̠ se' yë́ a̠ ta̠ ie' e̠' iéka̠ i kipö̀ a̠	NOCHANGE
Àkbalö́kna̠me̠ dör aláköl ajkö̀mo̠' tsà̠mo̠ wa	Àkbalö́kna̠me̠ dör aláköl ajkö̀mo̠' tsà̠mo̠ wa	NOCHANGE
Ù̠ ñe̠' dikì̠	Ù̠ ñe̠' dikì̠	NOCHANGE
Chìchi dör bë̂rie	Chìchi dör bë̂rie	NOCHANGE
E's e's se' mí̠tse̠n ie' wa̠ e'tökicha ë̀	E's e's se' mí̠tse̠n ie' wa̠ e'tökicha ë̀	NOCHANGE
Kë̀ sö e' ichà e' ta̠ se' bua'nai̠a̠	Kë̀ sö e' ichà e' ta̠ se' bua'nai̠a̠	NOCHANGE
Sa' i ajkà mé̠ka̠ kë'köldi	Sa' i ajkà mé̠ka̠ kë'köldi	NOCHANGE
Awá tso' i kàl apasíu̠k tabè wa	Awá tso' i kàl apasíu̠k tabè wa	NOCHANGE
Ie' tö i yulèke	Ie' tö i yulèke	NOCHANGE
Ye' ujté	Ye' ujté	NOCHANGE
Ie'pa kapötulur	Ie'pa kapötulur	NOCHANGE
Mó̠köl bular stsë́rke̠wa̠tke	Mó̠köl bular stsë́rke̠wa̠tke	NOCHANGE
Be' tö i tsirìwè̠ke	Be' tö i tsirìwè̠ke	NOCHANGE
Wè̠s kirë̀rma̠pa icha wé ma̠	Wè̠s kirë̀rma̠pa icha wé ma̠	NOCHANGE
Be' e̠' tkë'rë	Be' e̠' tkë'rë	NOCHANGE
Bétk bétk ë á̠jà̠ e' yë̀na̠	Bétk bétk ë á̠jà̠ e' yë̀na̠	NOCHANGE
Ye'r i su̠wé̠mi̠	Ye'r i su̠wé̠mi̠	NOCHANGE
Alà tö ali' ña̠'	Alà tö ali' ña̠'	NOCHANGE
Ké̠kra wake' e' bitséitsèke	Ké̠kra wake' e' bitséitsèke	NOCHANGE
Buà kë̀ ku'ba̠k dapárke kàl ulà ki̠	Buà kë̀ ku'ba̠k dapárke kàl ulà ki̠	NOCHANGE
Entonces ie' dë'rö ye' tsú̠k ye' ma̠nè̠ta̠	Entonces ie' dë'rö ye' tsú̠k ye' ma̠nè̠ta̠	NOCHANGE
Be' dör ye' tsí bi'	Be' dör ye' tsí bi'	NOCHANGE
Kalö̀ ki̠ ie'pa ú̠rke̠ shtö' ma̠ ñe̠'	Kalö̀ ki̠ ie'pa ú̠rke̠ shtö' ma̠ ñe̠'	NOCHANGE
Ye' tö i skè	Ye' tö i skè	NOCHANGE
Be' tö i ñè̠ke	Be' tö i ñè̠ke	NOCHANGE
Be' ala'r ta̠	Be' ala'r ta̠	NOCHANGE
Chìchi tö Po'tak kuémi̠	Chìchi tö Po'tak kuémi̠	NOCHANGE
Àrros ta̠wè̠râ ñè̠	Àrros ta̠wè̠râ ñè̠	NOCHANGE
Ie' e̠' tkö̀rö	Ie' e̠' tkö̀rö	NOCHANGE
Ye' shkö̀ke̠	Ye' shkö̀ke̠	NOCHANGE
No kë̀r e's	No kë̀r e's	NOCHANGE
Kapá tkë́l	Kapá tkë́l	NOCHANGE
Be' kë̀ wa̠ ye' tsí bírule	Be' kë̀ wa̠ ye' tsí bírule	NOCHANGE
A' út	A' út	NOCHANGE
Ie'pa tö bö' yéstsa̠	Ie'pa tö bö' yéstsa̠	NOCHANGE
Sa' wákpa é̠n a̠ sa' ujtè i̠à̠ne̠	Sa' wákpa é̠n a̠ sa' ujtè i̠à̠ne̠	NOCHANGE
Ie' tso dawö́kwa̠	Ie' tso dawö́kwa̠	NOCHANGE
Sa' tso i skö́k	Sa' tso i skö́k	NOCHANGE
Ye' tö i búk	Ye' tö i búk	NOCHANGE
I ka̠nè̠ú̠	I ka̠nè̠ú̠	NOCHANGE
Ie'pa icha i ku̠é̠ki̠ sa' icha i ku̠é̠ki̠	Ie'pa icha i ku̠é̠ki̠ sa' icha i ku̠é̠ki̠	NOCHANGE
Po'tak kö̀rdâ	Po'tak kö̀rdâ	NOCHANGE
Kë̀ shkànu̠k	Kë̀ shkànu̠k	NOCHANGE
Ye' kë̀ wa̠ àrros tò̠ne̠ ñè̠	Ye' kë̀ wa̠ àrros tò̠ne̠ ñè̠	NOCHANGE
Se' tso i skö́k	Se' tso i skö́k	NOCHANGE
Ye' tö i wèke	Ye' tö i wèke	NOCHANGE
Ie' e̠' tkére	Ie' e̠' tkére	NOCHANGE
Chìchi dör sarûrû	Chìchi dör sarûrû	NOCHANGE
Ye' e̠' yawö̀ke	Ye' e̠' yawö̀ke	NOCHANGE
Tcho̠'dawe sulù pë'!	Tcho̠'dawe sulù pë'!	NOCHANGE
Ése e̠n	Ése e̠n	NOCHANGE
I wámbalë́r	I wámbalë́r	NOCHANGE
Ie' tö i kàchè	Ie' tö i kàchè	NOCHANGE
Bua' ë yö bua' yö i ka̠nè̠we̠ bité̠ e'ta yö	Bua' ë yö bua' yö i ka̠nè̠we̠ bité̠ e'ta yö	NOCHANGE
Ye' shkárule	Ye' shkárule	NOCHANGE
Ie' tö i kàchèke	Ie' tö i kàchèke	NOCHANGE
Kàsir të̀rdâ	Kàsir të̀rdâ	NOCHANGE
Chìchi tö Po'tak kuèke̠	Chìchi tö Po'tak kuèke̠	NOCHANGE
Ká̠jtè ò̠mi̠k	Ká̠jtè ò̠mi̠k	NOCHANGE
Ie'pa dör e' kapéyèke̠ be' ñe̠' ye' wö́s i kiè e' kapë ie'pa e' bua'wè̠ke̠ne̠	Ie'pa dör e' kapéyèke̠ be' ñe̠' ye' wö́s i kiè e' kapë ie'pa e' bua'wè̠ke̠ne̠	NOCHANGE
Po'tak kö̀rmi̠	Po'tak kö̀rmi̠	NOCHANGE
Mì̠ka̠ e' se' klö'we̠ kàl wö e' tsikìna̠ se' ki̠ e' ichö́kle e' kë̀ bua'ne̠i̠a̠	Mì̠ka̠ e' se' klö'we̠ kàl wö e' tsikìna̠ se' ki̠ e' ichö́kle e' kë̀ bua'ne̠i̠a̠	NOCHANGE
U̠jú̠!	U̠jú̠!	NOCHANGE
Ie' tö i kínè̠	Ie' tö i kínè̠	NOCHANGE
Be' dör ye' tsí biè	Be' dör ye' tsí biè	NOCHANGE
I stsö̀	I stsö̀	NOCHANGE
Ie' tù̠rke	Ie' tù̠rke	NOCHANGE
Buà kë̀ ku̠ dapárke kàl ulà ki̠	Buà kë̀ ku̠ dapárke kàl ulà ki̠	NOCHANGE
Àrros ta̠wè̠mi̠ ñè̠	Àrros ta̠wè̠mi̠ ñè̠	NOCHANGE
Kë̀ chìchi tö Po'tak kuèku̠	Kë̀ chìchi tö Po'tak kuèku̠	NOCHANGE
Chìchi wa̠ Po'tak kö́rule	Chìchi wa̠ Po'tak kö́rule	NOCHANGE
Ye' tsí bìrke̠	Ye' tsí bìrke̠	NOCHANGE
Ye' út	Ye' út	NOCHANGE
Be' akuö̀	Be' akuö̀	NOCHANGE
Kë̀ be' ichè e' ta̠ ie' se' skétsa̠ a̠	Kë̀ be' ichè e' ta̠ ie' se' skétsa̠ a̠	NOCHANGE
É̠ma̠ éjkë sö i chè	É̠ma̠ éjkë sö i chè	NOCHANGE
E' a̠ ie' dawè tso' e' ku̠é̠ki̠ e' ñè̠ke ie' yö́ki̠	E' a̠ ie' dawè tso' e' ku̠é̠ki̠ e' ñè̠ke ie' yö́ki̠	NOCHANGE
Àrros tò̠na̠ ñè̠	Àrros tò̠na̠ ñè̠	NOCHANGE
Ye' tö i tèke	Ye' tö i tèke	NOCHANGE
Ie' dawö̀râwa̠	Ie' dawö̀râwa̠	NOCHANGE
Se' e̠' tkö̀rö	Se' e̠' tkö̀rö	NOCHANGE
Wé̠shke̠ alákölpaë̀ tso	Wé̠shke̠ alákölpaë̀ tso	NOCHANGE
Be' dör ye' tsí bi'mi̠	Be' dör ye' tsí bi'mi̠	NOCHANGE
I wámbalë́rdâ	I wámbalë́rdâ	NOCHANGE
Wë́m kë̀ ku̠ dur stsö́k	Wë́m kë̀ ku̠ dur stsö́k	NOCHANGE
Ye' é̠n a̠ kàsir ta'ku̠	Ye' é̠n a̠ kàsir ta'ku̠	NOCHANGE
Mu̠lù̠tak	Mu̠lù̠tak	NOCHANGE
Ye' ká̠ko	Ye' ká̠ko	NOCHANGE
Kë̀ ye' tsí bìrku̠	Kë̀ ye' tsí bìrku̠	NOCHANGE
Wö́su̠k ta̠ icha e'ta̠ kë̀ e' wë́m sawàne̠ i yök i dawö'	Wö́su̠k ta̠ icha e'ta̠ kë̀ e' wë́m sawàne̠ i yök i dawö'	NOCHANGE
E' ku̠é̠ki̠ e's yö a' i̠a̠ i pàkeke̠	E' ku̠é̠ki̠ e's yö a' i̠a̠ i pàkeke̠	NOCHANGE
Ye' tö i kèke	Ye' tö i kèke	NOCHANGE
Be' tö i katèke	Be' tö i katèke	NOCHANGE
Ie' è̠rke	Ie' è̠rke	NOCHANGE
Kë̀ be' dör ye' tsí bièku̠	Kë̀ be' dör ye' tsí bièku̠	NOCHANGE
Ie' akuö̀ke	Ie' akuö̀ke	NOCHANGE
Ie' ka̠nè̠balö̀ke	Ie' ka̠nè̠balö̀ke	NOCHANGE
Se' yàmi̠pa tso' shkà̠ta̠ne̠	Se' yàmi̠pa tso' shkà̠ta̠ne̠	NOCHANGE
Ie' stsë' bua'	Ie' stsë' bua'	NOCHANGE
Dià e̠ ká̠ kiè chase e̠'	Dià e̠ ká̠ kiè chase e̠'	NOCHANGE
Èni̠a̠	Èni̠a̠	NOCHANGE
Shkàrdâ	Shkàrdâ	NOCHANGE
Ká̠ tö́k tabè wa	Ká̠ tö́k tabè wa	NOCHANGE
Sibö̀ yë́	Sibö̀ yë́	NOCHANGE
Ma̠ ye' i kiè yàli ñe̠' wíwipala tkë'tër ma̠ ése a̠	Ma̠ ye' i kiè yàli ñe̠' wíwipala tkë'tër ma̠ ése a̠	NOCHANGE
Kë̀ ye' wa̠ i sù̠ne̠	Kë̀ ye' wa̠ i sù̠ne̠	NOCHANGE
Ye' tö kàsir të'	Ye' tö kàsir të'	NOCHANGE
Kë̀ e' ki̠ i ku̠ bua'ie	Kë̀ e' ki̠ i ku̠ bua'ie	NOCHANGE
Kë̀ ye' tsí bìne̠	Kë̀ ye' tsí bìne̠	NOCHANGE
I alö́	I alö́	NOCHANGE
Shkàrke̠	Shkàrke̠	NOCHANGE
Kë̀ àrros ta̠wè̠ku̠ ñè̠	Kë̀ àrros ta̠wè̠ku̠ ñè̠	NOCHANGE
Ye' kutà be' diö́köl mu̠é̠ka̠ ako̠' â̠mi̠k	Ye' kutà be' diö́köl mu̠é̠ka̠ ako̠' â̠mi̠k	NOCHANGE
Ye' tö i kö́twa̠	Ye' tö i kö́twa̠	NOCHANGE
Ye' dör àrros ta̠wé̠mi̠ ñè̠	Ye' dör àrros ta̠wé̠mi̠ ñè̠	NOCHANGE
E'tkla ë̀ e' mí̠k be' tso'se̠n	E'tkla ë̀ e' mí̠k be' tso'se̠n	NOCHANGE
Kàsir të̀rmi̠	Kàsir të̀rmi̠	NOCHANGE
I̠à̠na̠ ta̠ e' e' tsikìna̠ ta̠ í̠e̠ í̠e̠ awá irir óköm e' rö i ka̠nè̠u̠k i kapèbalök	I̠à̠na̠ ta̠ e' e' tsikìna̠ ta̠ í̠e̠ í̠e̠ awá irir óköm e' rö i ka̠nè̠u̠k i kapèbalök	NOCHANGE
Be' tö i yawè	Be' tö i yawè	NOCHANGE
Wé̠ be' sé̠rke̠	Wé̠ be' sé̠rke̠	NOCHANGE
Ye' dör àrros ta̠wè̠ ñè̠	Ye' dör àrros ta̠wè̠ ñè̠	NOCHANGE
Ye' tù̠rke	Ye' tù̠rke	NOCHANGE
Úriki̠	Úriki̠	NOCHANGE
Be' tö i i̠ù̠tèke	Be' tö i i̠ù̠tèke	NOCHANGE
Dalö̀ ie wa̠ ie balë'kë́këpa dör	Dalö̀ ie wa̠ ie balë'kë́këpa dör	NOCHANGE
Ie'pa mí̠a̠ wé̠ alè skà	Ie'pa mí̠a̠ wé̠ alè skà	NOCHANGE
Sa' kë̀ ku̠'bak shkö́k	Sa' kë̀ ku̠'bak shkö́k	NOCHANGE
Be' tù̠rke	Be' tù̠rke	NOCHANGE
Dabòm ské̠yök kí̠ bö̀t	Dabòm ské̠yök kí̠ bö̀t	NOCHANGE
Ye' diö́köl bàtsul ako̠' a̠'mi̠k	Ye' diö́köl bàtsul ako̠' a̠'mi̠k	NOCHANGE
Ie kë̀ dùnè̠wa̠	Ie kë̀ dùnè̠wa̠	NOCHANGE
Be' tö i shtèke	Be' tö i shtèke	NOCHANGE
Ie' tö i i̠ù̠tè	Ie' tö i i̠ù̠tè	NOCHANGE
Ali' kuábale	Ali' kuábale	NOCHANGE
Íyök a̠ i balèke̠wa̠	Íyök a̠ i balèke̠wa̠	NOCHANGE
Wé̠alè é! be' dë́rule ka̠ñí̠k a̠ e' apàkö́ ña̠	Wé̠alè é! be' dë́rule ka̠ñí̠k a̠ e' apàkö́ ña̠	NOCHANGE
Ye' wa̠ kàsir ta'	Ye' wa̠ kàsir ta'	NOCHANGE
E's sibö̀ i sa̠wé̠ kàl déstsa̠	E's sibö̀ i sa̠wé̠ kàl déstsa̠	NOCHANGE
Ye' kë̀ ku̠'bak i skö́k	Ye' kë̀ ku̠'bak i skö́k	NOCHANGE
Po'tak kö̀na̠	Po'tak kö̀na̠	NOCHANGE
E' ukö̀ki̠ ie'pa rö wé̠ ië'ka̠mi̠ ajkö́ a̠	E' ukö̀ki̠ ie'pa rö wé̠ ië'ka̠mi̠ ajkö́ a̠	NOCHANGE
Sibö̀ i sa̠wé̠ ta̠ ká̠köljtö tsakèke̠watke irir	Sibö̀ i sa̠wé̠ ta̠ ká̠köljtö tsakèke̠watke irir	NOCHANGE
Ye' tö i ñè̠	Ye' tö i ñè̠	NOCHANGE
Wë́pa ië'te̠n stsö́k	Wë́pa ië'te̠n stsö́k	NOCHANGE
Ye' tö i kít	Ye' tö i kít	NOCHANGE
Ye' tso i kímu̠k	Ye' tso i kímu̠k	NOCHANGE
Ukö̀ki̠ kéli a̠wí̠ ñè̠ke̠ sö	Ukö̀ki̠ kéli a̠wí̠ ñè̠ke̠ sö	NOCHANGE
I̠nì̠ne̠	I̠nì̠ne̠	NOCHANGE
Dawás i̠â̠chki ta̠ balë'kë́këpa	Dawás i̠â̠chki ta̠ balë'kë́këpa	NOCHANGE
Shkàne̠	Shkàne̠	NOCHANGE
Casi dawás e'k	Casi dawás e'k	NOCHANGE
Ña̠ é̠n	Ña̠ é̠n	NOCHANGE
Ie' út	Ie' út	NOCHANGE
Wé̠ kë̀ wa̠ i ujche̠n dà a̠ e' ta̠ wake' se' ichè awá tsítsirpa ö	Wé̠ kë̀ wa̠ i ujche̠n dà a̠ e' ta̠ wake' se' ichè awá tsítsirpa ö	NOCHANGE
Ma̠ i kuátkök	Ma̠ i kuátkök	NOCHANGE
Cien éyök	Cien éyök	NOCHANGE
Dabòm su̠lì̠tuyök	Dabòm su̠lì̠tuyök	NOCHANGE
I wë̀na̠ i yë́pa ta̠ balë'kë́këpa ta̠	I wë̀na̠ i yë́pa ta̠ balë'kë́këpa ta̠	NOCHANGE
Ye' dör àrros ta̠wè̠mi̠ ñè̠	Ye' dör àrros ta̠wè̠mi̠ ñè̠	NOCHANGE
Ye' kë̀ ku̠'bak shkö́k	Ye' kë̀ ku̠'bak shkö́k	NOCHANGE
Ká̠ ta̠ì̠ë di' bitù̠tse̠ cha	Ká̠ ta̠ì̠ë di' bitù̠tse̠ cha	NOCHANGE
Ká̠ dö̀ pàköl ká̠ su̠lì̠tu	Ká̠ dö̀ pàköl ká̠ su̠lì̠tu	NOCHANGE
E' ppèke̠rak irir	E' ppèke̠rak irir	NOCHANGE
Kë̀ ye' shko	Kë̀ ye' shko	NOCHANGE
E̠' ie'pa balë'kë́këpa ká̠ pàkö̀ke̠	E̠' ie'pa balë'kë́këpa ká̠ pàkö̀ke̠	NOCHANGE
Be' kë̀ ku̠ ye' tsí biö́k	Be' kë̀ ku̠ ye' tsí biö́k	NOCHANGE
Kë̀ ye' dör àrros ta̠we̠ ñè̠	Kë̀ ye' dör àrros ta̠we̠ ñè̠	NOCHANGE
Kë̀ àrros ta̠u̠k ñè̠	Kë̀ àrros ta̠u̠k ñè̠	NOCHANGE
Ye' tö i wámbalë'	Ye' tö i wámbalë'	NOCHANGE
Be' tö i chè	Be' tö i chè	NOCHANGE
E' mé̠a̠t sibö̀ dör se' a̠	E' mé̠a̠t sibö̀ dör se' a̠	NOCHANGE
Ie' ttö̀ke	Ie' ttö̀ke	NOCHANGE
I klö̀u̠wa̠ ie' wa̠ ma̠lí̠s	I klö̀u̠wa̠ ie' wa̠ ma̠lí̠s	NOCHANGE
Uya' alö́ si̠a̠!	Uya' alö́ si̠a̠!	NOCHANGE
Es' i' ke	Es' i' ke	NOCHANGE
E' ë̀ yulèke̠ne̠	E' ë̀ yulèke̠ne̠	NOCHANGE
Ye' tö kàsir té	Ye' tö kàsir té	NOCHANGE
Pues éjkë ye' be' kí̠me̠ dé	Pues éjkë ye' be' kí̠me̠ dé	NOCHANGE
A' tso i skö́k	A' tso i skö́k	NOCHANGE
Kë̀ ye' shka'ku̠	Kë̀ ye' shka'ku̠	NOCHANGE
Shkö̀k	Shkö̀k	NOCHANGE
Ye' shka'	Ye' shka'	NOCHANGE
Ie' akuö̀	Ie' akuö̀	NOCHANGE
Uyë̀jkuö à̠ritsök	Uyë̀jkuö à̠ritsök	NOCHANGE
Í̠ma̠ be' kiè	Í̠ma̠ be' kiè	NOCHANGE
Di' ulà	Di' ulà	NOCHANGE
Ye' aka̠' ie ma̠ñà̠t ya ká̠ ki̠'	Ye' aka̠' ie ma̠ñà̠t ya ká̠ ki̠'	NOCHANGE
E' tso' e̠'rö	E' tso' e̠'rö	NOCHANGE
Wë́m dur stsö́k	Wë́m dur stsö́k	NOCHANGE
Tabèchka ki̠ e̠' kéka̠ e'ta̠ bétk ie'pa mí̠a̠	Tabèchka ki̠ e̠' kéka̠ e'ta̠ bétk ie'pa mí̠a̠	NOCHANGE
Pûs kapë'wa̠	Pûs kapë'wa̠	NOCHANGE
Be' tö i kuèke	Be' tö i kuèke	NOCHANGE
Kë̀ kàsir të̀rku̠	Kë̀ kàsir të̀rku̠	NOCHANGE
Sa' sawàna̠ ie' yö́k kë̀ sa' ie' tsiríwe̠	Sa' sawàna̠ ie' yö́k kë̀ sa' ie' tsiríwe̠	NOCHANGE
Ye' tso kàsir tö́k	Ye' tso kàsir tö́k	NOCHANGE
Kë̀ be' dör ye' tsí bièpa	Kë̀ be' dör ye' tsí bièpa	NOCHANGE
Ulàmu̠k	Ulàmu̠k	NOCHANGE
E' ta̠ wé̠ ë̀töm ki̠ bua'ie i tso'	E' ta̠ wé̠ ë̀töm ki̠ bua'ie i tso'	NOCHANGE
Se' út	Se' út	NOCHANGE
Ye' bák i skö́k	Ye' bák i skö́k	NOCHANGE
I katö́	I katö́	NOCHANGE
Sa' rö ma̠	Sa' rö ma̠	NOCHANGE
Be' tö i ttèke	Be' tö i ttèke	NOCHANGE
Kë̀ shkàrpa	Kë̀ shkàrpa	NOCHANGE
Ttö̀ pó̠li̠	Ttö̀ pó̠li̠	NOCHANGE
Kë̀ ye' tsí bìrpa	Kë̀ ye' tsí bìrpa	NOCHANGE
Ie' tö i kèke	Ie' tö i kèke	NOCHANGE
Ma̠ ie' dawè tsikírke̠ se' a̠ sa̠mé̠	Ma̠ ie' dawè tsikírke̠ se' a̠ sa̠mé̠	NOCHANGE
Wë́m bák dur stsö́k	Wë́m bák dur stsö́k	NOCHANGE
Ye' tö i tsè	Ye' tö i tsè	NOCHANGE
Ba ttö́	Ba ttö́	NOCHANGE
Kë̀ ye' tsí biök	Kë̀ ye' tsí biök	NOCHANGE
Kë̀ kàsir tër	Kë̀ kàsir tër	NOCHANGE
Ie'pa kalötö	Ie'pa kalötö	NOCHANGE
Ie'pa út	Ie'pa út	NOCHANGE
E̠' ie'pa ú̠rke̠ tsiö̀ ù batà e̠' ká̠ kiè e̠' sìkuapa ú̠rke̠	E̠' ie'pa ú̠rke̠ tsiö̀ ù batà e̠' ká̠ kiè e̠' sìkuapa ú̠rke̠	NOCHANGE
I ujtéwa̠ irir	I ujtéwa̠ irir	NOCHANGE
Ye' tsí bìna̠	Ye' tsí bìna̠	NOCHANGE
Ie' kalö̀tö̀ke	Ie' kalö̀tö̀ke	NOCHANGE
Be' tö i ñè̠ke	Be' tö i ñè̠ke	NOCHANGE
Be' tö i ttè	Be' tö i ttè	NOCHANGE
Wë́m kë̀ ku̠'bak dur stsö́k	Wë́m kë̀ ku̠'bak dur stsö́k	NOCHANGE
Se' e̠' tkë'rë	Se' e̠' tkë'rë	NOCHANGE
Ye' tö kàsir tèmi̠	Ye' tö kàsir tèmi̠	NOCHANGE
Ye' tö kàsir të'mi̠	Ye' tö kàsir të'mi̠	NOCHANGE
Wákne̠	Wákne̠	NOCHANGE
Kàsir të̀na̠	Kàsir të̀na̠	NOCHANGE
Ta̠ bua' i wö̀na̠	Ta̠ bua' i wö̀na̠	NOCHANGE
Ye' e̠' dalë̀na̠i̠a̠pa	Ye' e̠' dalë̀na̠i̠a̠pa	NOCHANGE
Chìchi tö Po'tak kuèrâ	Chìchi tö Po'tak kuèrâ	NOCHANGE
Be' ka̠nè̠balö̀ke	Be' ka̠nè̠balö̀ke	NOCHANGE
Be' wa̠ ye' tsí bírule	Be' wa̠ ye' tsí bírule	NOCHANGE
Ye' kó̠pàkö̀ke	Ye' kó̠pàkö̀ke	NOCHANGE
Ese' ichè irir	Ese' ichè irir	NOCHANGE
Kë̀ i rë éjkë	Kë̀ i rë éjkë	NOCHANGE
I'ta̠ ie'pa kë̀ dë'ne̠	I'ta̠ ie'pa kë̀ dë'ne̠	NOCHANGE
Pero kë̀ e' rë wè̠s	Pero kë̀ e' rë wè̠s	NOCHANGE
Kutà ie ne̠ irir	Kutà ie ne̠ irir	NOCHANGE
Be' út	Be' út	NOCHANGE
E' ë̀ ti̠è̠ke̠ka̠mi̠ mà̠sopa tsá̠li̠ ta̠ dó kéu̠n	E' ë̀ ti̠è̠ke̠ka̠mi̠ mà̠sopa tsá̠li̠ ta̠ dó kéu̠n	NOCHANGE
Wé̠ wa̠ tsiru' kalö̀ tso' e' ta̠ e' wa̠	Wé̠ wa̠ tsiru' kalö̀ tso' e' ta̠ e' wa̠	NOCHANGE
Be'r bë́ma̠le̠k!	Be'r bë́ma̠le̠k!	NOCHANGE
Àlim icha dör	Àlim icha dör	NOCHANGE
Shtö̀k	Shtö̀k	NOCHANGE
Kë̀ be'r i ichàkök!	Kë̀ be'r i ichàkök!	NOCHANGE
Be' tö i tsirìwè̠	Be' tö i tsirìwè̠	NOCHANGE
Ye' kë̀ shkàne̠	Ye' kë̀ shkàne̠	NOCHANGE
Kë̀ kàsir tënu̠k	Kë̀ kàsir tënu̠k	NOCHANGE
Ie'pa tö kàsir chka të'a	Ie'pa tö kàsir chka të'a	NOCHANGE
Ye' tö i sa̠wè̠ke	Ye' tö i sa̠wè̠ke	NOCHANGE
Chìchi tö Po'tak kuè	Chìchi tö Po'tak kuè	NOCHANGE
Akuö̀u̠k	Akuö̀u̠k	NOCHANGE
Ye'r i sú̠	Ye'r i sú̠	NOCHANGE
Ye' tsí bìr	Ye' tsí bìr	NOCHANGE
Ie' tö i ka̠nè̠wè̠ke	Ie' tö i ka̠nè̠wè̠ke	NOCHANGE
Àrros tò̠r ñè̠	Àrros tò̠r ñè̠	NOCHANGE
Ie'pa bák i skö́k	Ie'pa bák i skö́k	NOCHANGE
Ye' sè̠rke	Ye' sè̠rke	NOCHANGE
Ie' tö i sa̠wè̠ke	Ie' tö i sa̠wè̠ke	NOCHANGE
Ye' tö i katèke	Ye' tö i katèke	NOCHANGE
Chìchi bák Po'tak kuö́k	Chìchi bák Po'tak kuö́k	NOCHANGE
Ajá! ö̀kö téka̠ne̠ i̠a̠ ta̠	Ajá! ö̀kö téka̠ne̠ i̠a̠ ta̠	NOCHANGE
Ye' stsö̀ke̠	Ye' stsö̀ke̠	NOCHANGE
Ùshikalök	Ùshikalök	NOCHANGE
Be' e̠' chö̀a̠t	Be' e̠' chö̀a̠t	NOCHANGE
Be' yö̀ne̠ escuela aì a̠	Be' yö̀ne̠ escuela aì a̠	NOCHANGE
Kë̀ be' é̠n a̠ ye' tsí bia'ku̠	Kë̀ be' é̠n a̠ ye' tsí bia'ku̠	NOCHANGE
A̠wí̠ e̠' ie'pa chkö̀ alö̀ke̠ a̠wí̠ e̠'	A̠wí̠ e̠' ie'pa chkö̀ alö̀ke̠ a̠wí̠ e̠'	NOCHANGE
Ie' kó̠pàkö̀	Ie' kó̠pàkö̀	NOCHANGE
Ye' kë̀ shkárule	Ye' kë̀ shkárule	NOCHANGE
Ye' é̠n a̠ àrros ta̠wa̠'ku̠ ñè̠	Ye' é̠n a̠ àrros ta̠wa̠'ku̠ ñè̠	NOCHANGE
Ye' kë̀ wa̠ i síne̠	Ye' kë̀ wa̠ i síne̠	NOCHANGE
A' e̠' tkë'rë	A' e̠' tkë'rë	NOCHANGE
Kë̀ ña̠ i yë̀nu̠k i̠a̠ bö̀t ma̠ñà̠t kí̠	Kë̀ ña̠ i yë̀nu̠k i̠a̠ bö̀t ma̠ñà̠t kí̠	NOCHANGE
Ie' tö i batörèke	Ie' tö i batörèke	NOCHANGE
Dabòm èyök	Dabòm èyök	NOCHANGE
Ie' e̠' chö̀kea̠t	Ie' e̠' chö̀kea̠t	NOCHANGE
Kë̀ ye' é̠n a̠ àrros ta̠wa̠'ku̠ ñè̠	Kë̀ ye' é̠n a̠ àrros ta̠wa̠'ku̠ ñè̠	NOCHANGE
Shkàr	Shkàr	NOCHANGE
A' a̠ ù̠ alir	A' a̠ ù̠ alir	NOCHANGE
Ie' tö i ttèke	Ie' tö i ttèke	NOCHANGE
Ye' tö i sa̠wè̠	Ye' tö i sa̠wè̠	NOCHANGE
Kë̀ ye' tö kàsir te	Kë̀ ye' tö kàsir te	NOCHANGE
Ie' dúwa̠	Ie' dúwa̠	NOCHANGE
Ie' ujtó	Ie' ujtó	NOCHANGE
