Wë́m dur stsö́k ye' shka'	Wë́m kë̀ ku̠ dur stsö́k kë̀ ye' shkàne̠	TYPE:NEG
Ye' dör àrros tó̠ ñè̠ chìchi tö po'tak kö'	Ye' dör àrros ta̠wè̠ke̠ ñè̠ chìchi tö po'tak kuèke̠	TENSE:IPFV_HAB;ASPECT:IPFV
Be' tö i kímè̠ke	Be' tö i kímè̠ke	NOCHANGE
Ka̠nè̠o̠rule wa	Ka̠nè̠o̠rule wa	NOCHANGE
Ie' ttö̀	Ie' ttö̀	NOCHANGE
Buà me̠r kàl ulà ki̠ wë́m dur stsö́k	Buà kë̀ ku̠ me̠r kàl ulà ki̠ wë́m kë̀ ku̠ dur stsö́k	TYPE:NEG
Be' ala'r ta̠	Be' ala'r ta̠	NOCHANGE
Ye' dör àrros tó̠ ñè̠ ye' shka'	Ye' a̠ àrros tó̠r ñè̠ ye' shkó	MODE:POT;TENSE:IPFV_REC;ASPECT:IPFV
Ukö̀ki̠ ta̠ mì̠ka̠ ye' dé bùsi	Ukö̀ki̠ ta̠ mì̠ka̠ ye' dé bùsi	NOCHANGE
Entonces ie' dë'rö ye' tsú̠k ye' ma̠nè̠ta̠	Entonces ie' dë'rö ye' tsú̠k ye' ma̠nè̠ta̠	NOCHANGE
Es' i' ke	Es' i' ke	NOCHANGE
Ie'pa mi̠kalè ta̠ ikuö̀ i tö̀ tèke̠	Ie'pa mi̠kalè ta̠ ikuö̀ i tö̀ tèke̠	NOCHANGE
Ye' dör àrros tó̠ ñè̠ ye' tö kàsir të'	Ye' kë̀ ku̠'bak àrros ta̠ú̠k ñè̠ ye' kë̀ ku̠'bak kàsir tö́k	TYPE:NEG;TENSE:PRF_PROG
Ye'r iché	Ye'r iché	NOCHANGE
Ye' tö kàsir të' ye' dör àrros tó̠ ñè̠	Ye' bák kàsir tö́k ye' bák àrros ta̠ú̠k ñè̠	TENSE:PRF_PROG
Ye'r i ti̠ó̠	Ye'r i ti̠ó̠	NOCHANGE
Ie' tö i kínè̠ke	Ie' tö i kínè̠ke	NOCHANGE
Bö́iki	Bö́iki	NOCHANGE
Ie' tö bö' yë'stsa̠ ye' e̠' tkë'rë	Ie' tö bö' yéstsa̠ ye' e̠' tkére	TENSE:PRF_REC
Be' tö i i̠ù̠tèke	Be' tö i i̠ù̠tèke	NOCHANGE
Ye' dör àrros tó̠ ñè̠ chìchi tö po'tak kö'	Kë̀ ye' dör àrros ta̠wè̠pa ñè̠ kë̀ chìchi tö po'tak kuèpa	TYPE:NEG;TENSE:FUT_CER;ASPECT:IPFV
Yàmi̠pa dë'rö e'tökicha ye' ta̠	Yàmi̠pa dë'rö e'tökicha ye' ta̠	NOCHANGE
Ye' shka' be' dör ye' tsí bi'	Kë̀ ye' shkö̀pa kë̀ be' dör ye' tsí bièpa	TYPE:NEG;TENSE:FUT_CER;ASPECT:IPFV
Ye' dör àrros tó̠ ñè̠ be' dör ye' tsí bi'	Kë̀ ye' dör àrros ta̠wè̠ku̠ ñè̠ kë̀ be' dör ye' tsí bièku̠	TYPE:NEG;TENSE:IPFV_HAB;ASPECT:IPFV
Alà r i kalö̀io charéo̠	Alà r i kalö̀io charéo̠	NOCHANGE
E'tkla ë̀ e' mí̠k be' tso'se̠n	E'tkla ë̀ e' mí̠k be' tso'se̠n	NOCHANGE
Ye' ki̠ dawás tso' dieciocho	Ye' ki̠ dawás tso' dieciocho	NOCHANGE
Ye' tö kàsir të' ie' dúwa̠	Ye' kë̀ wa̠ kàsir të̀ne̠ ie kë̀ dùnè̠wa̠	TYPE:NEG
Ye' tö kàsir të' be' dör ye' tsí bi'	Kàsir të̀rke̠ ye' tsí bìrke̠	TENSE:IPFV_HAB;ASPECT:IPFV;VOICE:MID;PERSON:NA
E' ia'wè̠ke̠	E' ia'wè̠ke̠	NOCHANGE
Ye' dör àrros tó̠ ñè̠ chìchi tö po'tak kö'	Kë̀ ye' a̠ àrros tó̠r ñè̠ kë̀ chìchi a̠ po'tak kö́r	TYPE:NEG;MODE:POT;TENSE:IPFV_REC;ASPECT:IPFV
Ye' dör àrros tó̠ ñè̠ be' dör ye' tsí bi'	Kë̀ àrros tò̠ne̠ ñè̠ kë̀ ye' tsí bìne̠	TYPE:NEG;VOICE:MID;PERSON:NA
Ye' shka' ye' dör àrros tó̠ ñè̠	Ye' shkö̀ ye' dör àrros ta̠wè̠ ñè̠	TENSE:IPFV_REC;ASPECT:IPFV
Ie' tö i kàchèke	Ie' tö i kàchèke	NOCHANGE
Kë̀ e' ki̠ i ku̠ bua'ie	Kë̀ e' ki̠ i ku̠ bua'ie	NOCHANGE
É̠ma̠ e' stsè stsèke̠ ñe̠'	É̠ma̠ e' stsè stsèke̠ ñe̠'	NOCHANGE
Wè̠s kirë̀rma̠pa icha wé ma̠	Wè̠s kirë̀rma̠pa icha wé ma̠	NOCHANGE
Be' dör ye' tsí bi' chìchi tö po'tak kö'	Kë̀ be' dör ye' tsí bie kë̀ chìchi tö po'tak kue	TYPE:NEG;TENSE:IPFV_REC;ASPECT:IPFV
Ie' tö bö' yë'stsa̠ ye' dör àrros tó̠ ñè̠	Ie' tö bö' yéstsa̠ ye' dör àrros ta̠wé̠ ñè̠	TENSE:PRF_REC
Ie' dúwa̠ ye' út	Ie' dawówa̠ ye' ujté	TENSE:PRF_REC
Ye' tö kàsir të' ye' tö i sík	Ye' kë̀ ku̠ kàsir tö́k ye' kë̀ ku̠ i skö́k	TYPE:NEG;TENSE:IPFV_PROG;ASPECT:IPFV
Ye' dör àrros tó̠ ñè̠ ye' tö kàsir të'	Àrros tò̠r ñè̠ kàsir të̀r	TENSE:IPFV_REC;ASPECT:IPFV;VOICE:MID;PERSON:NA
Sa' tö klö́m akëwe̠	Sa' tö klö́m akëwe̠	NOCHANGE
I̠ì̠ne̠	I̠ì̠ne̠	NOCHANGE
E'r e'r se' kapówa̠ie e'r	E'r e'r se' kapówa̠ie e'r	NOCHANGE
Be' dör ye' tsí bi' ye' tö i sík	Be' kë̀ wa̠ ye' tsí bìne̠ ye' kë̀ wa̠ i síne̠	TYPE:NEG
Ye' dör àrros tó̠ ñè̠ be' dör ye' tsí bi'	Ye' wa̠ àrros ta̠wa̠' ñè̠ be' wa̠ ye' tsí bia'	MODE:ADVERS
Ù̠ ki̠ ì ki̠ kapö̀râ i̠e̠'	Ù̠ ki̠ ì ki̠ kapö̀râ i̠e̠'	NOCHANGE
Ie' i̠ù̠ke	Ie' i̠ù̠ke	NOCHANGE
Ie' dúwa̠ ye' shka'	Ie kë̀ dùnè̠wa̠ kë̀ ye' shkàne̠	TYPE:NEG
Ye' dör àrros tó̠ ñè̠ be' dör ye' tsí bi'	Àrros ta̠wè̠mi̠ ñè̠ ye' tsí bìrmi̠	TENSE:FUT_POT;ASPECT:IPFV;VOICE:MID;PERSON:NA
I kuö́	I kuö́	NOCHANGE
Ye' shka' ye' tö kàsir të'	Ye' tso shkö́k ye' tso kàsir tö́k	TENSE:IPFV_PROG;ASPECT:IPFV
Ie' tö i kuè	Ie' tö i kuè	NOCHANGE
Ie' tö i tsèke	Ie' tö i tsèke	NOCHANGE
Ie' é̠r	Ie' é̠r	NOCHANGE
Ye' dör àrros tó̠ ñè̠ ye' shka'	Ye' é̠n a̠ àrros ta̠wa̠'ku̠ ñè̠ ye' shka'ku̠	MODE:DES;TENSE:IPFV_REC;ASPECT:IPFV
Ye' tö kàsir të' chìchi tö po'tak kö'	Ye' tö kàsir tèrâ chìchi tö po'tak kuèrâ	TENSE:FUT_CER;ASPECT:IPFV
Brö̀ ì	Brö̀ ì	NOCHANGE
Ye' shka' ye' tö i sík	Ye' tso shkö́k ye' tso i skö́k	TENSE:IPFV_PROG;ASPECT:IPFV
Kë̀ ie' a̠ sabák yör	Kë̀ ie' a̠ sabák yör	NOCHANGE
E' mé̠a̠t sibö̀ dör se' a̠	E' mé̠a̠t sibö̀ dör se' a̠	NOCHANGE
Ye'r i su̠wé̠mi̠	Ye'r i su̠wé̠mi̠	NOCHANGE
Be' dör ye' tsí bi' ye' dör àrros tó̠ ñè̠	Kë̀ ye' tsí biar kë̀ àrros ta̠wa̠r ñè̠	TYPE:NEG;MODE:IMP;TENSE:IPFV_REC;ASPECT:IPFV;VOICE:MID;PERSON:NA
Ye' dör àrros tó̠ ñè̠ wë́m dur stsö́k	Ye' kë̀ wa̠ àrros tò̠ne̠ ñè̠ wë́m kë̀ ku̠ dur stsö́k	TYPE:NEG
Chìchi tö po'tak kö' ye' tö kàsir të'	Chìchi kë̀ ku̠ po'tak kuö́k ye' kë̀ ku̠ kàsir tö́k	TYPE:NEG;TENSE:IPFV_PROG;ASPECT:IPFV
Ye' tö i mo̠wè̠	Ye' tö i mo̠wè̠	NOCHANGE
Ye' tö kàsir të' be' dör ye' tsí bi'	Ye' tö kàsir tèke̠ be' dör ye' tsí bièke̠	TENSE:IPFV_HAB;ASPECT:IPFV
Buà me̠r kàl ulà ki̠ wë́m dur stsö́k	Buà bák dapárke kàl ulà ki̠ wë́pa bák ië'te̠n stsö́k	TENSE:PRF_REM;ASPECT:PFV;ABSNUM:PL
E' ta̠ wé̠ ë̀töm ki̠ bua'ie i tso'	E' ta̠ wé̠ ë̀töm ki̠ bua'ie i tso'	NOCHANGE
Ye' tö i sík ye' e̠' tkë'rë	Ye' tö i skè ye' e̠' tkö̀rö	TENSE:IPFV_REC;ASPECT:IPFV
I̠nì̠ne̠	I̠nì̠ne̠	NOCHANGE
Dabòm su̠lì̠tuyök	Dabòm su̠lì̠tuyök	NOCHANGE
Ye' tö i kíme̠' ye' tö kàsir të'	Ye' tö i kimè̠ ye' tö kàsir tè	TENSE:IPFV_REC;ASPECT:IPFV
Ie'pa dör e' kapéyèke̠ be' ñe̠' ye' wö́s i kiè e' kapë ie'pa e' bua'wè̠ke̠ne̠	Ie'pa dör e' kapéyèke̠ be' ñe̠' ye' wö́s i kiè e' kapë ie'pa e' bua'wè̠ke̠ne̠	NOCHANGE
Mì̠kalè ta̠ i chówa	Mì̠kalè ta̠ i chówa	NOCHANGE
E' ë̀ ppèke̠ ie'pa ye' i kiè	E' ë̀ ppèke̠ ie'pa ye' i kiè	NOCHANGE
Be' dör ye' tsí bi' ye' shka'	Kë̀ be' a̠ ye' tsí bír kë̀ ye' shko	TYPE:NEG;MODE:POT;TENSE:IPFV_REC;ASPECT:IPFV
Su̠lì̠ ètöm	Su̠lì̠ ètöm	NOCHANGE
Alà tö ali' ña̠' chìchi tö po'tak kö'	Alà tö ali' ñé̠ chìchi tö po'tak kué	TENSE:PRF_REC
Ulàmu̠k	Ulàmu̠k	NOCHANGE
Be' dör ye' tsí bi' chìchi tö po'tak kö'	Be' dör ye' tsí bièrâ chìchi tö po'tak kuèrâ	TENSE:FUT_CER;ASPECT:IPFV
Ye' tö i sík wë́m dur stsö́k	Ye' kë̀ wa̠ i síne̠ wë́m kë̀ ku̠ dur stsö́k	TYPE:NEG
Be' dör ye' tsí bi' ye' shka'	Be' dör ye' tsí bièmi̠ ye' shkö̀mi̠	TENSE:FUT_POT;ASPECT:IPFV
Be' dör ye' tsí bi' ye' dör àrros tó̠ ñè̠	Be' dör ye' tsí bièrâ ye' dör àrros ta̠wè̠râ ñè̠	TENSE:FUT_CER;ASPECT:IPFV
Be' dör ye' tsí bi' ye' dör àrros tó̠ ñè̠	Kë̀ ye' tsí bìnu̠k kë̀ àrros tò̠nu̠k ñè̠	TYPE:NEG;TENSE:FUT_POT;ASPECT:IPFV;VOICE:MID;PERSON:NA
Cien ské̠yök	Cien ské̠yök	NOCHANGE
Ye' tö kàsir të' ie' dúwa̠	Ye' tö kàsir tèmi̠ ie' dawö̀wa̠mi̠	TENSE:FUT_POT;ASPECT:IPFV
Ye' shka' ie' dúwa̠	Ye' shké ie' dawówa̠	TENSE:PRF_REC
Ye' tö kàsir të' be' dör ye' tsí bi'	Ye' kë̀ wa̠ kàsir të̀ne̠ be' kë̀ wa̠ ye' tsí bìne̠	TYPE:NEG;TENSE:PRF_REC
Chìchi tö po'tak kö' ie' dúwa̠	Kë̀ chìchi tö po'tak kuèpa kë̀ ie' dawö̀pawa̠	TYPE:NEG;TENSE:FUT_CER;ASPECT:IPFV
E' a̠ ie' dawè tso' e' ku̠é̠ki̠ e' ñè̠ke ie' yö́ki̠	E' a̠ ie' dawè tso' e' ku̠é̠ki̠ e' ñè̠ke ie' yö́ki̠	NOCHANGE
Chìchi tö po'tak kö' be' dör ye' tsí bi'	Chìchi tö po'tak kuèrâ be' dör ye' tsí bièrâ	TENSE:FUT_CER;ASPECT:IPFV
Be' dör ye' tsí bi' ye' tö i sík	Be' kë̀ ku̠ ye' tsí biö́k ye' kë̀ ku̠ i skö́k	TYPE:NEG;TENSE:IPFV_PROG;ASPECT:IPFV
Tcho̠'dawe sulù pë'!	Tcho̠'dawe sulù pë'!	NOCHANGE
Ye' shka' ye' tö i kíme̠'	Ye' tso shkö́k ye' tso i kímu̠k	TENSE:IPFV_PROG;ASPECT:IPFV
Ye' út ye' shka'	Ye' ujté ye' shké	TENSE:PRF_REC
Ye' tö i kíme̠' chìchi tö po'tak kö'	Ye' tso i kímu̠k chìchi tso po'tak kuö́k	TENSE:IPFV_PROG;ASPECT:IPFV
Ie' déne̠ i dawö' a̠ i chö́k tö à! dawö'	Ie' déne̠ i dawö' a̠ i chö́k tö à! dawö'	NOCHANGE
Wé̠alè é! be' dë́rule ka̠ñí̠k a̠ e' apàkö́ ña̠	Wé̠alè é! be' dë́rule ka̠ñí̠k a̠ e' apàkö́ ña̠	NOCHANGE
Cien tkë́yök	Cien tkë́yök	NOCHANGE
Mí̠shka kalö̀tök!	Mí̠shka kalö̀tök!	NOCHANGE
Chìchi tö po'tak kö' be' dör ye' tsí bi'	Kë̀ chìchi a̠ po'tak kö́r kë̀ be' a̠ ye' tsí bír	TYPE:NEG;MODE:POT;TENSE:IPFV_REC;ASPECT:IPFV
Ie' tö i kímè̠	Ie' tö i kímè̠	NOCHANGE
Ie' tö i ñè̠	Ie' tö i ñè̠	NOCHANGE
Ye' shka' ye' tö kàsir të'	Kë̀ ye' shkàne̠ ye' kë̀ wa̠ kàsir të̀ne̠	TYPE:NEG
E' rö ñà̠no̠ ta̠ dúla tso'	E' rö ñà̠no̠ ta̠ dúla tso'	NOCHANGE
Ye' tö i sík ye' tö kàsir të'	Ye' tö i skè ye' tö kàsir tè	TENSE:IPFV_REC;ASPECT:IPFV
Balë' wë́pa mí̠tke e' itö̀ki̠	Balë' wë́pa mí̠tke e' itö̀ki̠	NOCHANGE
Ie' dúwa̠ ye' tö i kíme̠'	Ie' tso dawö́kwa̠ ye' tso i kímu̠k	TENSE:IPFV_PROG;ASPECT:IPFV
Sibö̀r e' a̠mé̠a̠t ajkö́no̠	Sibö̀r e' a̠mé̠a̠t ajkö́no̠	NOCHANGE
Ie' dúwa̠ be' dör ye' tsí bi'	Ie kë̀ dùnè̠wa̠ be' kë̀ wa̠ ye' tsí bìne̠	TYPE:NEG
Chìchi tö po'tak kö' ye' shka'	Kë̀ chìchi tö po'tak kuök kë̀ ye' shkök	TYPE:NEG;TENSE:FUT_POT;ASPECT:IPFV
Kë̀ ña̠ i yë̀nu̠k i̠a̠ bö̀t ma̠ñà̠t kí̠	Kë̀ ña̠ i yë̀nu̠k i̠a̠ bö̀t ma̠ñà̠t kí̠	NOCHANGE
Ye' shka' be' dör ye' tsí bi'	Ye' bák shkö́k be' bák ye' tsí biö́k	TENSE:PRF_PROG
Tkë́tökicha	Tkë́tökicha	NOCHANGE
Ie' dúwa̠ be' dör ye' tsí bi'	Ie' kë̀ ku̠ dawö́kwa̠ be' kë̀ ku̠ ye' tsí biö́k	TYPE:NEG;TENSE:IPFV_PROG;ASPECT:IPFV
Ma̠ ie' dawè tsikírke̠ se' a̠ sa̠mé̠	Ma̠ ie' dawè tsikírke̠ se' a̠ sa̠mé̠	NOCHANGE
Dià e̠ ká̠ kiè chase e̠'	Dià e̠ ká̠ kiè chase e̠'	NOCHANGE
Ye' dör àrros tó̠ ñè̠ chìchi tö po'tak kö'	Ye' dör àrros ta̠wè̠ ñè̠ chìchi tö po'tak kuè	TENSE:IPFV_REC;ASPECT:IPFV
Talók akàla tër sé̠ wé̠alè	Talók akàla tër sé̠ wé̠alè	NOCHANGE
Be' tö i shkè̠wè̠	Be' tö i shkè̠wè̠	NOCHANGE
Sàl ku̠è̠ tso' i dómi̠ dù kö̀ie ku̠è̠ sö	Sàl ku̠è̠ tso' i dómi̠ dù kö̀ie ku̠è̠ sö	NOCHANGE
E̠' yawö́	E̠' yawö́	NOCHANGE
Ie' tö i shkè̠wè̠ke	Ie' tö i shkè̠wè̠ke	NOCHANGE
Ye' dör àrros tó̠ ñè̠ ie' dúwa̠	Ye' kë̀ ku̠ àrros ta̠ú̠k ñè̠ ie' kë̀ ku̠ dawö́kwa̠	TYPE:NEG;TENSE:IPFV_PROG;ASPECT:IPFV
Ye' dör àrros tó̠ ñè̠ ye' shka'	Ye' tso àrros ta̠ú̠k ñè̠ ye' tso shkö́k	TENSE:IPFV_PROG;ASPECT:IPFV
Be' dör ye' tsí bi' ye' tö kàsir të'	Ye' tsí bìrdâ kàsir të̀rdâ	TENSE:FUT_CER;ASPECT:IPFV;VOICE:MID;PERSON:NA
Ye' tö kàsir të' ye' shka'	Ye' tö kàsir té ye' shké	TENSE:PRF_REC
Chìchi tö po'tak kö' ye' dör àrros tó̠ ñè̠	Chìchi bák po'tak kuö́k ye' bák àrros ta̠ú̠k ñè̠	TENSE:PRF_PROG
Be' dör ye' tsí bi' ye' dör àrros tó̠ ñè̠	Be' dör ye' tsí bi'mi̠ ye' dör àrros tó̠mi̠ ñè̠	ASPECT:INC
Se' e's tër irirla	Se' e's tër irirla	NOCHANGE
Be' dör ye' tsí bi' ye' tö kàsir të'	Kë̀ ye' tsí bìne̠ kë̀ kàsir të̀ne̠	TYPE:NEG;VOICE:MID;PERSON:NA
E̠' yawö́	E̠' yawö́	NOCHANGE
Ye' tö kàsir të' ye' shka'	Ye' kë̀ wa̠ kàsir të́rule ye' kë̀ shkárule	TYPE:NEG;TENSE:PAS_PLU
Ye' dör àrros tó̠ ñè̠ chìchi tö po'tak kö'	Ye' dör àrros ta̠wè̠râ ñè̠ chìchi tö po'tak kuèrâ	TENSE:FUT_CER;ASPECT:IPFV
Be' dör ye' tsí bi' chìchi tö po'tak kö'	Be' kë̀ wa̠ ye' tsí bírule chìchi kë̀ wa̠ po'tak kö́rule	TYPE:NEG;TENSE:PAS_PLU
Ye' dör àrros tó̠ ñè̠ be' dör ye' tsí bi'	Kë̀ ye' dör àrros ta̠u̠k ñè̠ kë̀ be' dör ye' tsí biök	TYPE:NEG;TENSE:FUT_POT;ASPECT:IPFV
Ie' tö i wámbalèke	Ie' tö i wámbalèke	NOCHANGE
Ye' tö kàsir të' ye' dör àrros tó̠ ñè̠	Ye' tö kàsir tèrâ ye' dör àrros ta̠wè̠râ ñè̠	TENSE:FUT_CER;ASPECT:IPFV
Bua' i yö̀na̠ e' ta̠ i̠nì̠na̠ se' a̠	Bua' i yö̀na̠ e' ta̠ i̠nì̠na̠ se' a̠	NOCHANGE
Entonces se' ë́ e' kéu̠mi̠ e' ta̠ kë̀ i dë́i̠a̠	Entonces se' ë́ e' kéu̠mi̠ e' ta̠ kë̀ i dë́i̠a̠	NOCHANGE
Chìchi tö po'tak kö' ye' shka'	Chìchi a̠ po'tak kö́r ye' shkó	MODE:POT;TENSE:IPFV_REC;ASPECT:IPFV
Ye' dör àrros tó̠ ñè̠ ye' tö kàsir të'	Àrros tò̠ne̠ ñè̠ kàsir të̀ne̠	VOICE:MID;PERSON:NA
Ie' e̠ne̠'	Ie' e̠ne̠'	NOCHANGE
Ye' út ye' dör àrros tó̠ ñè̠	Ye' ujté ye' dör àrros ta̠wé̠ ñè̠	TENSE:PRF_REC
Ye' dör àrros tó̠ ñè̠ ye' shka'	Ye' dör àrros ta̠wé̠mi̠ ñè̠ ye' shkémi̠	TENSE:PRF_REC;ASPECT:INC
Ye' shka' chìchi tö po'tak kö'	Ye' shké chìchi tö po'tak kué	TENSE:PRF_REC
Chìchi tö po'tak kö' be' dör ye' tsí bi'	Kë̀ chìchi tö po'tak kuèku̠ kë̀ be' dör ye' tsí bièku̠	TYPE:NEG;TENSE:IPFV_HAB;ASPECT:IPFV
Ye' tö kàsir të' chìchi tö po'tak kö'	Kë̀ ye' tö kàsir te kë̀ chìchi tö po'tak kue	TYPE:NEG;TENSE:IPFV_REC;ASPECT:IPFV
I bikö́kmi̠	I bikö́kmi̠	NOCHANGE
Be' dör ye' tsí bi' ye' tö kàsir të'	Kë̀ ye' tsí biar kë̀ kàsir tar	TYPE:NEG;MODE:IMP;TENSE:IPFV_REC;ASPECT:IPFV;VOICE:MID;PERSON:NA
Dabòm ma̠ñà̠yök kí̠ kúl	Dabòm ma̠ñà̠yök kí̠ kúl	NOCHANGE
Ye' tö i sík ye' dör àrros tó̠ ñè̠	Ye' bák i skö́k ye' bák àrros ta̠ú̠k ñè̠	TENSE:PRF_PROG
Kutà ie ne̠ irir	Kutà ie ne̠ irir	NOCHANGE
Ye' shka' ye' dör àrros tó̠ ñè̠	Ye' shka' ye' wa̠ àrros ta̠wa̠' ñè̠	MODE:ADVERS
Ie' dúwa̠ ye' shka'	Kë̀ ie' dawö̀pawa̠ kë̀ ye' shkö̀pa	TYPE:NEG;TENSE:FUT_CER;ASPECT:IPFV
Ye' dör àrros tó̠ ñè̠ be' dör ye' tsí bi'	Ye' kë̀ ku̠ àrros ta̠ú̠k ñè̠ be' kë̀ ku̠ ye' tsí biö́k	TYPE:NEG;TENSE:IPFV_PROG;ASPECT:IPFV
Ye' e̠' chö̀a̠t	Ye' e̠' chö̀a̠t	NOCHANGE
Kë̀ be' dör saco ajkö̀ma̠u̠k!	Kë̀ be' dör saco ajkö̀ma̠u̠k!	NOCHANGE
Be' yö̀ne̠ escuela aì a̠	Be' yö̀ne̠ escuela aì a̠	NOCHANGE
I̠à̠na̠ ta̠ e' e' tsikìna̠ ta̠ í̠e̠ í̠e̠ awá irir óköm e' rö i ka̠nè̠u̠k i kapèbalök	I̠à̠na̠ ta̠ e' e' tsikìna̠ ta̠ í̠e̠ í̠e̠ awá irir óköm e' rö i ka̠nè̠u̠k i kapèbalök	NOCHANGE
Wé̠ wa̠ tsiru' kalö̀ tso' e' ta̠ e' wa̠	Wé̠ wa̠ tsiru' kalö̀ tso' e' ta̠ e' wa̠	NOCHANGE
Ye' dör àrros tó̠ ñè̠ ye' tö i kíme̠'	Ye' dör àrros ta̠wè̠ ñè̠ ye' tö i kimè̠	TENSE:IPFV_REC;ASPECT:IPFV
Ye' dör àrros tó̠ ñè̠ ye' tö kàsir të'	Ye' kë̀ wa̠ àrros tò̠ne̠ ñè̠ ye' kë̀ wa̠ kàsir të̀ne̠	TYPE:NEG
No kë̀r e's	No kë̀r e's	NOCHANGE
Ése e̠n	Ése e̠n	NOCHANGE
Ye' út ye' e̠' tkë'rë	Ye' ujtö̀ ye' e̠' tkö̀rö	TENSE:IPFV_REC;ASPECT:IPFV
Ye' tö i kíme̠' chìchi tö po'tak kö'	Ye' kë̀ wa̠ i kía̠mè̠ne̠ chìchi kë̀ wa̠ po'tak kö̀ne̠	TYPE:NEG;TENSE:PRF_REC
Bétk bétk ë á̠jà̠ e' yë̀na̠	Bétk bétk ë á̠jà̠ e' yë̀na̠	NOCHANGE
Kalö̀ ki̠ ie'pa ú̠rke̠ shtö' ma̠ ñe̠'	Kalö̀ ki̠ ie'pa ú̠rke̠ shtö' ma̠ ñe̠'	NOCHANGE
Se' shù̠ dalë́rke̠ wa̠	Se' shù̠ dalë́rke̠ wa̠	NOCHANGE
E's ie i wà dör	E's ie i wà dör	NOCHANGE
Ie' tö i sa̠wè̠	Ie' tö i sa̠wè̠	NOCHANGE
Alà tö ali' ña̠' be' dör ye' tsí bi'	Alà tö ali' ñé̠ be' dör ye' tsí bé	TENSE:PRF_REC
Uya' alö́ si̠a̠!	Uya' alö́ si̠a̠!	NOCHANGE
Ká̠ dör iku̠á̠ki̠ iku̠á̠ki̠	Ká̠ dör iku̠á̠ki̠ iku̠á̠ki̠	NOCHANGE
Chìchi tö po'tak kö' ye' dör àrros tó̠ ñè̠	Chìchi a̠ po'tak kö́r ye' a̠ àrros tó̠r ñè̠	MODE:POT;TENSE:IPFV_REC;ASPECT:IPFV
Ye' shka' ye' dör àrros tó̠ ñè̠	Kë̀ ye' shkö̀pa kë̀ ye' dör àrros ta̠wè̠pa ñè̠	TYPE:NEG;TENSE:FUT_CER;ASPECT:IPFV
Ye' tö kàsir të' ye' dör àrros tó̠ ñè̠	Kë̀ kàsir tënu̠k kë̀ àrros tò̠nu̠k ñè̠	TYPE:NEG;TENSE:FUT_POT;ASPECT:IPFV;VOICE:MID;PERSON:NA
Ie' è̠rke	Ie' è̠rke	NOCHANGE
Ba ttö́	Ba ttö́	NOCHANGE
Be' dör ye' tsí bi' ye' shka'	Be' é̠n a̠ ye' tsí bia'ku̠ ye' shka'ku̠	MODE:DES;TENSE:IPFV_REC;ASPECT:IPFV
Ye' dör àrros tó̠ ñè̠ be' dör ye' tsí bi'	Ye' dör àrros ta̠wè̠ ñè̠ be' dör ye' tsí biè	TENSE:IPFV_REC;ASPECT:IPFV
Chìchi tö po'tak kö' ye' tö kàsir të'	Chìchi kë̀ ku̠'bak po'tak kuö́k ye' kë̀ ku̠'bak kàsir tö́k	TYPE:NEG;TENSE:PRF_PROG
A' a̠ ù̠ alir	A' a̠ ù̠ alir	NOCHANGE
Ye'r i ali'	Ye'r i ali'	NOCHANGE
Ye' inù̠ke	Ye' inù̠ke	NOCHANGE
Ye' tö i sík ye' shka'	Ye' bák i skö́k ye' bák shkö́k	TENSE:PRF_PROG
Ye' tö i kíme̠' ye' dör àrros tó̠ ñè̠	Ye' tso i kímu̠k ye' tso àrros ta̠ú̠k ñè̠	TENSE:IPFV_PROG;ASPECT:IPFV
Chìchi tö po'tak kö' ye' tö i sík	Chìchi tö po'tak kuè ye' tö i skè	TENSE:IPFV_REC;ASPECT:IPFV
Ye' tö kàsir të' ye' dör àrros tó̠ ñè̠	Kë̀ kàsir të̀rpa kë̀ àrros ta̠wè̠pa ñè̠	TYPE:NEG;TENSE:FUT_CER;ASPECT:IPFV;VOICE:MID;PERSON:NA
Ye' aka̠' ie ma̠ñà̠t ya ká̠ ki̠'	Ye' aka̠' ie ma̠ñà̠t ya ká̠ ki̠'	NOCHANGE
Chìchi tö po'tak kö' be' dör ye' tsí bi'	Chìchi tö po'tak kuèmi̠ be' dör ye' tsí bièmi̠	TENSE:FUT_POT;ASPECT:IPFV
Ye' shka' ie' dúwa̠	Kë̀ ye' shkö̀pa kë̀ ie' dawö̀pawa̠	TYPE:NEG;TENSE:FUT_CER;ASPECT:IPFV
Ye' tö i ichàkèke	Ye' tö i ichàkèke	NOCHANGE
Ye' tö kàsir të' be' dör ye' tsí bi'	Ye' wa̠ kàsir ta' be' wa̠ ye' tsí bia'	MODE:ADVERS
Ye' tö i sík ie' dúwa̠	Ye' kë̀ wa̠ i síne̠ ie kë̀ dùnè̠wa̠	TYPE:NEG
Buà me̠r kàl ulà ki̠ ye' shka'	Buà kë̀ ku̠ me̠r kàl ulà ki̠ kë̀ ye' shkàne̠	TYPE:NEG
Ye' tö i kínè̠ke	Ye' tö i kínè̠ke	NOCHANGE
Be' tö i shtèke	Be' tö i shtèke	NOCHANGE
Be' dör ye' tsí bi' ye' tö kàsir të'	Be' wa̠ ye' tsí bírule ye' wa̠ kàsir të́rule	TENSE:PAS_PLU
Chìchi tö po'tak kö' ye' shka'	Chìchi wa̠ po'tak kö́rule ye' shkárule	TENSE:PAS_PLU
Ichàkök	Ichàkök	NOCHANGE
Chìchi tö po'tak kö' ie' tö bö' yë'stsa̠	Chìchi tö po'tak kué ie' tö bö' yéstsa̠	TENSE:PRF_REC
Ye' shka' ye' tö i kíme̠'	Ye' shkö̀ ye' tö i kimè̠	TENSE:IPFV_REC;ASPECT:IPFV
Balo' dawà ö̀köie	Balo' dawà ö̀köie	NOCHANGE
Tsó̠li tsó̠li̠	Tsó̠li tsó̠li̠	NOCHANGE
A yë́!	A yë́!	NOCHANGE
Be' dör ye' tsí bi' ie' dúwa̠	Be' bák ye' tsí biö́k ie' bák dawö́kwa̠	TENSE:PRF_PROG
Ye' tö kàsir të' ye' dör àrros tó̠ ñè̠	Kàsir të̀r àrros tò̠r ñè̠	TENSE:IPFV_REC;ASPECT:IPFV;VOICE:MID;PERSON:NA
Bö̀tökicha	Bö̀tökicha	NOCHANGE
Chìchi tö po'tak kö' ye' shka'	Chìchi tö po'tak kuèke̠ ye' shkö̀ke̠	TENSE:IPFV_HAB;ASPECT:IPFV
Tsawì èk	Tsawì èk	NOCHANGE
Be' dör ye' tsí bi' ye' dör àrros tó̠ ñè̠	Ye' tsí bìna̠ àrros tò̠na̠ ñè̠	TENSE:PRF_REC;VOICE:MID;PERSON:NA
Kë̀ rö wáñe̠	Kë̀ rö wáñe̠	NOCHANGE
Cien pàryök	Cien pàryök	NOCHANGE
Ie' tö i batörèke	Ie' tö i batörèke	NOCHANGE
Ye' dör àrros tó̠ ñè̠ be' dör ye' tsí bi'	Kë̀ ye' dör àrros ta̠we̠ ñè̠ kë̀ be' dör ye' tsí bie	TYPE:NEG;TENSE:IPFV_REC;ASPECT:IPFV
Mì̠ka̠ e' se' klö'we̠ kàl wö e' tsikìna̠ se' ki̠ e' ichö́kle e' kë̀ bua'ne̠i̠a̠	Mì̠ka̠ e' se' klö'we̠ kàl wö e' tsikìna̠ se' ki̠ e' ichö́kle e' kë̀ bua'ne̠i̠a̠	NOCHANGE
Se' dalö̀ièke̠	Se' dalö̀ièke̠	NOCHANGE
Ye' tö kàsir të' ye' dör àrros tó̠ ñè̠	Kë̀ kàsir të̀rku̠ kë̀ àrros ta̠wè̠ku̠ ñè̠	TYPE:NEG;TENSE:IPFV_HAB;ASPECT:IPFV;VOICE:MID;PERSON:NA
Ye' tö i ttè	Ye' tö i ttè	NOCHANGE
Ie' dúwa̠ chìchi tö po'tak kö'	Ie' dawówa̠ chìchi tö po'tak kué	TENSE:PRF_REC
Buà me̠r kàl ulà ki̠ ye' tö kàsir të'	Buà kë̀ ku̠ me̠r kàl ulà ki̠ ye' kë̀ wa̠ kàsir të̀ne̠	TYPE:NEG
Ye' shka' be' dör ye' tsí bi'	Ye' shké be' dör ye' tsí bé	TENSE:PRF_REC
Awá tso' i kàl apasíu̠k tabè wa	Awá tso' i kàl apasíu̠k tabè wa	NOCHANGE
Ie' tö bö' yë'stsa̠ wë́m dur stsö́k	Ie' tö bö' yë'ulur wë́pa ië'te̠n stsö́k	ABSNUM:PL
Ye' shka' chìchi tö po'tak kö'	Ye' shkémi̠ chìchi tö po'tak kuémi̠	TENSE:PRF_REC;ASPECT:INC
Ye' tö i sík chìchi tö po'tak kö'	Ye' bák i skö́k chìchi bák po'tak kuö́k	TENSE:PRF_PROG
Be' tö i yulèke	Be' tö i yulèke	NOCHANGE
Kutàie irir wak kë̀ ye' i tsiríwe̠	Kutàie irir wak kë̀ ye' i tsiríwe̠	NOCHANGE
Ye' tö i sík be' dör ye' tsí bi'	Ye' tö i skè be' dör ye' tsí biè	TENSE:IPFV_REC;ASPECT:IPFV
Alàralar wö̀ki̠la	Alàralar wö̀ki̠la	NOCHANGE
Ye' út ye' tö kàsir të'	Ye' ujté ye' tö kàsir té	TENSE:PRF_REC
Be' dör ye' tsí bi' ye' út	Be' tso ye' tsí biö́k ye' tso ujtö́k	TENSE:IPFV_PROG;ASPECT:IPFV
Su̠lì̠ ùru tso' kàl ajkuö̀jchök	Su̠lì̠ ùru tso' kàl ajkuö̀jchök	NOCHANGE
Ye' dör àrros tó̠ ñè̠ ye' shka'	Ye' dör àrros ta̠wé̠ ñè̠ ye' shké	TENSE:PRF_REC
Kabë̀pa	Kabë̀pa	NOCHANGE
E' ë̀ kèke̠ka̠	E' ë̀ kèke̠ka̠	NOCHANGE
Ye' shka' ie' dúwa̠	Ye' shkö̀râ ie' dawö̀râwa̠	TENSE:FUT_CER;ASPECT:IPFV
Ká̠ ta̠ì̠ë di' bitù̠tse̠ cha	Ká̠ ta̠ì̠ë di' bitù̠tse̠ cha	NOCHANGE
Ùña̠k i kalö̀ bua'ë!	Ùña̠k i kalö̀ bua'ë!	NOCHANGE
Ye' tö kàsir të' ye' tö i sík	Ye' bák kàsir tö́k ye' bák i skö́k	TENSE:PRF_PROG
Wë́m dur stsö́k buà me̠r kàl ulà ki̠	Wë́m kë̀ ku̠ dur stsö́k buà kë̀ ku̠ me̠r kàl ulà ki̠	TYPE:NEG
Dabòm kúlyök kí̠ su̠lì̠tu	Dabòm kúlyök kí̠ su̠lì̠tu	NOCHANGE
Ie' dúwa̠ chìchi tö po'tak kö'	Kë̀ ie' dawö̀pawa̠ kë̀ chìchi tö po'tak kuèpa	TYPE:NEG;TENSE:FUT_CER;ASPECT:IPFV
Sibö̀ i sa̠wé̠ ta̠ ká̠köljtö tsakèke̠watke irir	Sibö̀ i sa̠wé̠ ta̠ ká̠köljtö tsakèke̠watke irir	NOCHANGE
Wákne̠	Wákne̠	NOCHANGE
Ie' dúwa̠ ye' tö i sík	Ie' bák dawö́kwa̠ ye' bák i skö́k	TENSE:PRF_PROG
Dù ñe̠'	Dù ñe̠'	NOCHANGE
Be' tö i ka̠nè̠wè̠	Be' tö i ka̠nè̠wè̠	NOCHANGE
Ká̠ e'tk ë̀	Ká̠ e'tk ë̀	NOCHANGE
Chìchi tö po'tak kö' ye' tö i sík	Chìchi kë̀ wa̠ po'tak kö̀ne̠ ye' kë̀ wa̠ i síne̠	TYPE:NEG
Be' dör ye' tsí bi' ye' dör àrros tó̠ ñè̠	Be' dör ye' tsí bé ye' dör àrros ta̠wé̠ ñè̠	TENSE:PRF_REC
Ye' dör àrros tó̠ ñè̠ be' dör ye' tsí bi'	Àrros tò̠r ñè̠ ye' tsí bìr	TENSE:IPFV_REC;ASPECT:IPFV;VOICE:MID;PERSON:NA
Chìchi tö po'tak kö' ye' shka'	Chìchi tö po'tak kuèrâ ye' shkö̀râ	TENSE:FUT_CER;ASPECT:IPFV
Ye' dör àrros tó̠ ñè̠ ye' shka'	Ye' kë̀ ku̠'bak àrros ta̠ú̠k ñè̠ ye' kë̀ ku̠'bak shkö́k	TYPE:NEG;TENSE:PRF_PROG
Ye' shka' ye' tö kàsir të'	Ye' shkö̀ ye' tö kàsir tè	TENSE:IPFV_REC;ASPECT:IPFV
Àkbalö́kna̠me̠ dör aláköl ajkö̀mo̠' tsà̠mo̠ wa	Àkbalö́kna̠me̠ dör aláköl ajkö̀mo̠' tsà̠mo̠ wa	NOCHANGE
E'ta̠ i yö̀na̠tke bua' e'ta̠ yö i wàtu̠è̠ke̠	E'ta̠ i yö̀na̠tke bua' e'ta̠ yö i wàtu̠è̠ke̠	NOCHANGE
Ye' tö kàsir të' ye' tö i sík	Ye' kë̀ wa̠ kàsir të̀ne̠ ye' kë̀ wa̠ i síne̠	TYPE:NEG
E' duà ë̀ yulèke̠ne̠	E' duà ë̀ yulèke̠ne̠	NOCHANGE
Pedro dör mesa abaú̠kna̠me̠	Pedro dör mesa abaú̠kna̠me̠	NOCHANGE
Ye' dör àrros tó̠ ñè̠ ye' tö kàsir të'	Àrros tò̠na̠ ñè̠ kàsir të̀na̠	TENSE:PRF_REC;VOICE:MID;PERSON:NA
Ie' kapö̀wa̠	Ie' kapö̀wa̠	NOCHANGE
Ie' tö i kàchè	Ie' tö i kàchè	NOCHANGE
Sa' rö ma̠	Sa' rö ma̠	NOCHANGE
Ta̠ í̠e̠ ie'pa bité̠ a̠ e̠' wö'ikök	Ta̠ í̠e̠ ie'pa bité̠ a̠ e̠' wö'ikök	NOCHANGE
Ie' tö i kàchè	Ie' tö i kàchè	NOCHANGE
Ì kë̀ be' wa̠ bö'wö sù̠ne̠ se' bö'wöala	Ì kë̀ be' wa̠ bö'wö sù̠ne̠ se' bö'wöala	NOCHANGE
Ye' tö i balë	Ye' tö i balë	NOCHANGE
Ie' dúwa̠ ye' tö i sík	Ie kë̀ dùnè̠wa̠ ye' kë̀ wa̠ i síne̠	TYPE:NEG
Kë̀ ye' wa̠ i sù̠ne̠	Kë̀ ye' wa̠ i sù̠ne̠	NOCHANGE
Ie' dúwa̠ ye' tö kàsir të'	Ie' tso dawö́kwa̠ ye' tso kàsir tö́k	TENSE:IPFV_PROG;ASPECT:IPFV
Ye' dör àrros tó̠ ñè̠ be' dör ye' tsí bi'	Ye' a̠ àrros tó̠r ñè̠ be' a̠ ye' tsí bír	MODE:POT;TENSE:IPFV_REC;ASPECT:IPFV
Ye' tö kàsir të' ye' shka'	Ye' tö kàsir tèrâ ye' shkö̀râ	TENSE:FUT_CER;ASPECT:IPFV
Ye' dör àrros tó̠ ñè̠ be' dör ye' tsí bi'	Kë̀ àrros ta̠wa̠r ñè̠ kë̀ ye' tsí biar	TYPE:NEG;MODE:IMP;TENSE:IPFV_REC;ASPECT:IPFV;VOICE:MID;PERSON:NA
Ye' shka' ie' dúwa̠	Ye' kë̀ ku̠ shkö́k ie' kë̀ ku̠ dawö́kwa̠	TYPE:NEG;TENSE:IPFV_PROG;ASPECT:IPFV
Be' tö i tsirìwè̠ke	Be' tö i tsirìwè̠ke	NOCHANGE
Ye' tö kàsir të' ye' shka'	Kë̀ ye' tö kàsir tèpa kë̀ ye' shkö̀pa	TYPE:NEG;TENSE:FUT_CER;ASPECT:IPFV
Ye' shka' be' dör ye' tsí bi'	Kë̀ ye' shkö kë̀ be' dör ye' tsí bie	TYPE:NEG;TENSE:IPFV_REC;ASPECT:IPFV
Be' tù̠rke	Be' tù̠rke	NOCHANGE
Se' alákölpa tso' bua'ie	Se' alákölpa tso' bua'ie	NOCHANGE
Be' dör ye' tsí bi' ye' tö kàsir të'	Be' dör ye' tsí bièmi̠ ye' tö kàsir tèmi̠	TENSE:FUT_POT;ASPECT:IPFV
É̠ma̠ éjkë sö i chè	É̠ma̠ éjkë sö i chè	NOCHANGE
Ye' tö i kíme̠' ye' tö i sík	Ye' tö i kimè̠ ye' tö i skè	TENSE:IPFV_REC;ASPECT:IPFV
Kë̀ ie'r i wöma̠ú̠k	Kë̀ ie'r i wöma̠ú̠k	NOCHANGE
Be' tsë̀rke	Be' tsë̀rke	NOCHANGE
Ye' e̠' tkë'rë ye' tö kàsir të'	Ye' e̠' tkö̀rö ye' tö kàsir tè	TENSE:IPFV_REC;ASPECT:IPFV
Chìchi tö po'tak kö' ye' tö kàsir të'	Chìchi tö po'tak kuémi̠ ye' tö kàsir témi̠	TENSE:PRF_REC;ASPECT:INC
Ù ské̠l	Ù ské̠l	NOCHANGE
Be' tö i kuátkèke	Be' tö i kuátkèke	NOCHANGE
Ye' tö kàsir të' be' dör ye' tsí bi'	Kë̀ ye' tö kàsir tèku̠ kë̀ be' dör ye' tsí bièku̠	TYPE:NEG;TENSE:IPFV_HAB;ASPECT:IPFV
Ye' e̠' tkë'rë ye' shka'	Ye' e̠' tkö̀rö ye' shkö̀	TENSE:IPFV_REC;ASPECT:IPFV
E'ta̠ ie'pa icha dör bùlikalök	E'ta̠ ie'pa icha dör bùlikalök	NOCHANGE
Kò̠s be' ki̠ dawás tso'	Kò̠s be' ki̠ dawás tso'	NOCHANGE
Ye' tö i yulè	Ye' tö i yulè	NOCHANGE
Ttö̀ chèke kö̀ko kö̀ko	Ttö̀ chèke kö̀ko kö̀ko	NOCHANGE
E'ta̠ pú̠ e' e'ta i̠â̠chki ta̠	E'ta̠ pú̠ e' e'ta i̠â̠chki ta̠	NOCHANGE
Wë́m dur stsö́k ye' tö kàsir të'	Wë́m kë̀ ku̠ dur stsö́k ye' kë̀ wa̠ kàsir të̀ne̠	TYPE:NEG
Be' dör ye' tsí bi' ye' tö kàsir të'	Ye' tsí biö̀ sö kàsir tö̀ sö	MODE:EXH;TENSE:IPFV_REC;ASPECT:IPFV;PERSON:1_PL_INC
Be' dör ye' tsí bi' buà me̠r kàl ulà ki̠	Be' kë̀ wa̠ ye' tsí bìne̠ buà kë̀ ku̠ me̠r kàl ulà ki̠	TYPE:NEG
Ye' dör àrros tó̠ ñè̠ ye' tö kàsir të'	Ye' dör àrros ta̠wé̠ ñè̠ ye' tö kàsir té	TENSE:PRF_REC
Be' dör ye' tsí bi' ye' tö kàsir të'	Ye' tsí bìr kàsir të̀r	TENSE:IPFV_REC;ASPECT:IPFV;VOICE:MID;PERSON:NA
Ká̠ dö̀ pàköl ká̠ su̠lì̠tu	Ká̠ dö̀ pàköl ká̠ su̠lì̠tu	NOCHANGE
Ye' dör àrros tó̠ ñè̠ ye' shka'	Ye' dör àrros tó̠mi̠ ñè̠ ye' shka'mi̠	ASPECT:INC
Ie'pa icha i ku̠é̠ki̠ sa' icha i ku̠é̠ki̠	Ie'pa icha i ku̠é̠ki̠ sa' icha i ku̠é̠ki̠	NOCHANGE
Ye' dör àrros tó̠ ñè̠ ie' dúwa̠	Kë̀ ye' dör àrros ta̠wè̠pa ñè̠ kë̀ ie' dawö̀pawa̠	TYPE:NEG;TENSE:FUT_CER;ASPECT:IPFV
Ye' shka' ie' dúwa̠	Ye' kë̀ ku̠'bak shkö́k ie' kë̀ ku'bak dawö́kwa̠	TYPE:NEG;TENSE:PRF_PROG
Ye' tö kàsir të' ie' dúwa̠	Ye' tö kàsir tèke̠ ie' dawö̀kè̠wa̠	TENSE:IPFV_HAB;ASPECT:IPFV
Ie' tö i chèke	Ie' tö i chèke	NOCHANGE
Be' dör ye' tsí bi' chìchi tö po'tak kö'	Be' a̠ ye' tsí bír chìchi a̠ po'tak kö́r	MODE:POT;TENSE:IPFV_REC;ASPECT:IPFV
Be' dör ye' tsí bi' ye' tö i kíme̠'	Be' dör ye' tsí biè ye' tö i kimè̠	TENSE:IPFV_REC;ASPECT:IPFV
Ye' tö i sík ye' shka'	Ye' tö i skè ye' shkö̀	TENSE:IPFV_REC;ASPECT:IPFV
Chìchi tö po'tak kö' ye' dör àrros tó̠ ñè̠	Kë̀ chìchi a̠ po'tak kö́r kë̀ ye' a̠ àrros tó̠r ñè̠	TYPE:NEG;MODE:POT;TENSE:IPFV_REC;ASPECT:IPFV
Ye' tö i sa̠wè̠ke	Ye' tö i sa̠wè̠ke	NOCHANGE
Pulë̀ èk	Pulë̀ èk	NOCHANGE
Kièke̠ balë'këkëpa sa̠mé̠	Kièke̠ balë'këkëpa sa̠mé̠	NOCHANGE
Alà tö ali' ña̠' ye' shka'	Alà tö ali' ñé̠ ye' shké	TENSE:PRF_REC
Be' dör ye' tsí bi' ye' dör àrros tó̠ ñè̠	Be' tso ye' tsí biö́k ye' tso àrros ta̠ú̠k ñè̠	TENSE:IPFV_PROG;ASPECT:IPFV
Ì ka̠né̠wè̠mi̠ se' dör e' tsikìna̠ e' pà mi̠k	Ì ka̠né̠wè̠mi̠ se' dör e' tsikìna̠ e' pà mi̠k	NOCHANGE
Ie' dúwa̠ be' dör ye' tsí bi'	Ie' tso dawö́kwa̠ be' tso ye' tsí biö́k	TENSE:IPFV_PROG;ASPECT:IPFV
Ye' tö i tèke	Ye' tö i tèke	NOCHANGE
Ie' ttö̀ke	Ie' ttö̀ke	NOCHANGE
Ye' shka' chìchi tö po'tak kö'	Ye' shkárule chìchi wa̠ po'tak kö́rule	TENSE:PAS_PLU
Shkö̀k	Shkö̀k	NOCHANGE
Chèke̠mi̠ne̠ e's	Chèke̠mi̠ne̠ e's	NOCHANGE
Mu̠lù̠tak	Mu̠lù̠tak	NOCHANGE
Ye' út ye' shka'	Ye' tso ujtö́k ye' tso shkö́k	TENSE:IPFV_PROG;ASPECT:IPFV
E'köl se' ië'ka̠mi̠	E'köl se' ië'ka̠mi̠	NOCHANGE
Chìchi tö po'tak kö' ye' shka'	Chìchi kë̀ wa̠ po'tak kö̀ne̠ kë̀ ye' shkàne̠	TYPE:NEG
Ye' shka' ye' út	Ye' shkö̀ ye' ujtö̀	TENSE:IPFV_REC;ASPECT:IPFV
E' ukö̀ki̠ ta̠ ie'pa rö tö	E' ukö̀ki̠ ta̠ ie'pa rö tö	NOCHANGE
Be' dör ye' tsí bi' ye' tö kàsir të'	Be' é̠n a̠ ye' tsí bia'ku̠ ye' é̠n a̠ kàsir ta'ku̠	MODE:DES;TENSE:IPFV_REC;ASPECT:IPFV
Ye' shka' ye' tö kàsir të'	Ye' shka' ye' wa̠ kàsir ta'	MODE:ADVERS
Sa'r kàl sé̠ wö̀të'	Sa'r kàl sé̠ wö̀të'	NOCHANGE
Be' ka̠nè̠balö̀ke	Be' ka̠nè̠balö̀ke	NOCHANGE
Ña̠ é̠n	Ña̠ é̠n	NOCHANGE
Chìchi tö po'tak kö' ye' tö kàsir të'	Chìchi tö po'tak kuè ye' tö kàsir tè	TENSE:IPFV_REC;ASPECT:IPFV
Ye' út ie' dúwa̠	Ye' tso ujtö́k ie' tso dawö́kwa̠	TENSE:IPFV_PROG;ASPECT:IPFV
Chìchi tö po'tak kö' ye' shka'	Kë̀ chìchi tö po'tak kuèpa kë̀ ye' shkö̀pa	TYPE:NEG;TENSE:FUT_CER;ASPECT:IPFV
Ye' tö i sa̠wè̠	Ye' tö i sa̠wè̠	NOCHANGE
Ye' shka' chìchi tö po'tak kö'	Ye' shkö̀râ chìchi tö po'tak kuèrâ	TENSE:FUT_CER;ASPECT:IPFV
Chìchi tö po'tak kö' ye' tö i kíme̠'	Chìchi tö po'tak kuèke̠ ye' tö i kímè̠ke	TENSE:IPFV_HAB;ASPECT:IPFV
À̠s kë̀ à̠s kë̀ si̠wa̠' i pö̀u̠	À̠s kë̀ à̠s kë̀ si̠wa̠' i pö̀u̠	NOCHANGE
Ye' shka' be' dör ye' tsí bi'	Kë̀ ye' shkök kë̀ be' dör ye' tsí biök	TYPE:NEG;TENSE:FUT_POT;ASPECT:IPFV
E' chö̀tke se' é̠n a̠	E' chö̀tke se' é̠n a̠	NOCHANGE
Ye'r i ali'	Ye'r i ali'	NOCHANGE
Ye' shka' ye' tö kàsir të'	Ye' shkö̀ke̠ ye' tö kàsir tèke̠	TENSE:IPFV_HAB;ASPECT:IPFV
Ù̠ ñe̠' dikì̠	Ù̠ ñe̠' dikì̠	NOCHANGE
Ö ikuö̀wö iö́köl ie	Ö ikuö̀wö iö́köl ie	NOCHANGE
Chìchi tö po'tak kö' be' dör ye' tsí bi'	Chìchi tö po'tak kö'mi̠ be' dör ye' tsí bi'mi̠	ASPECT:INC
Ye' dör àrros tó̠ ñè̠ be' dör ye' tsí bi'	Ye' kë̀ wa̠ àrros tò̠ne̠ ñè̠ be' kë̀ wa̠ ye' tsí bìne̠	TYPE:NEG
Be' tö i ñè̠ke	Be' tö i ñè̠ke	NOCHANGE
Ie' dúwa̠ chìchi tö po'tak kö'	Ie' dawö̀kè̠wa̠ chìchi tö po'tak kuèke̠	TENSE:IPFV_HAB;ASPECT:IPFV
Kë̀ be'r i sa̠ú̠k!	Kë̀ be'r i sa̠ú̠k!	NOCHANGE
Kiàne̠ yì ki̠	Kiàne̠ yì ki̠	NOCHANGE
Ye' tö kàsir të' ye' út	Ye' tö kàsir té ye' ujté	TENSE:PRF_REC
Ye' dör àrros tó̠ ñè̠ ye' tö i sík	Ye' dör àrros ta̠wè̠ ñè̠ ye' tö i skè	TENSE:IPFV_REC;ASPECT:IPFV
Ká̠ tkë́l	Ká̠ tkë́l	NOCHANGE
Ká̠ i̠â̠i̠â̠ e' ta̠ yö i yawé	Ká̠ i̠â̠i̠â̠ e' ta̠ yö i yawé	NOCHANGE
Ta̠ ie' ki̠ ká̠ tawìna̠ ie' dé e' ta̠ ie' ki̠ ká̠ tawìna̠ ta̠	Ta̠ ie' ki̠ ká̠ tawìna̠ ie' dé e' ta̠ ie' ki̠ ká̠ tawìna̠ ta̠	NOCHANGE
Be' tö i kuèke	Be' tö i kuèke	NOCHANGE
Ie' dúwa̠ be' dör ye' tsí bi'	Ie' dawówa̠ be' dör ye' tsí bé	TENSE:PRF_REC
E' ta̠ se' déka̠ i ki̠	E' ta̠ se' déka̠ i ki̠	NOCHANGE
Ye' kutà be' diö́köl mu̠é̠ka̠ ako̠' â̠mi̠k	Ye' kutà be' diö́köl mu̠é̠ka̠ ako̠' â̠mi̠k	NOCHANGE
Ie' kalö̀tö̀ke	Ie' kalö̀tö̀ke	NOCHANGE
Ye' tö i katèke	Ye' tö i katèke	NOCHANGE
Sö ichö̀ i wö̀ wö̀ shlë́wöla	Sö ichö̀ i wö̀ wö̀ shlë́wöla	NOCHANGE
Ye' shka' ye' tö kàsir të'	Ye' shkárule ye' wa̠ kàsir të́rule	TENSE:PAS_PLU
Urrì ma̠ñà̠töm	Urrì ma̠ñà̠töm	NOCHANGE
Ukö̀ki̠ kéli a̠wí̠ ñè̠ke̠ sö	Ukö̀ki̠ kéli a̠wí̠ ñè̠ke̠ sö	NOCHANGE
Ie' tö i kàchèke	Ie' tö i kàchèke	NOCHANGE
Ye' tö kàsir të' be' dör ye' tsí bi'	Kë̀ kàsir tër kë̀ ye' tsí bir	TYPE:NEG;TENSE:IPFV_REC;ASPECT:IPFV;VOICE:MID;PERSON:NA
Ditséwö	Ditséwö	NOCHANGE
Ye' tö kàsir të' ye' dör àrros tó̠ ñè̠	Kàsir të̀ne̠ àrros tò̠ne̠ ñè̠	VOICE:MID;PERSON:NA
Chìchi tö po'tak kö' ye' shka'	Kë̀ chìchi a̠ po'tak kö́r kë̀ ye' shko	TYPE:NEG;MODE:POT;TENSE:IPFV_REC;ASPECT:IPFV
Ye' tö kàsir të' ye' dör àrros tó̠ ñè̠	Ye' kë̀ wa̠ kàsir të̀ne̠ ye' kë̀ wa̠ àrros tò̠ne̠ ñè̠	TYPE:NEG;TENSE:PRF_REC
Ie' tö i yawè	Ie' tö i yawè	NOCHANGE
Ie' dúwa̠ ye' tö kàsir të'	Ie' dawö̀râwa̠ ye' tö kàsir tèrâ	TENSE:FUT_CER;ASPECT:IPFV
Ie' tö i kèke	Ie' tö i kèke	NOCHANGE
Be' dör ye' tsí bi' ye' tö i kíme̠'	Be' dör ye' tsí bièke̠ ye' tö i kímè̠ke	TENSE:IPFV_HAB;ASPECT:IPFV
Chìchi tö po'tak kö' be' dör ye' tsí bi'	Chìchi a̠ po'tak kö́r be' a̠ ye' tsí bír	MODE:POT;TENSE:IPFV_REC;ASPECT:IPFV
Ye' tö i kíme̠' ye' tö kàsir të'	Ye' tso i kímu̠k ye' tso kàsir tö́k	TENSE:IPFV_PROG;ASPECT:IPFV
Ka̠nè̠balök	Ka̠nè̠balök	NOCHANGE
Ye' e̠' yawö̀ke	Ye' e̠' yawö̀ke	NOCHANGE
Ie' akuö̀ke	Ie' akuö̀ke	NOCHANGE
E'ta̠ e̠' ie'pa ú̠rke̠ ka̠nè̠balök	E'ta̠ e̠' ie'pa ú̠rke̠ ka̠nè̠balök	NOCHANGE
Chìchi tö po'tak kö' ye' tö kàsir të'	Chìchi é̠n a̠ po'tak kua'ku̠ ye' é̠n a̠ kàsir ta'ku̠	MODE:DES;TENSE:IPFV_REC;ASPECT:IPFV
Ye' út ye' tö i sík	Ye' tso ujtö́k ye' tso i skö́k	TENSE:IPFV_PROG;ASPECT:IPFV
Chìchi tö po'tak kö' ye' tö kàsir të'	Kë̀ chìchi é̠n a̠ po'tak kua'ku̠ kë̀ ye' é̠n a̠ kàsir ta'ku̠	TYPE:NEG;MODE:DES;TENSE:IPFV_REC;ASPECT:IPFV
Be'r ye' tsì̠ biö́!	Be'r ye' tsì̠ biö́!	NOCHANGE
Dawás i̠â̠chki ta̠ balë'kë́këpa	Dawás i̠â̠chki ta̠ balë'kë́këpa	NOCHANGE
Ie' tö i à̠ritsèke	Ie' tö i à̠ritsèke	NOCHANGE
Ie' tö i sa̠wè̠ke	Ie' tö i sa̠wè̠ke	NOCHANGE
Wë́m dur stsö́k ie' dúwa̠	Wë́m kë̀ ku̠ dur stsö́k ie kë̀ dùnè̠wa̠	TYPE:NEG
I i̠ù̠tö́	I i̠ù̠tö́	NOCHANGE
Chìchi tö po'tak kö' ie' dúwa̠	Chìchi tso po'tak kuö́k ie' tso dawö́kwa̠	TENSE:IPFV_PROG;ASPECT:IPFV
Ye' shka' ye' dör àrros tó̠ ñè̠	Ye' shkémi̠ ye' dör àrros ta̠wé̠mi̠ ñè̠	TENSE:PRF_REC;ASPECT:INC
Ie' tö i tè	Ie' tö i tè	NOCHANGE
E's e's se' mí̠tse̠n ie' wa̠ e'tökicha ë̀	E's e's se' mí̠tse̠n ie' wa̠ e'tökicha ë̀	NOCHANGE
Ye' shka' ye' dör àrros tó̠ ñè̠	Ye' kë̀ shkárule ye' kë̀ wa̠ àrros tó̠rule ñè̠	TYPE:NEG;TENSE:PAS_PLU
Ye' dör àrros tó̠ ñè̠ chìchi tö po'tak kö'	Ye' é̠n a̠ àrros ta̠wa̠'ku̠ ñè̠ chìchi é̠n a̠ po'tak kua'ku̠	MODE:DES;TENSE:IPFV_REC;ASPECT:IPFV
Èni̠a̠	Èni̠a̠	NOCHANGE
Ye' út ye' tö i sík	Ye' ujtö̀ ye' tö i skè	TENSE:IPFV_REC;ASPECT:IPFV
Ye' shka' chìchi tö po'tak kö'	Kë̀ ye' shka'ku̠ kë̀ chìchi é̠n a̠ po'tak kua'ku̠	TYPE:NEG;MODE:DES;TENSE:IPFV_REC;ASPECT:IPFV
Kapá tkë́l	Kapá tkë́l	NOCHANGE
Ye' tö i kèke	Ye' tö i kèke	NOCHANGE
Ye' a̠ i su̠r	Ye' a̠ i su̠r	NOCHANGE
Ye' tö kàsir të' be' dör ye' tsí bi'	Kàsir të̀rmi̠ ye' tsí bìrmi̠	TENSE:FUT_POT;ASPECT:IPFV;VOICE:MID;PERSON:NA
Be' dör ye' tsí bi' ye' shka'	Be' dör ye' tsí bémi̠ ye' shkémi̠	TENSE:PRF_REC;ASPECT:INC
Ye' sè̠rke	Ye' sè̠rke	NOCHANGE
E's sibö̀ i sa̠wé̠ kàl déstsa̠	E's sibö̀ i sa̠wé̠ kàl déstsa̠	NOCHANGE
U̠jú̠! u̠jú̠!	U̠jú̠! u̠jú̠!	NOCHANGE
Ye' út ye' tö kàsir të'	Ye' tso ujtö́k ye' tso kàsir tö́k	TENSE:IPFV_PROG;ASPECT:IPFV
Sa' sa' a̠ i tsë́r bua' kiè kë'köldi	Sa' sa' a̠ i tsë́r bua' kiè kë'köldi	NOCHANGE
Ye' dör àrros tó̠ ñè̠ be' dör ye' tsí bi'	Kë̀ ye' a̠ àrros tó̠r ñè̠ kë̀ be' a̠ ye' tsí bír	TYPE:NEG;MODE:POT;TENSE:IPFV_REC;ASPECT:IPFV
Chìchi tö po'tak kö' ie' dúwa̠	Chìchi kë̀ ku̠ po'tak kuö́k ie' kë̀ ku̠ dawö́kwa̠	TYPE:NEG;TENSE:IPFV_PROG;ASPECT:IPFV
Ye' tö kàsir të' chìchi tö po'tak kö'	Ye' kë̀ wa̠ kàsir të́rule chìchi kë̀ wa̠ po'tak kö́rule	TYPE:NEG;TENSE:PAS_PLU
Ye' tö kàsir të' be' dör ye' tsí bi'	Ye' kë̀ wa̠ kàsir të́rule be' kë̀ wa̠ ye' tsí bírule	TYPE:NEG;TENSE:PAS_PLU
Chìchi tö po'tak kö' ye' dör àrros tó̠ ñè̠	Chìchi kë̀ wa̠ po'tak kö́rule ye' kë̀ wa̠ àrros tó̠rule ñè̠	TYPE:NEG;TENSE:PAS_PLU
Wè̠s ie' i dawè klö́o̠	Wè̠s ie' i dawè klö́o̠	NOCHANGE
E' wa̠ kò̠s se' tso'se̠r í̠e̠ e' mí̠ke̠ tsé̠r	E' wa̠ kò̠s se' tso'se̠r í̠e̠ e' mí̠ke̠ tsé̠r	NOCHANGE
Be' dör ye' tsí bi' chìchi tö po'tak kö'	Be' é̠n a̠ ye' tsí bia'ku̠ chìchi é̠n a̠ po'tak kua'ku̠	MODE:DES;TENSE:IPFV_REC;ASPECT:IPFV
Ká̠ tö́k tabè wa	Ká̠ tö́k tabè wa	NOCHANGE
Tsu'ku ki̠ i tso' bua'ie e̠na̠ u̠lé̠	Tsu'ku ki̠ i tso' bua'ie e̠na̠ u̠lé̠	NOCHANGE
Ba kó̠pàkö́	Ba kó̠pàkö́	NOCHANGE
Ye' dör àrros tó̠ ñè̠ ye' tö kàsir të'	Ye' é̠n a̠ àrros ta̠wa̠'ku̠ ñè̠ ye' é̠n a̠ kàsir ta'ku̠	MODE:DES;TENSE:IPFV_REC;ASPECT:IPFV
Ká̠ i̠â̠i̠â̠ e'r kë̀ ye' wa̠ e' sù̠ne̠i̠a̠	Ká̠ i̠â̠i̠â̠ e'r kë̀ ye' wa̠ e' sù̠ne̠i̠a̠	NOCHANGE
Ye' tö kàsir të' ie' dúwa̠	Kë̀ ye' tö kàsir tèpa kë̀ ie' dawö̀pawa̠	TYPE:NEG;TENSE:FUT_CER;ASPECT:IPFV
E̠' ie'pa ú̠rke̠ tsiö̀ ù batà e̠' ká̠ kiè e̠' sìkuapa ú̠rke̠	E̠' ie'pa ú̠rke̠ tsiö̀ ù batà e̠' ká̠ kiè e̠' sìkuapa ú̠rke̠	NOCHANGE
Ye' shka' ye' dör àrros tó̠ ñè̠	Kë̀ ye' shko kë̀ ye' a̠ àrros tó̠r ñè̠	TYPE:NEG;MODE:POT;TENSE:IPFV_REC;ASPECT:IPFV
E' ku̠é̠ki̠ e's yö a' i̠a̠ i pàkeke̠	E' ku̠é̠ki̠ e's yö a' i̠a̠ i pàkeke̠	NOCHANGE
Ye' dör àrros tó̠ ñè̠ ye' tö kàsir të'	Ye' dör àrros ta̠wè̠râ ñè̠ ye' tö kàsir tèrâ	TENSE:FUT_CER;ASPECT:IPFV
Chìchi tö po'tak kö' ye' tö i sík	Chìchi kë̀ ku̠ po'tak kuö́k ye' kë̀ ku̠ i skö́k	TYPE:NEG;TENSE:IPFV_PROG;ASPECT:IPFV
Ie' tsö̀ bua'ë	Ie' tsö̀ bua'ë	NOCHANGE
Ye' út ye' tö i kíme̠'	Ye' tso ujtö́k ye' tso i kímu̠k	TENSE:IPFV_PROG;ASPECT:IPFV
Chìchi tö po'tak kö' be' dör ye' tsí bi'	Chìchi tso po'tak kuö́k be' tso ye' tsí biö́k	TENSE:IPFV_PROG;ASPECT:IPFV
Ye' tö kàsir të' ye' dör àrros tó̠ ñè̠	Ye' tö kàsir témi̠ ye' dör àrros ta̠wé̠mi̠ ñè̠	TENSE:PRF_REC;ASPECT:INC
Pú̠ ñe̠' ù a̠	Pú̠ ñe̠' ù a̠	NOCHANGE
Be' tö i yawèke	Be' tö i yawèke	NOCHANGE
Ye' tö kàsir të' ye' shka'	Kë̀ ye' tö kàsir te kë̀ ye' shkö	TYPE:NEG;TENSE:IPFV_REC;ASPECT:IPFV
Ye' tö kàsir të' be' dör ye' tsí bi'	Kàsir të̀na̠ ye' tsí bìna̠	TENSE:PRF_REC;VOICE:MID;PERSON:NA
Ye' shka' alà tö ali' ña̠'	Ye' shké alà tö ali' ñé̠	TENSE:PRF_REC
Be' dör ye' tsí bi' ye' shka'	Be' dör ye' tsí bièke̠ ye' shkö̀ke̠	TENSE:IPFV_HAB;ASPECT:IPFV
No ñe̠' be' ichè dalö̀ ie' tso' ie' dalö̀ mí̠k ie' ie'	No ñe̠' be' ichè dalö̀ ie' tso' ie' dalö̀ mí̠k ie' ie'	NOCHANGE
Ie' tö i ka̠nè̠wè̠ke	Ie' tö i ka̠nè̠wè̠ke	NOCHANGE
Ie' kapö̀wa̠	Ie' kapö̀wa̠	NOCHANGE
Ye' út ye' e̠' tkë'rë	A' út a' e̠' tkë'rë	ABSNUM:PL;PERSON:2_PL
Ye' shka' ye' e̠' tkë'rë	Be' shkö́ be' e̠' tkö́rö	MODE:IMP;TENSE:IPFV_REC;ASPECT:IPFV;PERSON:2_SI
Ese' ichè irir	Ese' ichè irir	NOCHANGE
Ye' shka' chìchi tö po'tak kö'	Ye' kë̀ ku̠'bak shkö́k chìchi kë̀ ku̠'bak po'tak kuö́k	TYPE:NEG;TENSE:PRF_PROG
Ie' dúwa̠ ye' shka'	Ie' dawówa̠ ye' shké	TENSE:PRF_REC
Ujarrás e̠ ká̠ dör ákshalë ie	Ujarrás e̠ ká̠ dör ákshalë ie	NOCHANGE
Ye' dör àrros tó̠ ñè̠ be' dör ye' tsí bi'	Ye' wa̠ àrros tó̠rule ñè̠ be' wa̠ ye' tsí bírule	TENSE:PAS_PLU
Ye' tö kàsir të' ye' dör àrros tó̠ ñè̠	Ye' tö kàsir tè ye' dör àrros ta̠wè̠ ñè̠	TENSE:IPFV_REC;ASPECT:IPFV
Ye' tö i sík ye' dör àrros tó̠ ñè̠	Ye' kë̀ ku̠ i skö́k ye' kë̀ ku̠ àrros ta̠ú̠k ñè̠	TYPE:NEG;TENSE:IPFV_PROG;ASPECT:IPFV
Ye' shka' be' dör ye' tsí bi'	Ye' shka' be' wa̠ ye' tsí bia'	MODE:ADVERS
Chìchi tö po'tak kö' ye' tö kàsir të'	Chìchi wa̠ po'tak kö́rule ye' wa̠ kàsir të́rule	TENSE:PAS_PLU
Ye' tö i kàchèke	Ye' tö i kàchèke	NOCHANGE
Ie'pa mí̠a̠ wé̠ alè skà	Ie'pa mí̠a̠ wé̠ alè skà	NOCHANGE
Ulà dé ulà dalë̀na̠ ma̠ ta̠ e'la ka̠nè̠u̠k	Ulà dé ulà dalë̀na̠ ma̠ ta̠ e'la ka̠nè̠u̠k	NOCHANGE
Alà tö ali' ña̠' ie' tö bö' yë'stsa̠	Alà tö ali' ñé̠ ie' tö bö' yéstsa̠	TENSE:PRF_REC
É̠nu̠k	É̠nu̠k	NOCHANGE
Ie' tö i kièke	Ie' tö i kièke	NOCHANGE
Yi ya'	Yi ya'	NOCHANGE
Ie' tö i kèke	Ie' tö i kèke	NOCHANGE
Ie' shkö̀ke	Ie' shkö̀ke	NOCHANGE
Ye' shka' ye' dör àrros tó̠ ñè̠	Ye' shkárule ye' wa̠ àrros tó̠rule ñè̠	TENSE:PAS_PLU
Be' tö i katèke	Be' tö i katèke	NOCHANGE
Tabèla káu̠ se' wö̀a̠ bula'me̠ dià i yër	Tabèla káu̠ se' wö̀a̠ bula'me̠ dià i yër	NOCHANGE
Ye' dör àrros tó̠ ñè̠ be' dör ye' tsí bi'	Kë̀ ye' dör àrros ta̠wè̠pa ñè̠ kë̀ be' dör ye' tsí bièpa	TYPE:NEG;TENSE:FUT_CER;ASPECT:IPFV
Be' dör ye' tsí bi' chìchi tö po'tak kö'	Be' dör ye' tsí biö́! po'tak kuö́	MODE:IMP;TENSE:IPFV_REC;ASPECT:IPFV
Ye' tö i sík be' dör ye' tsí bi'	Ye' kë̀ ku̠ i skö́k be' kë̀ ku̠ ye' tsí biö́k	TYPE:NEG;TENSE:IPFV_PROG;ASPECT:IPFV
Ye' shka' chìchi tö po'tak kö'	Ye' shka'mi̠ chìchi tö po'tak kö'mi̠	ASPECT:INC
Ie' tsë̀rke	Ie' tsë̀rke	NOCHANGE
I kí̠ kió ie	I kí̠ kió ie	NOCHANGE
Ye' shka' ye' dör àrros tó̠ ñè̠	Ye' shké ye' dör àrros ta̠wé̠ ñè̠	TENSE:PRF_REC
Chìchi tö po'tak kö' be' dör ye' tsí bi'	Kë̀ chìchi é̠n a̠ po'tak kua'ku̠ kë̀ be' é̠n a̠ ye' tsí bia'ku̠	TYPE:NEG;MODE:DES;TENSE:IPFV_REC;ASPECT:IPFV
E's sa' i̠a̠ kë̀ na̠i̠'chka a̠mè̠ne̠a̠t katè	E's sa' i̠a̠ kë̀ na̠i̠'chka a̠mè̠ne̠a̠t katè	NOCHANGE
Ye' e̠' tkë'rë ye' út	Ye' e̠' tkö̀rö ye' ujtö̀	TENSE:IPFV_REC;ASPECT:IPFV
Kë̀ ye' wa̠ i sù̠ne̠	Kë̀ ye' wa̠ i sù̠ne̠	NOCHANGE
Be' dör ye' tsí bi' ye' shka'	Be' tso ye' tsí biö́k ye' tso shkö́k	TENSE:IPFV_PROG;ASPECT:IPFV
Wö́su̠k ta̠ icha e'ta̠ kë̀ e' wë́m sawàne̠ i yök i dawö'	Wö́su̠k ta̠ icha e'ta̠ kë̀ e' wë́m sawàne̠ i yök i dawö'	NOCHANGE
Cien su̠lì̠túyök	Cien su̠lì̠túyök	NOCHANGE
Mò̠sopa ë̀ mí̠yartke campo ikalö́k e' ki̠ ie'pa e̠' da'u̠k	Mò̠sopa ë̀ mí̠yartke campo ikalö́k e' ki̠ ie'pa e̠' da'u̠k	NOCHANGE
Casi dawás e'k	Casi dawás e'k	NOCHANGE
E' ta̠ ká̠ wé̠ à̠ta̠ e' ki̠ íyi tsikìna̠	E' ta̠ ká̠ wé̠ à̠ta̠ e' ki̠ íyi tsikìna̠	NOCHANGE
E' ta̠ i wà ma̠ tsikírmi̠ i ki̠	E' ta̠ i wà ma̠ tsikírmi̠ i ki̠	NOCHANGE
Úriki̠	Úriki̠	NOCHANGE
I' tkéka̠ma̠le̠ sö i̠a̠ ta̠ bua'ë	I' tkéka̠ma̠le̠ sö i̠a̠ ta̠ bua'ë	NOCHANGE
Ta̠ bua' i wö̀na̠	Ta̠ bua' i wö̀na̠	NOCHANGE
Be' dör ye' tsí bi' ye' shka'	Kë̀ be' é̠n a̠ ye' tsí bia'ku̠ kë̀ ye' shka'ku̠	TYPE:NEG;MODE:DES;TENSE:IPFV_REC;ASPECT:IPFV
Ajkö́no̠ ie se' a̠ sè̠no̠ ie	Ajkö́no̠ ie se' a̠ sè̠no̠ ie	NOCHANGE
Ye' e̠' chö̀kea̠t	Ye' e̠' chö̀kea̠t	NOCHANGE
Ie' tö i kínè̠ke	Ie' tö i kínè̠ke	NOCHANGE
Ye' tö kàsir të' ye' dör àrros tó̠ ñè̠	Ye' tö kàsir tèmi̠ ye' dör àrros ta̠wè̠mi̠ ñè̠	TENSE:FUT_POT;ASPECT:IPFV
Ye' dör àrros tó̠ ñè̠ ye' tö kàsir të'	Àrros ta̠wè̠râ ñè̠ kàsir të̀rdâ	TENSE:FUT_CER;ASPECT:IPFV;VOICE:MID;PERSON:NA
Ye' tö i shtè	Ye' tö i shtè	NOCHANGE
Be' dör ye' tsí bi' ie' dúwa̠	Be' dör ye' tsí bièke̠ ie' dawö̀kè̠wa̠	TENSE:IPFV_HAB;ASPECT:IPFV
Ma̠ i wìwö apàchikíu̠k	Ma̠ i wìwö apàchikíu̠k	NOCHANGE
Dìwö dé ma̠ñà̠t ta̠ ie' dawówa̠	Dìwö dé ma̠ñà̠t ta̠ ie' dawówa̠	NOCHANGE
Kë̀ sú̠rule be' wa̠	Kë̀ sú̠rule be' wa̠	NOCHANGE
I ujtéwa̠ irir	I ujtéwa̠ irir	NOCHANGE
Ie' tö i pàlèke	Ie' tö i pàlèke	NOCHANGE
Ye' ka̠nè̠balö̀ke	Ye' ka̠nè̠balö̀ke	NOCHANGE
Chìchi tö po'tak kö' ye' út	Chìchi tso po'tak kuö́k ye' tso ujtö́k	TENSE:IPFV_PROG;ASPECT:IPFV
Be' dör ye' tsí bi' ye' dör àrros tó̠ ñè̠	Ye' tsí bìrke̠ àrros ta̠wè̠ke̠ ñè̠	TENSE:IPFV_HAB;ASPECT:IPFV;VOICE:MID;PERSON:NA
Ye' e̠' dalë̀na̠i̠a̠pa	Ye' e̠' dalë̀na̠i̠a̠pa	NOCHANGE
A̠mù̠baliwak	A̠mù̠baliwak	NOCHANGE
Ye' dör àrros tó̠ ñè̠ ye' tö kàsir të'	Ye' dör àrros tó̠mi̠ ñè̠ ye' tö kàsir të'mi̠	ASPECT:INC
Pues e' ta̠ tsikìna̠ ése wè sö e' bakèke̠ sö	Pues e' ta̠ tsikìna̠ ése wè sö e' bakèke̠ sö	NOCHANGE
Chìchi tö po'tak kö' be' dör ye' tsí bi'	Chìchi kë̀ wa̠ po'tak kö̀ne̠ be' kë̀ wa̠ ye' tsí bìne̠	TYPE:NEG
Ie' tö bö' yë'stsa̠ ye' e̠' tkë'rë	Ie'pa tö bö' yéulur ie'pa e̠' tkére	TENSE:PRF_REC;ABSNUM:PL;PERSON:3_PL
Ye' dör àrros tó̠ ñè̠ ye' tö kàsir të'	Ye' dör àrros ta̠wè̠ ñè̠ ye' tö kàsir tè	TENSE:IPFV_REC;ASPECT:IPFV
Ye' tö kàsir të' ye' shka'	Ye' é̠n a̠ kàsir ta'ku̠ ye' shka'ku̠	MODE:DES;TENSE:IPFV_REC;ASPECT:IPFV
Ye' tö kàsir të' ye' dör àrros tó̠ ñè̠	Ye' tö kàsir té ye' dör àrros ta̠wé̠ ñè̠	TENSE:PRF_REC
Ie' shkö̀	Ie' shkö̀	NOCHANGE
Ma̠ i kuátkök	Ma̠ i kuátkök	NOCHANGE
Tabèchka ki̠ e̠' kéka̠ e'ta̠ bétk ie'pa mí̠a̠	Tabèchka ki̠ e̠' kéka̠ e'ta̠ bétk ie'pa mí̠a̠	NOCHANGE
Ye' dör àrros tó̠ ñè̠ be' dör ye' tsí bi'	Ye' tso àrros ta̠ú̠k ñè̠ be' tso ye' tsí biö́k	TENSE:IPFV_PROG;ASPECT:IPFV
Ye' shka' be' dör ye' tsí bi'	Ye' shkö̀ be' dör ye' tsí biè	TENSE:IPFV_REC;ASPECT:IPFV
Entonces be' kë̀ dë'ka̠ ó yë́ria ie	Entonces be' kë̀ dë'ka̠ ó yë́ria ie	NOCHANGE
Ùshikalök	Ùshikalök	NOCHANGE
Skuë̀ kà	Skuë̀ kà	NOCHANGE
Ie' tö i ppè	Ie' tö i ppè	NOCHANGE
Ie' dúwa̠ ye' shka'	Ie' dawö̀kè̠wa̠ ye' shkö̀ke̠	TENSE:IPFV_HAB;ASPECT:IPFV
Ye' tö kàsir të' ye' tö i sík	Ye' tso kàsir tö́k ye' tso i skö́k	TENSE:IPFV_PROG;ASPECT:IPFV
Kë̀ ye' wa̠ i yö̀ne̠	Kë̀ ye' wa̠ i yö̀ne̠	NOCHANGE
Ye' shka' ye' dör àrros tó̠ ñè̠	Kë̀ ye' shkö̀ku̠ kë̀ ye' dör àrros ta̠wè̠ku̠ ñè̠	TYPE:NEG;TENSE:IPFV_HAB;ASPECT:IPFV
Be' dör ye' tsí bi' ie' dúwa̠	Be' kë̀ wa̠ ye' tsí bìne̠ ie kë̀ dùnè̠wa̠	TYPE:NEG
Buà me̠r kàl ulà ki̠ wë́m dur stsö́k	Buà kë̀ ku̠ dapárke kàl ulà ki̠ wë́pa kë̀ ku̠ ië'te̠n stsö́k	TYPE:NEG;ABSNUM:PL
Ye' shka' ie' dúwa̠	Ye' shkö̀mi̠ ie' dawö̀wa̠mi̠	TENSE:FUT_POT;ASPECT:IPFV
Ie' chkö̀ke	Ie' chkö̀ke	NOCHANGE
Be' dör ye' tsí bi' ye' dör àrros tó̠ ñè̠	Kë̀ ye' tsí bìrku̠ kë̀ àrros ta̠wè̠ku̠ ñè̠	TYPE:NEG;TENSE:IPFV_HAB;ASPECT:IPFV;VOICE:MID;PERSON:NA
Be' tö i à̠ritsè	Be' tö i à̠ritsè	NOCHANGE
Ye' tö i sík chìchi tö po'tak kö'	Ye' kë̀ ku̠'bak i skö́k chìchi kë̀ ku̠'bak po'tak kuö́k	TYPE:NEG;TENSE:PRF_PROG
Ye' tö kàsir të' be' dör ye' tsí bi'	Ye' kë̀ ku̠'bak kàsir tö́k be' kë̀ ku̠'bak ye' tsí biö́k	TYPE:NEG;TENSE:PRF_PROG
Be' akuö̀	Be' akuö̀	NOCHANGE
Ie' tö i tkèke	Ie' tö i tkèke	NOCHANGE
Ie' tö i yèke	Ie' tö i yèke	NOCHANGE
Be' tö i ppè	Be' tö i ppè	NOCHANGE
Ye' tö kàsir të' ye' dör àrros tó̠ ñè̠	Kàsir të̀rmi̠ àrros ta̠wè̠mi̠ ñè̠	TENSE:FUT_POT;ASPECT:IPFV;VOICE:MID;PERSON:NA
Be' ká̠	Be' ká̠	NOCHANGE
Ila bikéitse dur ki̠la söla e'la bikéitseke̠	Ila bikéitse dur ki̠la söla e'la bikéitseke̠	NOCHANGE
Sàlwak tkër mesa ki̠	Sàlwak tkër mesa ki̠	NOCHANGE
Ye' tö kàsir të' ye' dör àrros tó̠ ñè̠	Kë̀ kàsir tër kë̀ àrros to̠r ñè̠	TYPE:NEG;TENSE:IPFV_REC;ASPECT:IPFV;VOICE:MID;PERSON:NA
Be' dör ye' tsí bi' ye' shka'	Be' wa̠ ye' tsí bírule ye' shkárule	TENSE:PAS_PLU
Ye' tö i sík ye' út	Ye' tö i skè ye' ujtö̀	TENSE:IPFV_REC;ASPECT:IPFV
Ye' dör àrros tó̠ ñè̠ be' dör ye' tsí bi'	Ye' dör àrros ta̠wé̠mi̠ ñè̠ be' dör ye' tsí bémi̠	TENSE:PRF_REC;ASPECT:INC
Ie' dúwa̠ ye' shka'	Ie' kë̀ ku̠ dawö́kwa̠ ye' kë̀ ku̠ shkö́k	TYPE:NEG;TENSE:IPFV_PROG;ASPECT:IPFV
Be' dör ye' tsí bi' ye' shka'	Kë̀ be' dör ye' tsí bièku̠ kë̀ ye' shkö̀ku̠	TYPE:NEG;TENSE:IPFV_HAB;ASPECT:IPFV
Be' dör ye' tsí bi' chìchi tö po'tak kö'	Be' dör ye' tsí bémi̠ chìchi tö po'tak kuémi̠	TENSE:PRF_REC;ASPECT:INC
Ye' dör àrros tó̠ ñè̠ be' dör ye' tsí bi'	Kë̀ àrros ta̠wè̠ku̠ ñè̠ kë̀ ye' tsí bìrku̠	TYPE:NEG;TENSE:IPFV_HAB;ASPECT:IPFV;VOICE:MID;PERSON:NA
Ye' dör àrros tó̠ ñè̠ chìchi tö po'tak kö'	Ye' kë̀ wa̠ àrros tó̠rule ñè̠ chìchi kë̀ wa̠ po'tak kö́rule	TYPE:NEG;TENSE:PAS_PLU
Ye' shka' chìchi tö po'tak kö'	Kë̀ ye' shko kë̀ chìchi a̠ po'tak kö́r	TYPE:NEG;MODE:POT;TENSE:IPFV_REC;ASPECT:IPFV
Ye' dör àrros tó̠ ñè̠ ie' dúwa̠	Ye' tso àrros ta̠ú̠k ñè̠ ie' tso dawö́kwa̠	TENSE:IPFV_PROG;ASPECT:IPFV
Ie' akuö̀	Ie' akuö̀	NOCHANGE
Kàlbali ajké̠	Kàlbali ajké̠	NOCHANGE
Ye' tö kàsir të' ie' tö bö' yë'stsa̠	Ye' tö kàsir té ie' tö bö' yéstsa̠	TENSE:PRF_REC
Ye' út ye' e̠' tkë'rë	Sa' út sa' e̠' tkë'rë	ABSNUM:PL;PERSON:1_PL_EXC
Lámpara ar akájtö mí̠k	Lámpara ar akájtö mí̠k	NOCHANGE
Ie' tö i kínè̠	Ie' tö i kínè̠	NOCHANGE
Ye' shka' ye' tö kàsir të'	Ye' shkö̀mi̠ ye' tö kàsir tèmi̠	TENSE:FUT_POT;ASPECT:IPFV
Be' dör ye' tsí bi' ye' tö kàsir të'	Kë̀ ye' tsí biök kë̀ kàsir tök	TYPE:NEG;MODE:IMP;TENSE:IPFV_REC;ASPECT:IPFV;PERSON:NA
Ye' tö i sík ye' tö i kíme̠'	Ye' tso i skö́k ye' tso i kímu̠k	TENSE:IPFV_PROG;ASPECT:IPFV
E' ta̠ be' bák i̠a̠ tsítsir wake'	E' ta̠ be' bák i̠a̠ tsítsir wake'	NOCHANGE
Yì yàmi̠	Yì yàmi̠	NOCHANGE
Ye' tö kàsir të' ye' shka'	Ye' tö kàsir tèmi̠ ye' shkö̀mi̠	TENSE:FUT_POT;ASPECT:IPFV
Ye'r i sú̠kule	Ye'r i sú̠kule	NOCHANGE
Akuö̀u̠k	Akuö̀u̠k	NOCHANGE
Ie' chkö̀ke	Ie' chkö̀ke	NOCHANGE
Ye' dör àrros tó̠ ñè̠ be' dör ye' tsí bi'	Ye' dör àrros ta̠wè̠mi̠ ñè̠ be' dör ye' tsí bièmi̠	TENSE:FUT_POT;ASPECT:IPFV
Ye' shka' be' dör ye' tsí bi'	Ye' kë̀ shkàne̠ be' kë̀ wa̠ ye' tsí bìne̠	TYPE:NEG;TENSE:PRF_REC
Be' dör ye' tsí bi' ye' tö kàsir të'	Kë̀ ye' tsí bìrku̠ kë̀ kàsir të̀rku̠	TYPE:NEG;TENSE:IPFV_HAB;ASPECT:IPFV;VOICE:MID;PERSON:NA
Ye' shka' ie' tö bö' yë'stsa̠	Ye' shké ie' tö bö' yéstsa̠	TENSE:PRF_REC
Sa' a̠lì̠ne̠ kàlyök a̠	Sa' a̠lì̠ne̠ kàlyök a̠	NOCHANGE
Dabòm ské̠yök kí̠ bö̀t	Dabòm ské̠yök kí̠ bö̀t	NOCHANGE
Ye' tö kàsir të' ie' dúwa̠	Ye' bák kàsir tö́k ie' bák dawö́kwa̠	TENSE:PRF_PROG
Ye' tö i shkè̠wè̠	Ye' tö i shkè̠wè̠	NOCHANGE
Chìchi tö po'tak kö' be' dör ye' tsí bi'	Chìchi wa̠ po'tak kö́rule be' wa̠ ye' tsí bírule	TENSE:PAS_PLU
Be' kalö̀tö̀ke	Be' kalö̀tö̀ke	NOCHANGE
É̠nu̠k	É̠nu̠k	NOCHANGE
E' töla ìla aë̀ ijtsèmi̠la	E' töla ìla aë̀ ijtsèmi̠la	NOCHANGE
Ye' e̠' tkë'rë chìchi tö po'tak kö'	Ye' e̠' tkö̀rö chìchi tö po'tak kuè	TENSE:IPFV_REC;ASPECT:IPFV
Ye' tö kàsir të' ye' shka'	Ye' tö kàsir të'mi̠ ye' shka'mi̠	ASPECT:INC
Be' dör ye' tsí bi' ye' dör àrros tó̠ ñè̠	Kë̀ ye' tsí bìne̠ kë̀ àrros tò̠ne̠ ñè̠	TYPE:NEG;VOICE:MID;PERSON:NA
Ye' shka' be' dör ye' tsí bi'	Kë̀ ye' shkàne̠ be' kë̀ wa̠ ye' tsí bìne̠	TYPE:NEG
Ie' ttö̀ke	Ie' ttö̀ke	NOCHANGE
Chìchi ètöm	Chìchi ètöm	NOCHANGE
Ye' e̠' tkë'rë ye' út	Ie' e̠' tkë'rë ie' út	PERSON:3_SI
Ye' tö kàsir të' ye' shka'	Kë̀ ye' tö kàsir tèku̠ kë̀ ye' shkö̀ku̠	TYPE:NEG;TENSE:IPFV_HAB;ASPECT:IPFV
Ye' dör àrros tó̠ ñè̠ chìchi tö po'tak kö'	Kë̀ ye' dör àrros ta̠we̠ ñè̠ kë̀ chìchi tö po'tak kue	TYPE:NEG;TENSE:IPFV_REC;ASPECT:IPFV
Mó̠köl bular stsë́rke̠wa̠tke	Mó̠köl bular stsë́rke̠wa̠tke	NOCHANGE
Be' ttö̀ke	Be' ttö̀ke	NOCHANGE
I stsö̀	I stsö̀	NOCHANGE
Ie' tö i mo̠wè̠	Ie' tö i mo̠wè̠	NOCHANGE
Ye' shka' ye' dör àrros tó̠ ñè̠	Ye' shka'mi̠ ye' dör àrros tó̠mi̠ ñè̠	ASPECT:INC
Be' tö i tsirìwè̠	Be' tö i tsirìwè̠	NOCHANGE
Ye' tö kàsir të' ye' shka'	Ye' kë̀ wa̠ kàsir të̀ne̠ kë̀ ye' shkàne̠	TYPE:NEG
Ma̠ e' bikéitsèke̠ sö ká̠ñì̠na̠ ta̠ ì wö́k se' mí̠ke̠ dià e̠' dö́k a̠	Ma̠ e' bikéitsèke̠ sö ká̠ñì̠na̠ ta̠ ì wö́k se' mí̠ke̠ dià e̠' dö́k a̠	NOCHANGE
Ie' tö bö' yë'stsa̠ buà me̠r kàl ulà ki̠	Ie' tö bö' yë'ulur buà dapárke kàl ulà ki̠	ABSNUM:PL
Be' dör ye' tsí bi' ye' dör àrros tó̠ ñè̠	Be' dör ye' tsí biè ye' dör àrros ta̠wè̠ ñè̠	TENSE:IPFV_REC;ASPECT:IPFV
Ma̠ ye' i kiè yàli ñe̠' wíwipala tkë'tër ma̠ ése a̠	Ma̠ ye' i kiè yàli ñe̠' wíwipala tkë'tër ma̠ ése a̠	NOCHANGE
Dabòm ské̠yök	Dabòm ské̠yök	NOCHANGE
Be' e̠' chö̀a̠t	Be' e̠' chö̀a̠t	NOCHANGE
Ie' tù̠rke	Ie' tù̠rke	NOCHANGE
Ye' shka' ye' tö kàsir të'	Ye' kë̀ ku̠'bak shkö́k ye' kë̀ ku̠'bak kàsir tö́k	TYPE:NEG;TENSE:PRF_PROG
Ni̠mà̠ ètöm	Ni̠mà̠ ètöm	NOCHANGE
Cien éyök	Cien éyök	NOCHANGE
Wë́m dur stsö́k buà me̠r kàl ulà ki̠	Wë́pa ië'te̠n stsö́k buà dapárke kàl ulà ki̠	ABSNUM:PL
E̠' sa̠wé̠ ie' rö tö ikuö̀wö të'r e'töm íyök ki̠ ta̠ ie' tkë́rka̠ se' nú̠ batà ki̠	E̠' sa̠wé̠ ie' rö tö ikuö̀wö të'r e'töm íyök ki̠ ta̠ ie' tkë́rka̠ se' nú̠ batà ki̠	NOCHANGE
Be' tö i ttè	Be' tö i ttè	NOCHANGE
Ye'r i sa̠wé̠	Ye'r i sa̠wé̠	NOCHANGE
Ì se' shù̠ wö̀teke̠wa̠ ñe̠'	Ì se' shù̠ wö̀teke̠wa̠ ñe̠'	NOCHANGE
Tsó̠li̠	Tsó̠li̠	NOCHANGE
I chö́	I chö́	NOCHANGE
Ie' dúwa̠ ye' tö kàsir të'	Ie' kë̀ ku̠ dawö́kwa̠ ye' kë̀ ku̠ kàsir tö́k	TYPE:NEG;TENSE:IPFV_PROG;ASPECT:IPFV
Awá dakarò ta̠	Awá dakarò ta̠	NOCHANGE
Be' dör ye' tsí bi' ye' dör àrros tó̠ ñè̠	Kë̀ ye' tsí bir kë̀ àrros to̠r ñè̠	TYPE:NEG;TENSE:IPFV_REC;ASPECT:IPFV;VOICE:MID;PERSON:NA
Ajá! ö̀kö téka̠ne̠ i̠a̠ ta̠	Ajá! ö̀kö téka̠ne̠ i̠a̠ ta̠	NOCHANGE
Ye' tö kàsir të' be' dör ye' tsí bi'	Ye' tö kàsir tèrâ be' dör ye' tsí bièrâ	TENSE:FUT_CER;ASPECT:IPFV
Be' dör ye' tsí bi' ie' dúwa̠	Be' kë̀ ku̠ ye' tsí biö́k ie' kë̀ ku̠ dawö́kwa̠	TYPE:NEG;TENSE:IPFV_PROG;ASPECT:IPFV
Ie' i̠ù̠	Ie' i̠ù̠	NOCHANGE
Ye' tö kàsir të' chìchi tö po'tak kö'	Ye' tö kàsir të'mi̠ chìchi tö po'tak kö'mi̠	ASPECT:INC
Wì̠ke e' kö́ a̠	Wì̠ke e' kö́ a̠	NOCHANGE
Ye' dör àrros tó̠ ñè̠ ye' shka'	Kë̀ ye' é̠n a̠ àrros ta̠wa̠'ku̠ ñè̠ kë̀ ye' shka'ku̠	TYPE:NEG;MODE:DES;TENSE:IPFV_REC;ASPECT:IPFV
Ye' shka' wë́m dur stsö́k	Kë̀ ye' shkàne̠ wë́m kë̀ ku̠ dur stsö́k	TYPE:NEG
Chìchi tö po'tak kö' ye' shka'	Chìchi wa̠ po'tak kua' ye' shka'	MODE:ADVERS
Balë'këkëpa i apàke tö	Balë'këkëpa i apàke tö	NOCHANGE
Ye' dör àrros tó̠ ñè̠ be' dör ye' tsí bi'	Kë̀ àrros ta̠wè̠pa ñè̠ kë̀ ye' tsí bìrpa	TYPE:NEG;TENSE:FUT_CER;ASPECT:IPFV;VOICE:MID;PERSON:NA
Íyök a̠ i balèke̠wa̠	Íyök a̠ i balèke̠wa̠	NOCHANGE
E' ukö̀ki̠ ie'pa rö wé̠ ië'ka̠mi̠ ajkö́ a̠	E' ukö̀ki̠ ie'pa rö wé̠ ië'ka̠mi̠ ajkö́ a̠	NOCHANGE
Chìchi tö po'tak kö' ye' dör àrros tó̠ ñè̠	Chìchi tö po'tak kuèmi̠ ye' dör àrros ta̠wè̠mi̠ ñè̠	TENSE:FUT_POT;ASPECT:IPFV
Ye' e̠' tkë'rë ie' tö bö' yë'stsa̠	Ie'pa e̠' tkë'rë ie'pa tö bö' yë'ulur	ABSNUM:PL;PERSON:3_PL
Be' dör ye' tsí bi' ye' tö kàsir të'	Be' wa̠ ye' tsí bia' ye' wa̠ kàsir ta'	MODE:ADVERS
Ie' dúwa̠ chìchi tö po'tak kö'	Ie' dawö̀wa̠mi̠ chìchi tö po'tak kuèmi̠	TENSE:FUT_POT;ASPECT:IPFV
Ye' tö kàsir të' chìchi tö po'tak kö'	Kàsir tö̀ sö po'tak kuö̀ sö	MODE:EXH;TENSE:IPFV_REC;ASPECT:IPFV;PERSON:1_PL_INC
Be' dör ye' tsí bi' chìchi tö po'tak kö'	Be' kë̀ wa̠ ye' tsí bìne̠ chìchi kë̀ wa̠ po'tak kö̀ne̠	TYPE:NEG
I ka̠nè̠ú̠	I ka̠nè̠ú̠	NOCHANGE
Be' dör ye' tsí bi' ye' dör àrros tó̠ ñè̠	Be' kë̀ wa̠ ye' tsí bìne̠ ye' kë̀ wa̠ àrros tò̠ne̠ ñè̠	TYPE:NEG;TENSE:PRF_REC
E' ë̀ yulèke̠ne̠	E' ë̀ yulèke̠ne̠	NOCHANGE
Chìchi tö po'tak kö' ye' dör àrros tó̠ ñè̠	Chìchi tso po'tak kuö́k ye' tso àrros ta̠ú̠k ñè̠	TENSE:IPFV_PROG;ASPECT:IPFV
Ye' shka' chìchi tö po'tak kö'	Kë̀ ye' shkö kë̀ chìchi tö po'tak kue	TYPE:NEG;TENSE:IPFV_REC;ASPECT:IPFV
Ie' dúwa̠ ye' tö kàsir të'	Ie' kë̀ ku'bak dawö́kwa̠ ye' kë̀ ku̠'bak kàsir tö́k	TYPE:NEG;TENSE:PRF_PROG
Ba inú̠	Ba inú̠	NOCHANGE
Ie' dúwa̠ chìchi tö po'tak kö'	Ie' kë̀ ku̠ dawö́kwa̠ chìchi kë̀ ku̠ po'tak kuö́k	TYPE:NEG;TENSE:IPFV_PROG;ASPECT:IPFV
Be' tö i tèke	Be' tö i tèke	NOCHANGE
Buàmbuáala	Buàmbuáala	NOCHANGE
Ye'r datsi' ta̠wé̠ be' a̠	Ye'r datsi' ta̠wé̠ be' a̠	NOCHANGE
Ye' shka' chìchi tö po'tak kö'	Ye' kë̀ shkárule chìchi kë̀ wa̠ po'tak kö́rule	TYPE:NEG;TENSE:PAS_PLU
Be' dör ye' tsí bi' ye' dör àrros tó̠ ñè̠	Be' dör ye' tsí bièmi̠ ye' dör àrros ta̠wè̠mi̠ ñè̠	TENSE:FUT_POT;ASPECT:IPFV
Ye' shka' be' dör ye' tsí bi'	Kë̀ ye' shko kë̀ be' a̠ ye' tsí bír	TYPE:NEG;MODE:POT;TENSE:IPFV_REC;ASPECT:IPFV
Sa' sawàna̠ ie' yö́k kë̀ sa' ie' tsiríwe̠	Sa' sawàna̠ ie' yö́k kë̀ sa' ie' tsiríwe̠	NOCHANGE
Ye' tö i kíme̠' ye' shka'	Ye' kë̀ wa̠ i kía̠mè̠ne̠ ye' kë̀ shkàne̠	TYPE:NEG;TENSE:PRF_REC
Ye' tö kàsir të' ye' dör àrros tó̠ ñè̠	Kàsir të̀rdâ àrros ta̠wè̠râ ñè̠	TENSE:FUT_CER;ASPECT:IPFV;VOICE:MID;PERSON:NA
Íyi kò̠s tso'i̠a̠ ni̠mà̠	Íyi kò̠s tso'i̠a̠ ni̠mà̠	NOCHANGE
Be' tö i yawè	Be' tö i yawè	NOCHANGE
Ie'pa kalötö	Ie'pa kalötö	NOCHANGE
Ye' tö i sík buà me̠r kàl ulà ki̠	Ye' kë̀ wa̠ i síne̠ buà kë̀ ku̠ me̠r kàl ulà ki̠	TYPE:NEG
Be' dör ye' tsí bi' ie' dúwa̠	Be' dör ye' tsí bièrâ ie' dawö̀râwa̠	TENSE:FUT_CER;ASPECT:IPFV
Mì̠ka̠ i̠â̠i̠â̠ ta̠ kë'köldi jkö̀ mi̠k	Mì̠ka̠ i̠â̠i̠â̠ ta̠ kë'köldi jkö̀ mi̠k	NOCHANGE
Ye' tö kàsir të' chìchi tö po'tak kö'	Ye' kë̀ ku̠ kàsir tö́k chìchi kë̀ ku̠ po'tak kuö́k	TYPE:NEG;TENSE:IPFV_PROG;ASPECT:IPFV
Tsiö̀ ù batà	Tsiö̀ ù batà	NOCHANGE
Ye' út ie' tö bö' yë'stsa̠	Ie'pa út ie'pa tö bö' yë'ulur	ABSNUM:PL;PERSON:3_PL
Ye' dör àrros tó̠ ñè̠ be' dör ye' tsí bi'	Kë̀ ye' é̠n a̠ àrros ta̠wa̠'ku̠ ñè̠ kë̀ be' é̠n a̠ ye' tsí bia'ku̠	TYPE:NEG;MODE:DES;TENSE:IPFV_REC;ASPECT:IPFV
Ye' shka' ye' e̠' tkë'rë	Ye' shkö̀ ye' e̠' tkö̀rö	TENSE:IPFV_REC;ASPECT:IPFV
Ye' tö kàsir të' be' dör ye' tsí bi'	Ye' tö kàsir témi̠ be' dör ye' tsí bémi̠	TENSE:PRF_REC;ASPECT:INC
Se' yàmi̠pa tso' shkà̠ta̠ne̠	Se' yàmi̠pa tso' shkà̠ta̠ne̠	NOCHANGE
Be' shkö̀ke	Be' shkö̀ke	NOCHANGE
Ye' dör àrros tó̠ ñè̠ ye' tö kàsir të'	Àrros ta̠wè̠ke̠ ñè̠ kàsir të̀rke̠	TENSE:IPFV_HAB;ASPECT:IPFV;VOICE:MID;PERSON:NA
Ye' tö i sík ie' dúwa̠	Ye' kë̀ ku̠'bak i skö́k ie' kë̀ ku'bak dawö́kwa̠	TYPE:NEG;TENSE:PRF_PROG
Be' dör ye' tsí bi' chìchi tö po'tak kö'	Be' bák ye' tsí biö́k chìchi bák po'tak kuö́k	TENSE:PRF_PROG
Ie' dúwa̠ ye' tö kàsir të'	Ie' bák dawö́kwa̠ ye' bák kàsir tö́k	TENSE:PRF_PROG
Ye' ki̠ kiàna̠ i sa̠ú̠k	Ye' ki̠ kiàna̠ i sa̠ú̠k	NOCHANGE
Dabòm ma̠ñá̠yök	Dabòm ma̠ñá̠yök	NOCHANGE
Sibö̀ yë́	Sibö̀ yë́	NOCHANGE
Ie' tö i i̠ù̠tè	Ie' tö i i̠ù̠tè	NOCHANGE
Dalö̀ ie wa̠ ie balë'kë́këpa dör	Dalö̀ ie wa̠ ie balë'kë́këpa dör	NOCHANGE
Ye' dör àrros tó̠ ñè̠ ye' tö kàsir të'	Kë̀ ye' é̠n a̠ àrros ta̠wa̠'ku̠ ñè̠ kë̀ ye' é̠n a̠ kàsir ta'ku̠	TYPE:NEG;MODE:DES;TENSE:IPFV_REC;ASPECT:IPFV
Shkàne̠	Shkàne̠	NOCHANGE
Be' tö i ñè̠ke	Be' tö i ñè̠ke	NOCHANGE
Ie' tö bö' yë'stsa̠ ye' shka'	Ie' tö bö' yéstsa̠ ye' shké	TENSE:PRF_REC
Pero kë̀ e' rë wè̠s	Pero kë̀ e' rë wè̠s	NOCHANGE
Di' ulà	Di' ulà	NOCHANGE
E' ta̠ e' wö̀ni̠è̠ke̠	E' ta̠ e' wö̀ni̠è̠ke̠	NOCHANGE
Chìchi tö po'tak kö' ye' tö kàsir të'	Chìchi wa̠ po'tak kua' ye' wa̠ kàsir ta'	MODE:ADVERS
I wë̀na̠ i yë́pa ta̠ balë'kë́këpa ta̠	I wë̀na̠ i yë́pa ta̠ balë'kë́këpa ta̠	NOCHANGE
Ye' dör àrros tó̠ ñè̠ ye' tö kàsir të'	Kë̀ àrros ta̠u̠k ñè̠ kë̀ kàsir tök	TYPE:NEG;MODE:IMP;TENSE:IPFV_REC;ASPECT:IPFV;PERSON:NA
Ye' tö i akuö̀wè̠ke	Ye' tö i akuö̀wè̠ke	NOCHANGE
I yulö́	I yulö́	NOCHANGE
Ye' tö i sa̠wè̠ke	Ye' tö i sa̠wè̠ke	NOCHANGE
Ie' dúwa̠ wë́m dur stsö́k	Ie kë̀ dùnè̠wa̠ wë́m kë̀ ku̠ dur stsö́k	TYPE:NEG
I' se' e̠' tkó i'	I' se' e̠' tkó i'	NOCHANGE
Ye' tö kàsir të' be' dör ye' tsí bi'	Kë̀ kàsir tënu̠k kë̀ ye' tsí bìnu̠k	TYPE:NEG;TENSE:FUT_POT;ASPECT:IPFV;VOICE:MID;PERSON:NA
Ye' tö kàsir të' chìchi tö po'tak kö'	Ye' wa̠ kàsir ta' chìchi wa̠ po'tak kua'	MODE:ADVERS
Ye' tö i yawèke	Ye' tö i yawèke	NOCHANGE
I'ta̠ ie'pa kë̀ dë'ne̠	I'ta̠ ie'pa kë̀ dë'ne̠	NOCHANGE
Ye' dör àrros tó̠ ñè̠ ye' tö i sík	Ye' kë̀ ku̠'bak àrros ta̠ú̠k ñè̠ ye' kë̀ ku̠'bak i skö́k	TYPE:NEG;TENSE:PRF_PROG
Kirë̀rma̠ kirë̀rma̠la	Kirë̀rma̠ kirë̀rma̠la	NOCHANGE
Be' tö i sa̠wè̠ke	Be' tö i sa̠wè̠ke	NOCHANGE
Ye' tö kàsir të' ye' tö i kíme̠'	Ye' tö kàsir tè ye' tö i kimè̠	TENSE:IPFV_REC;ASPECT:IPFV
Ie' dúwa̠ be' dör ye' tsí bi'	Ie' dawö̀wa̠mi̠ be' dör ye' tsí bièmi̠	TENSE:FUT_POT;ASPECT:IPFV
Ye' tö kàsir të' be' dör ye' tsí bi'	Ye' tö kàsir tèmi̠ be' dör ye' tsí bièmi̠	TENSE:FUT_POT;ASPECT:IPFV
Kë̀ i rë éjkë	Kë̀ i rë éjkë	NOCHANGE
Ie' tö i tsèke	Ie' tö i tsèke	NOCHANGE
Cha̠mù̠ tkë́lyuwak	Cha̠mù̠ tkë́lyuwak	NOCHANGE
E' ppèke̠rak irir	E' ppèke̠rak irir	NOCHANGE
Ye' i sa̠wè̠ ye' yàmi̠pa ie'	Ye' i sa̠wè̠ ye' yàmi̠pa ie'	NOCHANGE
Be' dör ye' tsí bi' ye' tö kàsir të'	Kë̀ be' dör ye' tsí bièpa kë̀ ye' tö kàsir tèpa	TYPE:NEG;TENSE:FUT_CER;ASPECT:IPFV
Ie' tö i ttèke	Ie' tö i ttèke	NOCHANGE
I katö́	I katö́	NOCHANGE
Ye' dör àrros tó̠ ñè̠ ye' tö i sík	Ye' bák àrros ta̠ú̠k ñè̠ ye' bák i skö́k	TENSE:PRF_PROG
Be' dör ye' tsí bi' ye' shka'	Be' dör ye' tsí bièrâ ye' shkö̀râ	TENSE:FUT_CER;ASPECT:IPFV
Ye' tö i kíme̠' ye' tö kàsir të'	I kimú̠ kàsir tö́	MODE:IMP;TENSE:IPFV_REC;ASPECT:IPFV;PERSON:NA
Ye' dör àrros tó̠ ñè̠ chìchi tö po'tak kö'	Ye' wa̠ àrros tó̠rule ñè̠ chìchi wa̠ po'tak kö́rule	TENSE:PAS_PLU
Ye' dör àrros tó̠ ñè̠ ye' tö kàsir të'	Ye' wa̠ àrros tó̠rule ñè̠ ye' wa̠ kàsir të́rule	TENSE:PAS_PLU
Buà me̠r kàl ulà ki̠ be' dör ye' tsí bi'	Buà kë̀ ku̠ me̠r kàl ulà ki̠ be' kë̀ wa̠ ye' tsí bìne̠	TYPE:NEG
Chìchi tö po'tak kö' ye' dör àrros tó̠ ñè̠	Chìchi wa̠ po'tak kua' ye' wa̠ àrros ta̠wa̠' ñè̠	MODE:ADVERS
I yö́ söla i yö́ söla	I yö́ söla i yö́ söla	NOCHANGE
Ye' tö i sík ye' tö kàsir të'	Ye' kë̀ wa̠ i síne̠ ye' kë̀ wa̠ kàsir të̀ne̠	TYPE:NEG
Ye' shka' ie' dúwa̠	Ye' shkö̀ke̠ ie' dawö̀kè̠wa̠	TENSE:IPFV_HAB;ASPECT:IPFV
Be' dör ye' tsí bi' ye' shka'	Kë̀ be' dör ye' tsí bie kë̀ ye' shkö	TYPE:NEG;TENSE:IPFV_REC;ASPECT:IPFV
Ie' dúwa̠ ye' dör àrros tó̠ ñè̠	Ie' bák dawö́kwa̠ ye' bák àrros ta̠ú̠k ñè̠	TENSE:PRF_PROG
Ye' kutà dör i ajkönè̠mi̠	Ye' kutà dör i ajkönè̠mi̠	NOCHANGE
Be' dör ye' tsí bi' ye' tö kàsir të'	Be' kë̀ wa̠ ye' tsí bìne̠ ye' kë̀ wa̠ kàsir të̀ne̠	TYPE:NEG
Chìchi tö po'tak kö' be' dör ye' tsí bi'	Chìchi tö po'tak kuèke̠ be' dör ye' tsí bièke̠	TENSE:IPFV_HAB;ASPECT:IPFV
Àlim icha dör	Àlim icha dör	NOCHANGE
Ta̠ bua' i wö̀na̠	Ta̠ bua' i wö̀na̠	NOCHANGE
Sa' kalötö̀mi̠	Sa' kalötö̀mi̠	NOCHANGE
Chìchi tö po'tak kö' ye' shka'	Chìchi tö po'tak kué ye' shké	TENSE:PRF_REC
Ie' ka̠nè̠balö̀ke	Ie' ka̠nè̠balö̀ke	NOCHANGE
Ie' icha yö' ké̠we mu̠lù̠sik wa	Ie' icha yö' ké̠we mu̠lù̠sik wa	NOCHANGE
Ie' tö bö' yë'stsa̠ chìchi tö po'tak kö'	Ie' tö bö' yéstsa̠ chìchi tö po'tak kué	TENSE:PRF_REC
Ye' tö kàsir të' be' dör ye' tsí bi'	Kàsir tö̀ sö ye' tsí biö̀ sö	MODE:EXH;TENSE:IPFV_REC;ASPECT:IPFV;PERSON:1_PL_INC
Chìchi tö po'tak kö' ye' tö i kíme̠'	Chìchi tso po'tak kuö́k ye' tso i kímu̠k	TENSE:IPFV_PROG;ASPECT:IPFV
Kali'wè̠ dàne̠ sö sku' wa	Kali'wè̠ dàne̠ sö sku' wa	NOCHANGE
Ie'pa kapötulur	Ie'pa kapötulur	NOCHANGE
E' dör i kiàna̠ bàka má̠ péitök bulu'pa i̠a̠ e' ku̠é̠ki̠	E' dör i kiàna̠ bàka má̠ péitök bulu'pa i̠a̠ e' ku̠é̠ki̠	NOCHANGE
Ye' dör àrros tó̠ ñè̠ ye' tö kàsir të'	Kë̀ àrros tò̠ne̠ ñè̠ kë̀ kàsir të̀ne̠	TYPE:NEG;TENSE:PRF_REC;VOICE:MID;PERSON:NA
Ie'r ó be' a̠ ta̠	Ie'r ó be' a̠ ta̠	NOCHANGE
Chkàieël	Chkàieël	NOCHANGE
Ká̠jtè ò̠mi̠k	Ká̠jtè ò̠mi̠k	NOCHANGE
Ye' tö i ñè̠ke	Ye' tö i ñè̠ke	NOCHANGE
E' ë̀ ti̠è̠ke̠ka̠mi̠ mà̠sopa tsá̠li̠ ta̠ dó kéu̠n	E' ë̀ ti̠è̠ke̠ka̠mi̠ mà̠sopa tsá̠li̠ ta̠ dó kéu̠n	NOCHANGE
Be' dör ye' tsí bi' ye' tö kàsir të'	Ye' tsí bìna̠ kàsir të̀na̠	TENSE:PRF_REC;VOICE:MID;PERSON:NA
Ye' tö i wèke	Ye' tö i wèke	NOCHANGE
Chìchi tö po'tak kö' ye' tö kàsir të'	Chìchi bák po'tak kuö́k ye' bák kàsir tö́k	TENSE:PRF_PROG
Alà tö ali' ña̠' ye' e̠' tkë'rë	Alà tö ali' ñé̠ ye' e̠' tkére	TENSE:PRF_REC
Ye' tö kàsir të' ye' dör àrros tó̠ ñè̠	Ye' kë̀ wa̠ kàsir të́rule ye' kë̀ wa̠ àrros tó̠rule ñè̠	TYPE:NEG;TENSE:PAS_PLU
Chìchi tö po'tak kö' ye' dör àrros tó̠ ñè̠	Chìchi kë̀ ku̠ po'tak kuö́k ye' kë̀ ku̠ àrros ta̠ú̠k ñè̠	TYPE:NEG;TENSE:IPFV_PROG;ASPECT:IPFV
Ie' tö i shkè̠wè̠ke	Ie' tö i shkè̠wè̠ke	NOCHANGE
Be' dör ye' tsí bi' ye' dör àrros tó̠ ñè̠	Be' dör ye' tsí bémi̠ ye' dör àrros ta̠wé̠mi̠ ñè̠	TENSE:PRF_REC;ASPECT:INC
Ké̠kra wake' e' bitséitsèke	Ké̠kra wake' e' bitséitsèke	NOCHANGE
E' ta̠ wâke' kë̀ se' bák a̠ e' ëka̠	E' ta̠ wâke' kë̀ se' bák a̠ e' ëka̠	NOCHANGE
Ie' è̠rke	Ie' è̠rke	NOCHANGE
E̠' rö ma̠ ie' wa̠ ie' wa̠ chìchi dë́ka̠ tkër	E̠' rö ma̠ ie' wa̠ ie' wa̠ chìchi dë́ka̠ tkër	NOCHANGE
Pereira	Pereira	NOCHANGE
Ñé̠ ta̠ wè̠s balë'këkëpa i wé̠	Ñé̠ ta̠ wè̠s balë'këkëpa i wé̠	NOCHANGE
Ye' shka' be' dör ye' tsí bi'	Kë̀ ye' shka'ku̠ kë̀ be' é̠n a̠ ye' tsí bia'ku̠	TYPE:NEG;MODE:DES;TENSE:IPFV_REC;ASPECT:IPFV
Kë̀ dé tkëne̠ ë̀me̠	Kë̀ dé tkëne̠ ë̀me̠	NOCHANGE
Be' dör ye' tsí bi' ye' dör àrros tó̠ ñè̠	Kë̀ be' é̠n a̠ ye' tsí bia'ku̠ kë̀ ye' é̠n a̠ àrros ta̠wa̠'ku̠ ñè̠	TYPE:NEG;MODE:DES;TENSE:IPFV_REC;ASPECT:IPFV
Ye' tö i sík chìchi tö po'tak kö'	Ye' tö i skè chìchi tö po'tak kuè	TENSE:IPFV_REC;ASPECT:IPFV
Wë́m dur stsö́k ye' dör àrros tó̠ ñè̠	Wë́m kë̀ ku̠ dur stsö́k ye' kë̀ wa̠ àrros tò̠ne̠ ñè̠	TYPE:NEG
Ie' tö i alè	Ie' tö i alè	NOCHANGE
Ye' shka' ye' tö i kíme̠'	Ye' shkö̀ke̠ ye' tö i kímè̠ke	TENSE:IPFV_HAB;ASPECT:IPFV
Chìchi tö po'tak kö' be' dör ye' tsí bi'	Po'tak kuö́ be' dör ye' tsí biö́!	MODE:IMP;TENSE:IPFV_REC;ASPECT:IPFV
Be' dör ye' tsí bi' ye' tö kàsir të'	Be' dör ye' tsí bémi̠ ye' tö kàsir témi̠	TENSE:PRF_REC;ASPECT:INC
Ye' dör àrros tó̠ ñè̠ be' dör ye' tsí bi'	Ye' kë̀ wa̠ àrros tó̠rule ñè̠ be' kë̀ wa̠ ye' tsí bírule	TYPE:NEG;TENSE:PAS_PLU
Kë̀ be' ichè e' ta̠ ie' se' skétsa̠ a̠	Kë̀ be' ichè e' ta̠ ie' se' skétsa̠ a̠	NOCHANGE
Ye' shka' ye' tö kàsir të'	Ye' shké ye' tö kàsir té	TENSE:PRF_REC
Be' tö i ka̠nè̠wè̠ke	Be' tö i ka̠nè̠wè̠ke	NOCHANGE
Tsítsi	Tsítsi	NOCHANGE
Ie' tö i ttèke	Ie' tö i ttèke	NOCHANGE
Ye' tö kàsir të' ye' dör àrros tó̠ ñè̠	Kë̀ ye' tö kàsir tèku̠ kë̀ ye' dör àrros ta̠wè̠ku̠ ñè̠	TYPE:NEG;TENSE:IPFV_HAB;ASPECT:IPFV
Kë̀ be'r i ichàkök!	Kë̀ be'r i ichàkök!	NOCHANGE
Í̠ma̠ be' kiè	Í̠ma̠ be' kiè	NOCHANGE
Ye' e̠' tkë'rë ye' út	Be' e̠' tkö́rö be' ujtö́	MODE:IMP;TENSE:IPFV_REC;ASPECT:IPFV;PERSON:2_SI
Be' tö i kínè̠	Be' tö i kínè̠	NOCHANGE
Ie' tö bö' yë'stsa̠ alà tö ali' ña̠'	Ie' tö bö' yéstsa̠ alà tö ali' ñé̠	TENSE:PRF_REC
Ye' tö i sík ye' dör àrros tó̠ ñè̠	Ye' kë̀ ku̠'bak i skö́k ye' kë̀ ku̠'bak àrros ta̠ú̠k ñè̠	TYPE:NEG;TENSE:PRF_PROG
Kuátkök	Kuátkök	NOCHANGE
Wé̠ wa̠ tsiru' tso' e' mà̠so ie ka̠nè̠balök ie	Wé̠ wa̠ tsiru' tso' e' mà̠so ie ka̠nè̠balök ie	NOCHANGE
Ye' dör àrros tó̠ ñè̠ be' dör ye' tsí bi'	Àrros tò̠ne̠ ñè̠ ye' tsí bìne̠	VOICE:MID;PERSON:NA
Sa' wákpa é̠n a̠ sa' ujtè i̠à̠ne̠	Sa' wákpa é̠n a̠ sa' ujtè i̠à̠ne̠	NOCHANGE
Ye' tö kàsir të' wë́m dur stsö́k	Ye' kë̀ wa̠ kàsir të̀ne̠ wë́m kë̀ ku̠ dur stsö́k	TYPE:NEG
Ye' dör àrros tó̠ ñè̠ ye' tö kàsir të'	Kë̀ àrros ta̠wè̠ku̠ ñè̠ kë̀ kàsir të̀rku̠	TYPE:NEG;TENSE:IPFV_HAB;ASPECT:IPFV;VOICE:MID;PERSON:NA
Akë́këpa awápa kéli tso'	Akë́këpa awápa kéli tso'	NOCHANGE
Chìchi tö po'tak kö' ye' e̠' tkë'rë	Chìchi tö po'tak kué ye' e̠' tkére	TENSE:PRF_REC
Shtö̀k	Shtö̀k	NOCHANGE
E' tsu'ku ajkö̀ awí̠she̠t	E' tsu'ku ajkö̀ awí̠she̠t	NOCHANGE
Ye' dör àrros tó̠ ñè̠ ye' tö kàsir të'	Ye' wa̠ àrros ta̠wa̠' ñè̠ ye' wa̠ kàsir ta'	MODE:ADVERS
Bua' ë yö bua' yö i ka̠nè̠we̠ bité̠ e'ta yö	Bua' ë yö bua' yö i ka̠nè̠we̠ bité̠ e'ta yö	NOCHANGE
E' ku̠é̠ki̠ balë'këkëpa kë̀ i kukè kiö̀ ki̠	E' ku̠é̠ki̠ balë'këkëpa kë̀ i kukè kiö̀ ki̠	NOCHANGE
Ye'r i bulâo̠	Ye'r i bulâo̠	NOCHANGE
Pà mâ̠tk wö́kir mâ̠tk	Pà mâ̠tk wö́kir mâ̠tk	NOCHANGE
A̠wí̠ e̠' ie'pa chkö̀ alö̀ke̠ a̠wí̠ e̠'	A̠wí̠ e̠' ie'pa chkö̀ alö̀ke̠ a̠wí̠ e̠'	NOCHANGE
Ye' shka' ye' dör àrros tó̠ ñè̠	Kë̀ ye' shkö kë̀ ye' dör àrros ta̠we̠ ñè̠	TYPE:NEG;TENSE:IPFV_REC;ASPECT:IPFV
Ye' dör àrros tó̠ ñè̠ chìchi tö po'tak kö'	Ye' kë̀ wa̠ àrros tò̠ne̠ ñè̠ chìchi kë̀ wa̠ po'tak kö̀ne̠	TYPE:NEG
Ye' dör àrros tó̠ ñè̠ ye' tö i kíme̠'	Àrros ta̠ú̠ ñè̠ i kimú̠	MODE:IMP;TENSE:IPFV_REC;ASPECT:IPFV;PERSON:NA
Be' dör ye' tsí bi' ye' dör àrros tó̠ ñè̠	Kë̀ ye' tsí bìrpa kë̀ àrros ta̠wè̠pa ñè̠	TYPE:NEG;TENSE:FUT_CER;ASPECT:IPFV;VOICE:MID;PERSON:NA
Be' dör ye' tsí bi' ye' út	Be' dör ye' tsí bé ye' ujté	TENSE:PRF_REC
Be' tsë̀r	Be' tsë̀r	NOCHANGE
Ye' e̠' tkë'rë ye' út	Sa' e̠' tkë'rë sa' út	ABSNUM:PL;PERSON:1_PL_EXC
Ye' e̠' tkë'rë ie' dúwa̠	Ye' e̠' tkére ie' dawówa̠	TENSE:PRF_REC
Ye' dör àrros tó̠ ñè̠ ie' dúwa̠	Ye' dör àrros ta̠wè̠ke̠ ñè̠ ie' dawö̀kè̠wa̠	TENSE:IPFV_HAB;ASPECT:IPFV
Ye' shka' ye' dör àrros tó̠ ñè̠	Ye' shkö̀râ ye' dör àrros ta̠wè̠râ ñè̠	TENSE:FUT_CER;ASPECT:IPFV
Chìchi tö po'tak kö' ye' dör àrros tó̠ ñè̠	Chìchi tö po'tak kö'mi̠ ye' dör àrros tó̠mi̠ ñè̠	ASPECT:INC
Ye' stsö̀ke̠	Ye' stsö̀ke̠	NOCHANGE
Ta̠ ma̠ bétk ma̠ tö̀ ma̠ tö̀	Ta̠ ma̠ bétk ma̠ tö̀ ma̠ tö̀	NOCHANGE
Ie' dúwa̠ be' dör ye' tsí bi'	Ie' kë̀ ku'bak dawö́kwa̠ be' kë̀ ku̠'bak ye' tsí biö́k	TYPE:NEG;TENSE:PRF_PROG
Ye' dör àrros tó̠ ñè̠ ye' shka'	Ye' dör àrros ta̠wè̠ke̠ ñè̠ ye' shkö̀ke̠	TENSE:IPFV_HAB;ASPECT:IPFV
Ttö̀ pó̠li̠	Ttö̀ pó̠li̠	NOCHANGE
Uyë̀jkuö à̠ritsök	Uyë̀jkuö à̠ritsök	NOCHANGE
Ye' tö kàsir të' ye' dör àrros tó̠ ñè̠	Ye' tö kàsir tèke̠ ye' dör àrros ta̠wè̠ke̠ ñè̠	TENSE:IPFV_HAB;ASPECT:IPFV
Ye' e̠' tkë'rë ye' tö i kíme̠'	Ye' e̠' tkö̀rö ye' tö i kimè̠	TENSE:IPFV_REC;ASPECT:IPFV
Ye' dör àrros tó̠ ñè̠ be' dör ye' tsí bi'	Ye' dör àrros ta̠wè̠râ ñè̠ be' dör ye' tsí bièrâ	TENSE:FUT_CER;ASPECT:IPFV
Ye' tö i wámbalë' ye' tö i sík	I wámbalë́r i sír	TENSE:IPFV_REC;ASPECT:IPFV;VOICE:MID;PERSON:3_SI
Be' dör ye' tsí bi' ye' shka'	Be' dör ye' tsí biè ye' shkö̀	TENSE:IPFV_REC;ASPECT:IPFV
Si̠o̠' bö̀t	Si̠o̠' bö̀t	NOCHANGE
Ali' kuábale	Ali' kuábale	NOCHANGE
Ye' tö kàsir të' be' dör ye' tsí bi'	Kë̀ kàsir tar kë̀ ye' tsí biar	TYPE:NEG;MODE:IMP;TENSE:IPFV_REC;ASPECT:IPFV;VOICE:MID;PERSON:NA
Bikli' arki̠ cha e' apë' chkè ar	Bikli' arki̠ cha e' apë' chkè ar	NOCHANGE
Kapö̀kwa̠	Kapö̀kwa̠	NOCHANGE
Se'r i kièmi̠	Se'r i kièmi̠	NOCHANGE
Ie' tö bö' yë'stsa̠ be' dör ye' tsí bi'	Ie' tö bö' yéstsa̠ be' dör ye' tsí bé	TENSE:PRF_REC
Ye' shka' be' dör ye' tsí bi'	Ye' tso shkö́k be' tso ye' tsí biö́k	TENSE:IPFV_PROG;ASPECT:IPFV
Kë̀ íyi wàta̠wè̠	Kë̀ íyi wàta̠wè̠	NOCHANGE
Ie' tö i chèke	Ie' tö i chèke	NOCHANGE
Alà tö ali' ña̠' ye' tö kàsir të'	Alà tö ali' ñé̠ ye' tö kàsir té	TENSE:PRF_REC
Be' tö i wámbalè	Be' tö i wámbalè	NOCHANGE
Ye' tù̠rke	Ye' tù̠rke	NOCHANGE
Ye' dör àrros tó̠ ñè̠ alà tö ali' ña̠'	Ye' dör àrros ta̠wé̠ ñè̠ alà tö ali' ñé̠	TENSE:PRF_REC
Ye' shka' chìchi tö po'tak kö'	Ye' kë̀ ku̠ shkö́k chìchi kë̀ ku̠ po'tak kuö́k	TYPE:NEG;TENSE:IPFV_PROG;ASPECT:IPFV
Ye' kë̀ ki̠ akáale kiar	Ye' kë̀ ki̠ akáale kiar	NOCHANGE
Ye' shka' chìchi tö po'tak kö'	Ye' tso shkö́k chìchi tso po'tak kuö́k	TENSE:IPFV_PROG;ASPECT:IPFV
Ye' dör àrros tó̠ ñè̠ be' dör ye' tsí bi'	Ye' kë̀ wa̠ àrros tò̠ne̠ ñè̠ be' kë̀ wa̠ ye' tsí bìne̠	TYPE:NEG;TENSE:PRF_REC
Na̠mù̠	Na̠mù̠	NOCHANGE
E' tso' e̠'rö	E' tso' e̠'rö	NOCHANGE
Ukö̀ki̠ be' rö a̠wí̠ apà biéstsa̠ be' rö shkít a̠wì̠	Ukö̀ki̠ be' rö a̠wí̠ apà biéstsa̠ be' rö shkít a̠wì̠	NOCHANGE
Ie' dúwa̠ chìchi tö po'tak kö'	Ie' kë̀ ku'bak dawö́kwa̠ chìchi kë̀ ku̠'bak po'tak kuö́k	TYPE:NEG;TENSE:PRF_PROG
Be' tö i chè	Be' tö i chè	NOCHANGE
Ye' shka' be' dör ye' tsí bi'	Ye' shkö̀ke̠ be' dör ye' tsí bièke̠	TENSE:IPFV_HAB;ASPECT:IPFV
Chìchi tö po'tak kö' ye' tö kàsir të'	Chìchi kë̀ wa̠ po'tak kö̀ne̠ ye' kë̀ wa̠ kàsir të̀ne̠	TYPE:NEG;TENSE:PRF_REC
Kë̀ sö e' ichà e' ta̠ se' bua'nai̠a̠	Kë̀ sö e' ichà e' ta̠ se' bua'nai̠a̠	NOCHANGE
Ie' kalö̀tö̀ke	Ie' kalö̀tö̀ke	NOCHANGE
E̠' ie'pa balë'kë́këpa ká̠ pàkö̀ke̠	E̠' ie'pa balë'kë́këpa ká̠ pàkö̀ke̠	NOCHANGE
Ye' dör àrros tó̠ ñè̠ chìchi tö po'tak kö'	Àrros ta̠ú̠ ñè̠ sö po'tak kuö̀ sö	MODE:EXH;TENSE:IPFV_REC;ASPECT:IPFV;PERSON:1_PL_INC
Trini a̠	Trini a̠	NOCHANGE
Ye' tö i kíme̠' ye' dör àrros tó̠ ñè̠	Ye' kë̀ wa̠ i kía̠mè̠ne̠ ye' kë̀ wa̠ àrros tò̠ne̠ ñè̠	TYPE:NEG;TENSE:PRF_REC
E̠' yawö́	E̠' yawö́	NOCHANGE
Be' dör ye' tsí bi' ye' e̠' tkë'rë	Be' dör ye' tsí bé ye' e̠' tkére	TENSE:PRF_REC
Ye' tö kàsir të' ye' dör àrros tó̠ ñè̠	Ye' é̠n a̠ kàsir ta'ku̠ ye' é̠n a̠ àrros ta̠wa̠'ku̠ ñè̠	MODE:DES;TENSE:IPFV_REC;ASPECT:IPFV
Ie' tö i ttè	Ie' tö i ttè	NOCHANGE
I kiö́	I kiö́	NOCHANGE
Wë́pa kúl	Wë́pa kúl	NOCHANGE
Akuö̀k	Akuö̀k	NOCHANGE
Chìchi tö po'tak kö' buà me̠r kàl ulà ki̠	Chìchi kë̀ wa̠ po'tak kö̀ne̠ buà kë̀ ku̠ me̠r kàl ulà ki̠	TYPE:NEG
Ye' tö kàsir të' ie' dúwa̠	Ye' tö kàsir té ie' dawówa̠	TENSE:PRF_REC
Chìchi tö po'tak kö' ye' dör àrros tó̠ ñè̠	Kë̀ chìchi é̠n a̠ po'tak kua'ku̠ kë̀ ye' é̠n a̠ àrros ta̠wa̠'ku̠ ñè̠	TYPE:NEG;MODE:DES;TENSE:IPFV_REC;ASPECT:IPFV
Ye' tö kàsir të' ye' tö i kíme̠'	Ye' tso kàsir tö́k ye' tso i kímu̠k	TENSE:IPFV_PROG;ASPECT:IPFV
Ye' dör àrros tó̠ ñè̠ ye' tö kàsir të'	Ye' bák àrros ta̠ú̠k ñè̠ ye' bák kàsir tö́k	TENSE:PRF_PROG
Ye' tö kàsir të' be' dör ye' tsí bi'	Ye' tö kàsir të'mi̠ be' dör ye' tsí bi'mi̠	ASPECT:INC
Ye' dör àrros tó̠ ñè̠ ye' tö i kíme̠'	Ye' dör àrros ta̠wè̠ke̠ ñè̠ ye' tö i kímè̠ke	TENSE:IPFV_HAB;ASPECT:IPFV
Be' dör ye' tsí bi' ye' shka'	Be' kë̀ ku̠'bak ye' tsí biö́k ye' kë̀ ku̠'bak shkö́k	TYPE:NEG;TENSE:PRF_PROG
Ye' út alà tö ali' ña̠'	Ye' ujté alà tö ali' ñé̠	TENSE:PRF_REC
E's ie' e's ie' se' ujtèke̠wa̠	E's ie' e's ie' se' ujtèke̠wa̠	NOCHANGE
I kí̠ kióne̠ ië́tökicha	I kí̠ kióne̠ ië́tökicha	NOCHANGE
Ye' út ie' dúwa̠	Ye' ujté ie' dawówa̠	TENSE:PRF_REC
Ské̠l ése se' dör se' wö̀ni̠è̠ke̠ i ki̠	Ské̠l ése se' dör se' wö̀ni̠è̠ke̠ i ki̠	NOCHANGE
Ie' sè̠rke	Ie' sè̠rke	NOCHANGE
Ye' tö i sík ye' shka'	Ye' kë̀ wa̠ i síne̠ kë̀ ye' shkàne̠	TYPE:NEG
Má̠la tsú̠k ka̠ñí̠k a̠ ña̠ itö̀ki̠ ña̠	Má̠la tsú̠k ka̠ñí̠k a̠ ña̠ itö̀ki̠ ña̠	NOCHANGE
Ye' shka' ye' dör àrros tó̠ ñè̠	Ye' shkö̀ke̠ ye' dör àrros ta̠wè̠ke̠ ñè̠	TENSE:IPFV_HAB;ASPECT:IPFV
Ye' dör àrros tó̠ ñè̠ be' dör ye' tsí bi'	Àrros ta̠wè̠ke̠ ñè̠ ye' tsí bìrke̠	TENSE:IPFV_HAB;ASPECT:IPFV;VOICE:MID;PERSON:NA
Ye' shka' ye' tö kàsir të'	Ye' shka'ku̠ ye' é̠n a̠ kàsir ta'ku̠	MODE:DES;TENSE:IPFV_REC;ASPECT:IPFV
Wé̠ balë'këkëpa e' se' wö̀ikèke̠ ta̠ se' bua'na̠	Wé̠ balë'këkëpa e' se' wö̀ikèke̠ ta̠ se' bua'na̠	NOCHANGE
Be' dör ye' tsí bi' ye' shka'	Be' kë̀ wa̠ ye' tsí bìne̠ ye' kë̀ shkàne̠	TYPE:NEG;TENSE:PRF_REC
Ye' út ye' e̠' tkë'rë	Be' út be' e̠' tkë'rë	PERSON:2_SI
Sulàyöm ká̠ kiè e' dör sulàyibi dë́ka̠	Sulàyöm ká̠ kiè e' dör sulàyibi dë́ka̠	NOCHANGE
Be' tö i kuátkèke	Be' tö i kuátkèke	NOCHANGE
Ye' dör àrros tó̠ ñè̠ ye' út	Ye' dör àrros ta̠wè̠ ñè̠ ye' ujtö̀	TENSE:IPFV_REC;ASPECT:IPFV
Ye' tö kàsir të' chìchi tö po'tak kö'	Kë̀ ye' tö kàsir tèku̠ kë̀ chìchi tö po'tak kuèku̠	TYPE:NEG;TENSE:IPFV_HAB;ASPECT:IPFV
Ie' tö i kímè̠ke	Ie' tö i kímè̠ke	NOCHANGE
Be' mí̠ dé tké dià e' ta̠ kèrwa ñe̠' ki̠ wa wö́k ta̠ e' stsè stsèke̠ bö	Be' mí̠ dé tké dià e' ta̠ kèrwa ñe̠' ki̠ wa wö́k ta̠ e' stsè stsèke̠ bö	NOCHANGE
Ye' út ye' shka'	Ye' ujtö̀ ye' shkö̀	TENSE:IPFV_REC;ASPECT:IPFV
Tsiru'wö	Tsiru'wö	NOCHANGE
Ye' shka' be' dör ye' tsí bi'	Ye' kë̀ shkárule be' kë̀ wa̠ ye' tsí bírule	TYPE:NEG;TENSE:PAS_PLU
Be'r bë́ma̠le̠k!	Be'r bë́ma̠le̠k!	NOCHANGE
Ie' ka̠nè̠balö̀	Ie' ka̠nè̠balö̀	NOCHANGE
Ye' tö kàsir të' be' dör ye' tsí bi'	Ye' tso kàsir tö́k be' tso ye' tsí biö́k	TENSE:IPFV_PROG;ASPECT:IPFV
I̠nì̠r	I̠nì̠r	NOCHANGE
Be' na̠ù̠	Be' na̠ù̠	NOCHANGE
Ye' dör àrros tó̠ ñè̠ ye' shka'	Ye' wa̠ àrros ta̠wa̠' ñè̠ ye' shka'	MODE:ADVERS
Be' tö i ttèke	Be' tö i ttèke	NOCHANGE
Ye' tö kàsir të' ye' dör àrros tó̠ ñè̠	Kàsir tö́ àrros ta̠ú̠ ñè̠	MODE:IMP;TENSE:IPFV_REC;ASPECT:IPFV;PERSON:NA
Be' dör ye' tsí bi' ie' dúwa̠	Kë̀ be' dör ye' tsí bièpa kë̀ ie' dawö̀pawa̠	TYPE:NEG;TENSE:FUT_CER;ASPECT:IPFV
Ye' út ye' e̠' tkë'rë	Ie' ujtö̀ ie' e̠' tkö̀rö	TENSE:IPFV_REC;ASPECT:IPFV;PERSON:3_SI
Be' dör ye' tsí bi' wë́m dur stsö́k	Be' kë̀ wa̠ ye' tsí bìne̠ wë́m kë̀ ku̠ dur stsö́k	TYPE:NEG
Dabòm èyök	Dabòm èyök	NOCHANGE
Ie' e̠' chö̀kea̠t	Ie' e̠' chö̀kea̠t	NOCHANGE
Ye' dör àrros tó̠ ñè̠ be' dör ye' tsí bi'	Ye' dör àrros tó̠mi̠ ñè̠ be' dör ye' tsí bi'mi̠	ASPECT:INC
Ye' kó̠pàkö̀ke	Ye' kó̠pàkö̀ke	NOCHANGE
Ye' shka' chìchi tö po'tak kö'	Ye' shkö̀ke̠ chìchi tö po'tak kuèke̠	TENSE:IPFV_HAB;ASPECT:IPFV
Ye' tö kàsir të' chìchi tö po'tak kö'	Kë̀ ye' tö kàsir tök kë̀ chìchi tö po'tak kuök	TYPE:NEG;TENSE:FUT_POT;ASPECT:IPFV
Ahora kë̀ ì à̠te̠ne̠ i éjkë ta̠	Ahora kë̀ ì à̠te̠ne̠ i éjkë ta̠	NOCHANGE
Be' tö i tkèke	Be' tö i tkèke	NOCHANGE
Pues éjkë ye' be' kí̠me̠ dé	Pues éjkë ye' be' kí̠me̠ dé	NOCHANGE
Í̠e̠ ye' kù̠ne̠	Í̠e̠ ye' kù̠ne̠	NOCHANGE
U̠jú̠! u̠jú̠!	U̠jú̠! u̠jú̠!	NOCHANGE
Ye' shka' ye' dör àrros tó̠ ñè̠	Ye' kë̀ ku̠ shkö́k ye' kë̀ ku̠ àrros ta̠ú̠k ñè̠	TYPE:NEG;TENSE:IPFV_PROG;ASPECT:IPFV
Ye' shka' chìchi tö po'tak kö'	Ye' shkö̀mi̠ chìchi tö po'tak kuèmi̠	TENSE:FUT_POT;ASPECT:IPFV
Be' tö i tèke	Be' tö i tèke	NOCHANGE
Ye' tö kàsir të' ie' dúwa̠	Ye' kë̀ ku̠'bak kàsir tö́k ie' kë̀ ku'bak dawö́kwa̠	TYPE:NEG;TENSE:PRF_PROG
Wë́m dur stsö́k ie' tö bö' yë'stsa̠	Wë́pa ië'te̠n stsö́k ie' tö bö' yë'ulur	ABSNUM:PL
Be' tö i tkè	Be' tö i tkè	NOCHANGE
Ye' tö i kíme̠' ye' shka'	Ye' tso i kímu̠k ye' tso shkö́k	TENSE:IPFV_PROG;ASPECT:IPFV
U̠jú̠!	U̠jú̠!	NOCHANGE
Ye' shka' ye' dör àrros tó̠ ñè̠	Ye' kë̀ ku̠'bak shkö́k ye' kë̀ ku̠'bak àrros ta̠ú̠k ñè̠	TYPE:NEG;TENSE:PRF_PROG
A̠wì̠ ák wé mé̠rka̠ e' kiè alòwe	A̠wì̠ ák wé mé̠rka̠ e' kiè alòwe	NOCHANGE
Ye' tö i tsè	Ye' tö i tsè	NOCHANGE
Inú̠köl ë̀ ku̠é̠ki̠	Inú̠köl ë̀ ku̠é̠ki̠	NOCHANGE
Ye' kó̠pàkö̀ke	Ye' kó̠pàkö̀ke	NOCHANGE
Ie' i yulé	Ie' i yulé	NOCHANGE
Bueno í̠e̠ se' rè e'ta̠ í̠e̠ sa' yulár wö̀ke̠	Bueno í̠e̠ se' rè e'ta̠ í̠e̠ sa' yulár wö̀ke̠	NOCHANGE
Wé̠ be' sé̠rke̠	Wé̠ be' sé̠rke̠	NOCHANGE
Be' dör ye' tsí bi' chìchi tö po'tak kö'	Kë̀ be' dör ye' tsí biök kë̀ chìchi tö po'tak kuök	TYPE:NEG;TENSE:FUT_POT;ASPECT:IPFV
Ie' dúwa̠ ye' dör àrros tó̠ ñè̠	Ie' dawö̀râwa̠ ye' dör àrros ta̠wè̠râ ñè̠	TENSE:FUT_CER;ASPECT:IPFV
Se' akáwìña̠k dalë́rke̠ e' kapè yéke̠ kapö́li wa	Se' akáwìña̠k dalë́rke̠ e' kapè yéke̠ kapö́li wa	NOCHANGE
Chìchi tö po'tak kö' be' dör ye' tsí bi'	Chìchi wa̠ po'tak kua' be' wa̠ ye' tsí bia'	MODE:ADVERS
Ie' kó̠pàkö̀	Ie' kó̠pàkö̀	NOCHANGE
Ye' tö i sík ye' shka'	Ye' kë̀ ku̠ i skö́k ye' kë̀ ku̠ shkö́k	TYPE:NEG;TENSE:IPFV_PROG;ASPECT:IPFV
I ujtèwa̠ e's bitséitsèke̠ dör ká̠ pàköl	I ujtèwa̠ e's bitséitsèke̠ dör ká̠ pàköl	NOCHANGE
Ie' kapötkër	Ie' kapötkër	NOCHANGE
Ye' shka' ie' dúwa̠	Ye' bák shkö́k ie' bák dawö́kwa̠	TENSE:PRF_PROG
Chìchi tö po'tak kö' ye' shka'	Chìchi kë̀ wa̠ po'tak kö̀ne̠ ye' kë̀ shkàne̠	TYPE:NEG;TENSE:PRF_REC
Chìchi tö po'tak kö' ye' shka'	Chìchi kë̀ ku̠ po'tak kuö́k ye' kë̀ ku̠ shkö́k	TYPE:NEG;TENSE:IPFV_PROG;ASPECT:IPFV
Chìchi tö po'tak kö' ye' shka'	Chìchi tö po'tak kuémi̠ ye' shkémi̠	TENSE:PRF_REC;ASPECT:INC
Ye' shka' be' dör ye' tsí bi'	Ye' shkö̀mi̠ be' dör ye' tsí bièmi̠	TENSE:FUT_POT;ASPECT:IPFV
I klö̀u̠wa̠ ie' wa̠ ma̠lí̠s	I klö̀u̠wa̠ ie' wa̠ ma̠lí̠s	NOCHANGE
Ñe̠' yö i ché ye' ma̠nè̠ta̠	Ñe̠' yö i ché ye' ma̠nè̠ta̠	NOCHANGE
I' dör sìtla i̠a̠	I' dör sìtla i̠a̠	NOCHANGE
Ye' shka' chìchi tö po'tak kö'	Ye' shkó chìchi a̠ po'tak kö́r	MODE:POT;TENSE:IPFV_REC;ASPECT:IPFV
E' ta̠ be' ú̠rke̠ i kuá tkö́k ta̠ be' mí̠a̠ e'köla	E' ta̠ be' ú̠rke̠ i kuá tkö́k ta̠ be' mí̠a̠ e'köla	NOCHANGE
Be' dör ye' tsí bi' ye' tö kàsir të'	Be' dör ye' tsí bé ye' tö kàsir té	TENSE:PRF_REC
Ki̠ kiàna̠ tö be'	Ki̠ kiàna̠ tö be'	NOCHANGE
Chìchi tö po'tak kö' ye' tö kàsir të'	Chìchi tö po'tak kuèrâ ye' tö kàsir tèrâ	TENSE:FUT_CER;ASPECT:IPFV
Ye' út chìchi tö po'tak kö'	Ye' ujtö̀ chìchi tö po'tak kuè	TENSE:IPFV_REC;ASPECT:IPFV
Chìchi tö po'tak kö' ye' shka'	Chìchi bák po'tak kuö́k ye' bák shkö́k	TENSE:PRF_PROG
Ie' tö i kèke	Ie' tö i kèke	NOCHANGE
Alákölpa e'	Alákölpa e'	NOCHANGE
Alà kë̀ ku̠' i̠ú̠k	Alà kë̀ ku̠' i̠ú̠k	NOCHANGE
Ye' út be' dör ye' tsí bi'	Ye' ujtö̀ be' dör ye' tsí biè	TENSE:IPFV_REC;ASPECT:IPFV
Be' dör ye' tsí bi' ye' shka'	Be' bák ye' tsí biö́k ye' bák shkö́k	TENSE:PRF_PROG
Ye' kapö̀kewa̠	Ye' kapö̀kewa̠	NOCHANGE
Ie' dúwa̠ ye' tö kàsir të'	Ie kë̀ dùnè̠wa̠ ye' kë̀ wa̠ kàsir të̀ne̠	TYPE:NEG
Chìchi tö po'tak kö' be' dör ye' tsí bi'	Kë̀ chìchi tö po'tak kuèpa kë̀ be' dör ye' tsí bièpa	TYPE:NEG;TENSE:FUT_CER;ASPECT:IPFV
Wé̠ i ujtèwa̠ uka' e' ta̠ ie'pa i yík ñeé̠ e'ta̠ ì e ie'pa i yík ñé̠e	Wé̠ i ujtèwa̠ uka' e' ta̠ ie'pa i yík ñeé̠ e'ta̠ ì e ie'pa i yík ñé̠e	NOCHANGE
Wé̠ kë̀ wa̠ i ujche̠n dà a̠ e' ta̠ wake' se' ichè awá tsítsirpa ö	Wé̠ kë̀ wa̠ i ujche̠n dà a̠ e' ta̠ wake' se' ichè awá tsítsirpa ö	NOCHANGE
I alö́	I alö́	NOCHANGE
Ichàkök	Ichàkök	NOCHANGE
Ie' inù̠ke	Ie' inù̠ke	NOCHANGE
Ye' dör àrros tó̠ ñè̠ ye' tö kàsir të'	Kë̀ ye' dör àrros ta̠we̠ ñè̠ kë̀ ye' tö kàsir te	TYPE:NEG;TENSE:IPFV_REC;ASPECT:IPFV
Ie' tö i chèke	Ie' tö i chèke	NOCHANGE
Ye' tö i kíme̠' ye' út	Ye' tso i kímu̠k ye' tso ujtö́k	TENSE:IPFV_PROG;ASPECT:IPFV
Ye' dör àrros tó̠ ñè̠ ye' tö kàsir të'	Àrros ta̠ú̠ ñè̠ kàsir tö́	MODE:IMP;TENSE:IPFV_REC;ASPECT:IPFV;PERSON:NA
Ye' tsö̀	Ye' tsö̀	NOCHANGE
Chìchi tö po'tak kö' ye' dör àrros tó̠ ñè̠	Kë̀ chìchi tö po'tak kuèpa kë̀ ye' dör àrros ta̠wè̠pa ñè̠	TYPE:NEG;TENSE:FUT_CER;ASPECT:IPFV
Chìchi tö po'tak kö' be' dör ye' tsí bi'	Chìchi tö po'tak kuémi̠ be' dör ye' tsí bémi̠	TENSE:PRF_REC;ASPECT:INC
Ie' tö i tkèke	Ie' tö i tkèke	NOCHANGE
Chìchi tö po'tak kö' ye' tö kàsir të'	Kë̀ chìchi tö po'tak kuèpa kë̀ ye' tö kàsir tèpa	TYPE:NEG;TENSE:FUT_CER;ASPECT:IPFV
Chìchi tö po'tak kö' ye' tö kàsir të'	Kë̀ chìchi tö po'tak kue kë̀ ye' tö kàsir te	TYPE:NEG;TENSE:IPFV_REC;ASPECT:IPFV
Ye' ká̠ko	Ye' ká̠ko	NOCHANGE
Ie' e̠' chö̀kea̠t	Ie' e̠' chö̀kea̠t	NOCHANGE
Be' dör ye' tsí bi' chìchi tö po'tak kö'	Be' kë̀ ku̠ ye' tsí biö́k chìchi kë̀ ku̠ po'tak kuö́k	TYPE:NEG;TENSE:IPFV_PROG;ASPECT:IPFV
Kiè ë́ltë e̠na̠ tté shtáwo̠k	Kiè ë́ltë e̠na̠ tté shtáwo̠k	NOCHANGE
Ie' dúwa̠ be' dör ye' tsí bi'	Ie' bák dawö́kwa̠ be' bák ye' tsí biö́k	TENSE:PRF_PROG
Ie' i sa̠wè̠	Ie' i sa̠wè̠	NOCHANGE
E'ta̠ kàlkö ñé̠ wa yö e' aléka̠ yö dìba a̠ e' wa yö e' a̠ yö í̠e̠ ié ié	E'ta̠ kàlkö ñé̠ wa yö e' aléka̠ yö dìba a̠ e' wa yö e' a̠ yö í̠e̠ ié ié	NOCHANGE
Se' yèkewa se' yèwa se' yèkewa irir ta̠	Se' yèkewa se' yèwa se' yèkewa irir ta̠	NOCHANGE
È̠ni̠a̠ na̠ñé̠we kipö̀ yö̀na̠	È̠ni̠a̠ na̠ñé̠we kipö̀ yö̀na̠	NOCHANGE
Ie' tö i yulèke	Ie' tö i yulèke	NOCHANGE
Sa' i ajkà mé̠ka̠ kë'köldi	Sa' i ajkà mé̠ka̠ kë'köldi	NOCHANGE
Chìchi tö po'tak kö' ye' tö kàsir të'	Kë̀ chìchi tö po'tak kuèku̠ kë̀ ye' tö kàsir tèku̠	TYPE:NEG;TENSE:IPFV_HAB;ASPECT:IPFV
Chìchi tö po'tak kö' be' dör ye' tsí bi'	Chìchi kë̀ wa̠ po'tak kö̀ne̠ be' kë̀ wa̠ ye' tsí bìne̠	TYPE:NEG;TENSE:PRF_REC
Ye' tö kàsir të' ye' shka'	Ye' kë̀ ku̠ kàsir tö́k ye' kë̀ ku̠ shkö́k	TYPE:NEG;TENSE:IPFV_PROG;ASPECT:IPFV
Ye' dör àrros tó̠ ñè̠ ie' dúwa̠	Ye' kë̀ wa̠ àrros tò̠ne̠ ñè̠ ie kë̀ dùnè̠wa̠	TYPE:NEG
Ie' datsi' a̠mé̠ se' yë́ a̠ ta̠ ie' e̠' iéka̠ i kipö̀ a̠	Ie' datsi' a̠mé̠ se' yë́ a̠ ta̠ ie' e̠' iéka̠ i kipö̀ a̠	NOCHANGE
Ie' tù̠rke	Ie' tù̠rke	NOCHANGE
Ie' tö bö' yë'stsa̠ ye' e̠' tkë'rë	Ie'pa tö bö' yë'ulur ie'pa e̠' tkë'rë	ABSNUM:PL;PERSON:3_PL
Ye' dör àrros tó̠ ñè̠ ie' dúwa̠	Ye' dör àrros ta̠wé̠ ñè̠ ie' dawówa̠	TENSE:PRF_REC
Ye' dör àrros tó̠ ñè̠ be' dör ye' tsí bi'	Ye' bák àrros ta̠ú̠k ñè̠ be' bák ye' tsí biö́k	TENSE:PRF_PROG
Ye' tö kàsir të' chìchi tö po'tak kö'	Ye' tö kàsir témi̠ chìchi tö po'tak kuémi̠	TENSE:PRF_REC;ASPECT:INC
Chìchi tö po'tak kö' ye' dör àrros tó̠ ñè̠	Chìchi tö po'tak kuèrâ ye' dör àrros ta̠wè̠râ ñè̠	TENSE:FUT_CER;ASPECT:IPFV
Ye' út ye' dör àrros tó̠ ñè̠	Ye' ujtö̀ ye' dör àrros ta̠wè̠ ñè̠	TENSE:IPFV_REC;ASPECT:IPFV
Ña̠ ñá̠	Ña̠ ñá̠	NOCHANGE
Ie' dúwa̠ alà tö ali' ña̠'	Ie' dawówa̠ alà tö ali' ñé̠	TENSE:PRF_REC
Ye' tö i ñè̠	Ye' tö i ñè̠	NOCHANGE
Tsirìu̠k	Tsirìu̠k	NOCHANGE
