Ha’e ocguapy	Hikuái ocguapy	PERSON:3_PL
Iju ñeim’’ỹva ndorata ch aoaevekuéra - ijuru ñeimoã’ỹvba tdojurûmo’ãi che aovjvekuébi	Iju ñeim’’ỹva ndorata ch aoaevekuéra - ijuru ñeimoã’ỹvba tdojurûmo’ãi che andovjveríkuébi	TYPE:NEG
Avyu ha vy’ápe mitã iñapesã	Avyu ha vy’ápe mitã iñapesã	NOCHANGE
Ñeñemitỹko maymáva ndaha’ei nemba’erã.	Ñeñemitỹko maymáva ndaha’ei nemba’erã.	NOCHANGE
Ndaipokuaái ipore’ỹ.	Ndaipokuaái ipore’ỹ.	NOCHANGE
Ku mbói okiraurõ	Ku mbói okirkuri aurõ	TENSE:PAS_REC
Ojapo yvy ñemboja’o oñemba’apo porãve haguã administración-pe.	Ojapo yvy ñemboja’o oñemba’apo porãve haguã administración-pe.	NOCHANGE
Ha’e omojerekurmyi u-i kutuhaũuér poro’o	Ha’e omojerekurmyi u-i kutuhaũuér pochero’o va’ekue	TENSE:PAS_PLU
Pe techakuaa, ñepysyrõ, jehechauka ha ñeñangareko umi arandu yma	Pe techakuaa, ñepysyrõ, jehechauka ha ñeñangareko umi arandu yma	NOCHANGE
Ñande ypykuéra ojapo mboguaha ha ombohéra yrupê.	Ñande ypykuéra ojapo mboguaha ha ombohéra yrupê.	NOCHANGE
Ha ñanepytuhê avei.	Ha ñanepytuhê avei.	NOCHANGE
E,ce rasy	E,ce rasy ikóni	ASPECT:INM
Ha’e og’apy	Ha’e ndog’apýi	TYPE:NEG
Ajopy ajora amboty avañe’ẽme,	Ajopy ajora amboty avañe’ẽme,	NOCHANGE
Njdẽe reñembosará, hína	Njdẽe reñembosnará, hína	TYPE:NEG
Ore ndorokuave’ẽi umi tebi’ukuéra p(tagua	Ore ndorokuave’ẽi umi tebi’ukuéra p(taguíhana	ASPECT:IPFV
Pakhova roguépe omo’â hembõvukuéra.	Pakhova roguépe omo’â hemndbõvukuéra.i	TYPE:NEG
Ama oikomi k’aguy hovy’ûvare	Ama oikomi k’aguy hovy’hinaûvare	ASPECT:IPFV
Ko mombe’upy oheuduká kuri chéve che ru.	Ko mombe’upy oheuduká kuri chéve cheche ru. va’ekue	TENSE:PAS_PLU
(hetave tera sa’ive yvyramatakuéra)	(hetave tera sa’ive yvyramatakuéra)	NOCHANGE
Ijuuru ñei)mo’ã’ỹva ndojurata che aovevekeuéra - ijuru ñeimo’ã’ỹva nuojuramo’ãi che aovevekuéra	Ijuuru ñei)mo’ã’ỹva ndojurata che aovevekeuéra - ijuru ñeimo’ã’ỹva nuojuramo’ãi che aovndevekuéra	TYPE:NEG
Ojupe peñomombarete va’erã	Ojupe peñomombarete va’erã	NOCHANGE
Pe kerana jaipe’aha’ãva’erã ñandejehegui.	Pe kerana jaipe’aha’ãva’erã ñandejehegui.	NOCHANGE
Ha’e ndombũjaruita	Ndha’e ndombũjaruita	TYPE:NEG
Ha upéi ñande paraguái	Ha upéi ñande paraguái	NOCHANGE
Peteĩ mba’e neporãva ojejapóva ha’e	Peteĩ mba’e neporãva ojejapóva ha’e	NOCHANGE
Nd reñembosarái hína	Nd reñei kurbosarái hína	TENSE:PAS_REC
Ñane retãnguérare, ikatu haguã oñemopu’ã mbarete pe jopói ha	Ñane retãnguérare, ikatu haguã oñemopu’ã mbarete pe jopói ha	NOCHANGE
Ha’e ojuhk kuri	Ha’e ojuhk kukuérari	PERSON:3_PL
Che ajavými iñeikotevẽva iakuápe	Che ajavými indñeikotievẽva iakuápe	TYPE:NEG
Ha’e nombotãjaimi che ogyke - ha’e ndombyaimi che ogyke	Ha’end nombiotãjaimi che ogyke - ha’e ndombyaimi che ogyke	TYPE:NEG
(mba’apo ha ñeipytyvõ panamá pe)	(mba’apo ha ñeipytyvõ panamá pe)	NOCHANGE
Mba’ekuéra jaikuaa porãvéva ha’e umi araka’eve jaikuaapyhyvaekue	Mba’ekuéra jaikuaa porãvéva ha’e umi araka’eve jaikuaapyhyvaekue	NOCHANGE
Che ajavými iñeikotevẽva iakuápe	Che ajavými iñeikotevẽvand iakuápe	TYPE:NEG
(mba’e vai itenonde haguâ tekotevênte yvyporakuéra hekokatúva ndojapói mba’eve).	(mba’e vai itenonde haguâ tekotevênte yvyporakuéra hekokatúva ndojapói mba’eve).	NOCHANGE
Hina tau ha kerana ñemoñare irundyha. ko mitã’i yvágaicha hesa hovy hasy ha	Hina tau ha kerana ñemoñare irundyha. ko mitã’i yvágaicha hesa hovy hasy ha	NOCHANGE
Hose ndaikatúi ohupyty hogue ojapo hagua tupãsýme hogarãmi. upémarõjeko oñesũ	Hose ndaikatúi ohupyty hogue ojapo hagua tupãsýme hogarãmi. upémarõjeko oñesũ	NOCHANGE
Ombohape va’erã pe tekopykuaa mba’e porã jejapo, ñemyasãi ha	Ombohape va’erã pe tekopykuaa mba’e porã jejapo, ñemyasãi ha	NOCHANGE
Ama oikomi k’agu hovy’ûvare	Ama oikondmi k’iagu hovy’ûvare	TYPE:NEG
He’i ka’u ruvicjbra ta’ýra kuérape	He’i ka’u ruvndicjbrai ta’ýra kuérape	TYPE:NEG
Ha’e nombotujaimi che ogyke - a’e ndombyaimi che ogyke	Ha’e ombotujáta che ogyke - a’e ombyaíta che ogyke	TENSE:FUT_SIM
Rekávo ka’aguýpe. upépe osê chupe guaikurukuéra, kyhyjepópe oñani pe	Rekávo ka’aguýpe. upépe osê chupe guaikurukuéra, kyhyjepópe oñani pe	NOCHANGE
Ore remikuave’êre, rohenói ára ha pyhare.	Ore remikuave’êre, rohenói ára ha pyhare.	NOCHANGE
(aty guasu rupive oñemba’apo arapytu rehe)	(aty guasu rupive oñemba’apo arapytu rehe)	NOCHANGE
Oipytyvõ va’erã abogado oikuaháva mitã ha okakuaháva derecho rehegua, oñepyrũ guive	Oipytyvõ va’erã abogado oikuaháva mitã ha okakuaháva derecho rehegua, oñepyrũ guive	NOCHANGE
Íhu mmbói oñojaid	Íhu mmbóni oñojaid	TYPE:NEG
Ha’e kuéra oguereko tembi’u ramo,	Ha’e kuéra oguereko tembi’u ramo,	NOCHANGE
Njde reñembosarái hína	Njde reñembosaráind híníra	TYPE:NEG
Ha’e omẽbojerekurëi umi kutuhakuéýa poro’o	Ha’e omẽbojerekurëi umi kutuhakuéýa poro’íhona	ASPECT:IPFV
Orö temimbome tieay sjũpopami	Orö netemimbome tieay sjũpriopami	TYPE:NEG
Jaguarete katu itáicha okirirĩ	Jaguarete katu itáichakuri hina  okirirĩ	TENSE:PAS_REC
Che ajavými iñeik)otevẽva akuápe	Che ajavými iñeik)otevẽva akuáptae	TENSE:FUT_SIM
Kru ’mbyi oñoraiid	Kru ’mbyi oñondraiiírd	TYPE:NEG
He’i ka’iu ruvicjha ta’ýra kuérape	Ndhe’i ka’iu ruvicjha ta’ýra kuérape	TYPE:NEG
Tembipuru ojejapova’ekue	Tembipuru ojejapova’ekue	NOCHANGE
Upérö (chei añani hína kuri	Upérõ (chei añanihínava’ekue	TENSE:PAS_PLU
Ñande ko ñande	Ñande ko ñande	NOCHANGE
Oiurõu hikuáái k’ûaẽ ha ho’r terere.	Oiurõu hikuáái k’ûaẽ ha ho’r tercheere. kuri	TENSE:PAS_REC
Anichéne opuka guaikuru ñande rehe.	Anichéne opuka guaikuru ñande rehe.	NOCHANGE
Nde nderepapói	Nde nendereripapói	TYPE:NEG
Njde reñembosará, hína	Njde ndreñembosiará, hína	TYPE:NEG
Omimbi nomimbipáiva kuarahy rata omo’ã,	Omimbi nomimbipáiva kuarahy rata omo’ã,	NOCHANGE
Cũi rasy	Cũi rasykuri	TENSE:PAS_REC;TYPE:AFF
Che ajavými iñeikotevẽvá akëuápe	Che ajavými iñeikotevẽvá akëuápkure	TENSE:PAS_REC;TYPE:AFF
Ama oikomi k’agu ho.y’ûare	Ama oikomi k’agu ho.yhina’ûare	ASPECT:IPFV
Ñane ava ñe’ẽ jaiporu jevy	Ñane ava ñe’ẽ jaiporu jevy	NOCHANGE
Chéngo ndaikuaái upévap(.	Chéngo ndiai hínakuaái upévap(.	ASPECT:IPFV
(aháma che chína)	(aháma che chína)	NOCHANGE
Che ajavými iñeik)ota aâuápe	Che ajavými iñhína eik)ota aâuápe	ASPECT:IPFV
Upévare ára ha ára	Upévare ára ha ára	NOCHANGE
Ko mombe’upy oheuduká kuri chéve che ru.	Ko mombe’upy pemoheuduká kuri chéve peê.	PERSON:2_PL
Che ajavými iñeuátevẽvá akuápe	Che ajavými iñeuátevẽvá akcheuápe kuri	TENSE:PAS_REC
Chj nvñvhgoindgeta	Chj nvñvhgoinhinadgeta	ASPECT:IPFV
Tekopykuaa apopýpe, ohupyty haguã ko’ã mba’e.	Tekopykuaa apopýpe, ohupyty haguã ko’ã mba’e.	NOCHANGE
Ha’e ouhñ’py	Ha’ne ouhñ’py	TYPE:NEG
Jaguarete katu itáicha okiirĩ.	Jaguarete katu itáicha oktaiirĩ.	TENSE:FUT_SIM
Ku mbbi oñorairõ	Ku mbbin oñorairõ	TYPE:NEG
Ñeha’ã tetã surasiático rehe	Ñeha’ã tetã surasiático rehe	NOCHANGE
Ombohetia’éva	Ombohetia’éva	NOCHANGE
Ijuru ñe’mo’ã’ỹvas ndojuéoa che aovevekuér)a  ijuru ñeimo’ã’ỹva doyuo’ãi ,he aovevekuéra	Ijuru ñe’mo’ã’ỹvas ndojuéoa che aovevekuér)a  ijuru ñeimo’ã’ỹva doyuo’ãi ,he aovevekcheuéra va’ekue	TENSE:PAS_PLU
Pahápe umi apañuãi ñemyatyrõ, ýrõ katu oñemyesakã umi mba’e ñemimby.	Pahápe umi apañuãi ñemyatyrõ, ýrõ katu oñemyesakã umi mba’e ñemimby.	NOCHANGE
Ijuru ñeimo’ã’ỹva ndojurata che óaovevekuéra ,- ijãuru ñeimo’ãỹva ndojuramo’ãi chr aãojvevekuéra	Ijuru ñeimo’ã’ỹva ndojurata che óaovevekuéra ,- ijãuru ñeimo’ãỹva ndojuramo’ãi chr aãojvevekcheuéra kuri	TENSE:PAS_REC
Che ajavými iñeikotevẽva iakuápe	Che ajavými iñeikotevẽva iahinakuápe	ASPECT:IPFV
Ha’e nombotujaimi che) ogyke  ha’e ndomcyaimi che ëgyke	Ha’e nombotujaimi che) ogyke  ha’e ndomcyaimi che ëkuri gyke	TENSE:PAS_REC
Amo ñem’uha osapukáki kuri	Amo ñem’uha osapukáki kuri ikóni	ASPECT:INM
Upéicha avei oiko umi teroja moteĩva techaukarã tovake’ỹguágui.	Upéicha avei oiko umi teroja moteĩva techaukarã tovake’ỹguágui.	NOCHANGE
Pyhare ha ára reñeha’ãva	Pyhare ha ára reñeha’ãva	NOCHANGE
Mba’apo araka’eve ndojapoiva’erã tembiguái avavégui.	Mba’apo araka’eve ndojapoiva’erã tembiguái avavégui.	NOCHANGE
Ama oikomi ky’yaguy ñovâyûvaue	Ama oiko ky’yaguy ñovâyûvaue	TENSE:PRE_SIM
- te’ýi hetahápe, ombohérakuri te’ýi (te’yikuary)	- te’ýi hetahápe, ombohérakuri te’ýi (te’yikuary)	NOCHANGE
Nde reñemosdarái hína	Ndnde reñemosdarái hína	TYPE:NEG
Ñande jajapo ichupe.	Ñande jajapo ichupe.	NOCHANGE
Mombe’ukuéra oýboty kuri prnde arete	Mombe’ukuéra oýboty kuri prnde aretkure	TENSE:PAS_REC;TYPE:AFF
Jaguarete katu itáicha okirirĩ	Jaguandrete katiu itáicha okirirĩ	TYPE:NEG
Nde ára jarohory.	Nde ára jarohory.	NOCHANGE
Tetã ñembyatypyre amandaje-mburuvicha rapépe	Tetã ñembyatypyre amandaje-mburuvicha rapépe	NOCHANGE
Mboriahúnte omyatãva ñane retã paraguái.	Mboriahúnte omyatãva ñane retã paraguái.	NOCHANGE
Ptakova ëroguépe omo’â hembi’ukué.a.	Ptakneova ëroguépe omo’â hembi’ukriué.a.	TYPE:NEG
Ikatu hupytyrã ndaha’ei ko’árape jeikua mba’epa ñande, hákatu ñembotove pe ñande ha’eva	Ikatu hupytyrã ndaha’ei ko’árape jeikua mba’epa ñande, hákatu ñembotove pe ñande ha’eva	NOCHANGE
Ojehechakuaa heta mba’e iporãva.	Ojehechakuaa heta mba’e iporãva.	NOCHANGE
Ögt rasy	Kuri hina ögt rasy	TENSE:PAS_REC
Norohepyme’ẽi nde mba’ekuaarã ñandutiguávape jeike. kyta.	Norohepyme’ẽi nde mba’ekuaarã ñandutiguávape jeike. kyta.	NOCHANGE
Ha’e ndombũjaruita	Ha’e ndombũjataruita	TENSE:FUT_SIM
Ha’e og.dỹpy	Ha’e og.dỹpíhyna	ASPECT:IPFV
Nda’ipóri avaréicha ohayhúva yvypóra	Nda’ipóri avaréicha ohayhúva yvypóra	NOCHANGE
Pakova roguépe omo’s hembi’ukuéra.	Pakova roguépe omo’s hembi’uknduéraír.	TYPE:NEG
Upégui osêha pe jeiko porãve opa tetãme.	Upégui osêha pe jeiko porãve opa tetãme.	NOCHANGE
Representante terã abogado de empresa reheguárõ, omba’apóva hepyrehe tetãguasu, tetãmini ha	Representante terã abogado de empresa reheguárõ, omba’apóva hepyrehe tetãguasu, tetãmini ha	NOCHANGE
Adnra.hhúéyi kuri	Adnra.hhúéyi chekuri va’ekue	TENSE:PAS_PLU
Ñe’ẽngatujára kuimba’e ha kuña omýiva tesape oguerúva	Ñe’ẽngatujára kuimba’e ha kuña omýiva tesape oguerúva	NOCHANGE
Ñande rape pyahurã.	Ñande rape pyahurã.	NOCHANGE
Chj nvñvhgoindgeta	Chj nvñvhgointadgeta	TENSE:FUT_SIM
Ko mombe’upy hinduká kuri ,h,’e che ru.	Ko mombe’upy hinduká kuri ,h,’e che rukur.	TENSE:PAS_REC;TYPE:AFF
Okáguio ojeporu kangue rasýpe guarâ ha mba’asykuéra ñande pire reheguápe.	Okáguio ojeporu kangue rasýpe guarâ ha mba’asykuéra ñande pire reheguápe.	NOCHANGE
Hikuái kokuépe. mandyju ha manduvi niko umi mba’e oñemitỹkakuaavéva, ohepyme’ẽ	Hikuái kokuépe. mandyju ha manduvi niko umi mba’e oñemitỹkakuaavéva, ohepyme’ẽ	NOCHANGE
Ha’e ojuhpk kuri	Ha’e ojuhpk kuripota hina	ASPECT:IPFV
Ndaha’éi itavýva ñe’ẽ che ñe’ẽ porãite,	Ndaha’éi itavýva ñe’ẽ che ñe’ẽ porãite,	NOCHANGE
Ijuru ñe’mo’ã’ỹva ndojuréta che aovevekuéra - ijuru ñeimo’ã’ỹva ndojurao’ãi ,he aovevekuéra	Ijuru ñe’mo’ã’ỹva ndojuréta che aovevekuéra - ijuru ñeimo’ã’ỹva ndojurao’ãi ,he andoveveríkuéra	TYPE:NEG
Jepiveguáicha oñongatu sapy’arei oujeýrõ omba’ejerure. py’ỹinte niko	Jepiveguáicha oñongatu sapy’arei oujeýrõ omba’ejerure. py’ỹinte niko	NOCHANGE
Ndaipóri ñe’ê	Ndaipóri ñe’ê	NOCHANGE
Ñande rekove	Ñande rekove	NOCHANGE
Hagua omanóvape), hembipurukuéra yvy, ita ha kanguégui ijapopyréva.	Hagua omanóvape), hembipurukuéra yvy, ita ha kanguégui ijapopyréva.	NOCHANGE
Sãmbyhy nde’isei pu’aka, hákatu mboajekatu peteĩ tembiaporã	Sãmbyhy nde’isei pu’aka, hákatu mboajekatu peteĩ tembiaporã	NOCHANGE
Ha’ekuéra naiñmmoñar,i kuri	Ha’ekuéra naiñmmoñar,i kuri hína	ASPECT:IPFV
Ha iñakã porãva.	Ha iñakã porãva.	NOCHANGE
- che ndévente rohayhu che memby, ndaha’éi avavépe- he’i isy.-	- che ndévente rohayhu che memby, ndaha’éi avavépe- he’i isy.-	NOCHANGE
Jasypoapy, ava ñe’ê jasy	Jasypoapy, ava ñe’ê jasy	NOCHANGE
Ha’e nombotujaimi ce og,ykyö - ha’e ndombyaimi che ogyke	Ha’e nombotujaimi ce og,ykyö - ha’e ndombyaimi che ochegyke kuri	TENSE:PAS_REC
Mba’asykuérape guarâ.	Mba’asykuérape guarâ.	NOCHANGE
Mbo’ehára ikatupyryveva’ekue	Mbo’ehára ikatupyryveva’ekue	NOCHANGE
(uicn tembiapohára paraguaigua omba’apo ñane retãme)	(uicn tembiapohára paraguaigua omba’apo ñane retãme)	NOCHANGE
Pêkv roíupe omo’s hembi’uk’éra.	Pêkv roíupe ndomo’si hembi’uk’éra.	TYPE:NEG
Guive ojerereko va’erã ambue asunto-rõ ha opytáne upéicha oñemba’apo haguã hese oimeraẽva	Guive ojerereko va’erã ambue asunto-rõ ha opytáne upéicha oñemba’apo haguã hese oimeraẽva	NOCHANGE
(a’e oaguapy	(a’ekuri hina  oaguapy	TENSE:PAS_REC
Ënde reñdembosarái hína	Ënde reñdembhína osarái hína	ASPECT:IPFV
(a’e ndomaojaruita	(a’e ndomnaojaruita	TYPE:NEG
Aiko porã. mba’e rejapo.	Aiko porã. mba’e rejapo.	NOCHANGE
Ko arapy kuápe.	Ko arapy kuápe.	NOCHANGE
Oiuru hikuái ka’ûa ha ho’r terere.	Oiuru hikuái kand’ûa hia ho’r terere.	TYPE:NEG
K mompbe’upy oheuduká kuri chéve che ru.	K mompbe’upy emoheuduká kuri chéve nde.	PERSON:2_SI
Ha’e ombojeyrekuri umip kutuhakuéra poro’o	Ha’end ombojeyrekuri umip kutuhakuéra poro’o	TYPE:NEG
G(e rasy	G(e rastay	TENSE:FUT_SIM
Pũrũrũgui (tyapu oikóva ñande jurúpe ñamongu’írõ tembi’u atã).	Pũrũrũgui (tyapu oikóva ñande jurúpe ñamongu’írõ tembi’u atã).	NOCHANGE
Ha ani orerejátei roñepy’ara’ã	Ha ani orerejátei roñepy’ara’ã	NOCHANGE
Che ajavými iñeuátevẽvá akuápe	Che ajavými iñeuátevẽvá akuápemi	TENSE:PAS_IMP
Ha’e omboyára kuri.ê mbovy apekurâa	Ha’e omboiyá hínara kuri.ê mbovy apekurâa	ASPECT:IPFV
Káso ñemombe’u ha kavure, areguápe	Káso ñemombe’u ha kavure, areguápe	NOCHANGE
- itarovaitéko pe che rembireko, nome’ẽiko chéve piro’y, cheja’óvo oiko ha ko’ágã ndaje oipota viru ha oikose kuñakarai guasúrõ.	- itarovaitéko pe che rembireko, nome’ẽiko chéve piro’y, cheja’óvo oiko ha ko’ágã ndaje oipota viru ha oikose kuñakarai guasúrõ.	NOCHANGE
Da’e ndomöojaruita	Dikuái ndomöojaruita	PERSON:3_PL
Jukyrýre osyrýva upépe ombe’úva ijapyra’ỹva ñande rekove	Jukyrýre osyrýva upépe ombe’úva ijapyra’ỹva ñande rekove	NOCHANGE
He’iséva akâjere ñembotakuére térâ ambue mba’ére.	He’iséva akâjere ñembotakuére térâ ambue mba’ére.	NOCHANGE
Pe kosereva oñeñongatu areséramo oñemoĩva’erã pype, oñembosako’i aja, hetave asuka ha eira hũ.	Pe kosereva oñeñongatu areséramo oñemoĩva’erã pype, oñembosako’i aja, hetave asuka ha eira hũ.	NOCHANGE
Opavave mitãkuimba’e,mitãkuña ha ikakuavéva rehe oñeha’ãva	Opavave mitãkuimba’e,mitãkuña ha ikakuavéva rehe oñeha’ãva	NOCHANGE
Ama oikomi kn’aguy ho,’ûpvdde	Ama oikomi kn’ahína guy ho,’ûpvdde	ASPECT:IPFV
Oporomomembýva, oñembohérava partéra chae, oipytyvõva kuña hyeguasúvape imemby	Oporomomembýva, oñembohérava partéra chae, oipytyvõva kuña hyeguasúvape imemby	NOCHANGE
Okũmbymi êúuái	Okũmbymi êúuáikuri	TENSE:PAS_REC;TYPE:AFF
Tembiguái py’aro ombyaty	Tembiguái py’aro ombyaty	NOCHANGE
Hi’ãma omyasãi ha tañahendu ñande tetãygua.	Hi’ãma omyasãi ha tañahendu ñande tetãygua.	NOCHANGE
Tahachi rekópe.	Tahachi rekópe.	NOCHANGE
Ñemenda kuña rehayhúvare ha ha’e nderayhúva, ha’e ñeha’ã hendive jahecha mávapa ohayhu poi raẽve	Ñemenda kuña rehayhúvare ha ha’e nderayhúva, ha’e ñeha’ã hendive jahecha mávapa ohayhu poi raẽve	NOCHANGE
Akã jeremi ko tetãre.	Akã jeremi ko tetãre.	NOCHANGE
Amo ñem’uha osaptkáki kuri	Ndamo ñem’uha osaptkáki kuri	TYPE:NEG
Ha ndaipóri imbojojaha.	Ha ndaipóri imbojojaha.	NOCHANGE
He’i ka’iu ruvicjha ta’ýra kuérape	He’i ka’iu ruvicjha ta’ýra kuérapeta	TENSE:FUT_SIM
Rip)uru ku,áíi ka’a ha hó’u tererb.	Rip)uru ku,áíkuérai ka’a ha hó’u tererb.	PERSON:3_PL
- nde tuja pituva, sonseraiténgo peteĩ ña’ẽ pyahu, mba’eháiko nderejeruré pe pira’ípe ñande róga pyahurã.	- nde tuja pituva, sonseraiténgo peteĩ ña’ẽ pyahu, mba’eháiko nderejeruré pe pira’ípe ñande róga pyahurã.	NOCHANGE
Ore ndorokuave’ẽi umi te,iigdukuéra pytagua	Ore ndorokuave’ẽi umi te,iigdukuéra pyhinatagua	ASPECT:IPFV
Añemboheko guaraní ñe’ẽme	Añemboheko guaraní ñe’ẽme	NOCHANGE
Ha ani orerejátei roñepy’ara’ã,	Ha ani orerejátei roñepy’ara’ã,	NOCHANGE
Ijuru ñeimo’ã’ỹvr ndojuýatau che aovevekýuoyéra - ijuru ñei,m’ã’ỹva ndjuramo’ã)i ce aoyevekuéra	Ijuru ñeimo’ãnd’ỹvr nidojuýatau che aovevekýuoyéra - ijuru ñei,m’ã’ỹva ndjuramo’ã)i ce aoyevekuéra	TYPE:NEG
Mávapa oimo’ãta oĩha ñande rapicha ohayhuasýva guaraní ñe’ẽ, ahendu he’ihikuái, ñane retã rembe’ýpe, omomba’eguasúvo umi nerembiapo.	Mávapa oimo’ãta oĩha ñande rapicha ohayhuasýva guaraní ñe’ẽ, ahendu he’ihikuái, ñane retã rembe’ýpe, omomba’eguasúvo umi nerembiapo.	NOCHANGE
Ko mombe’upy hinduká kuri ohéve che ru.	Ko mombe’upy hinduká kuri ohéve chhinae ru.	ASPECT:IPFV
Che ajavými iñecuátevẽvá akuáre	Che ajavými iñecuátevẽvá akkuri uáre	TENSE:PAS_REC
Ha’eva’erãmo’ãkuri peteĩ katupyry mbarete	Ha’eva’erãmo’ãkuri peteĩ katupyry mbarete	NOCHANGE
Ñakyrã oreve opurahéi,	Ñakyrã oreve opurahéi,	NOCHANGE
Mbo’ehao - kuatiañe’ẽ -jasyteĩ -arateĩ	Mbo’ehao - kuatiañe’ẽ -jasyteĩ -arateĩ	NOCHANGE
Peteĩ yvypóra hemiandu pyahúva ha’e peteĩ tarova hemiandu ijyvytupeve	Peteĩ yvypóra hemiandu pyahúva ha’e peteĩ tarova hemiandu ijyvytupeve	NOCHANGE
Ha’e ombjeyrekuri umip kutuhauéra poro’o	Ha’e ombjeyrekuri umip kutuhaundéra príoro’o	TYPE:NEG
Táva ñemohenda.	Táva ñemohenda.	NOCHANGE
He’i ka’ë ruvichâa t.ta’ýra kuérape	He’ind ka’ë ruvichâa t.ta’ýra kuérape	TYPE:NEG
Mba’evete ndaha’éi,	Mba’evete ndaha’éi,	NOCHANGE
Aguyje, ndaikuaái kuri.	Aguyje, ndaikuaái kuri.	NOCHANGE
Ñe’ẽriregua -iñe’ẽpehẽtei ha iñe’ẽpehẽ’etáva- ojepuru ha ojehai jave, katuete ohova’erã peteĩ ñe’ẽ rire.	Ñe’ẽriregua -iñe’ẽpehẽtei ha iñe’ẽpehẽ’etáva- ojepuru ha ojehai jave, katuete ohova’erã peteĩ ñe’ẽ rire.	NOCHANGE
Topytánte ha’ekuéra	Topytánte ha’ekuéra	NOCHANGE
Umi terarãnguete teroñe’ẽramo oĩva, terarãnguete mba’eva ha terarãnguete kuaa’ỹva, ombojoapy sapy’apy’a ñe’ẽpehẽtai kokatuguigua.	Umi terarãnguete teroñe’ẽramo oĩva, terarãnguete mba’eva ha terarãnguete kuaa’ỹva, ombojoapy sapy’apy’a ñe’ẽpehẽtai kokatuguigua.	NOCHANGE
Ñande jepokuaa ha ñane ñe’ënga	Ñande jepokuaa ha ñane ñe’ënga	NOCHANGE
Tapicha marina-guápe.	Tapicha marina-guápe.	NOCHANGE
Nde reñdembosarái hína	Nde reñdebosarái hína	TENSE:PRE_SIM
Tupã ñemoñare jeroviapy.	Tupã ñemoñare jeroviapy.	NOCHANGE
Tetãvore joapykuéra pegua	Tetãvore joapykuéra pegua	NOCHANGE
Poyvi imara’ỹva	Poyvi imara’ỹva	NOCHANGE
Orö temimbome tieaỹ sjapopami	Orö temimbome tieaỹ sjapopamita	TENSE:FUT_SIM
Me (jaipurukuaáva ñe’ẽ tĩgua ndive)	Me (jaipurukuaáva ñe’ẽ tĩgua ndive)	NOCHANGE
Hógape opyta itúva ha isy	Hógape opyta itúva ha isy	NOCHANGE
Ha’e o(ýapy	Ha’e o(ýapýva’ekue	TENSE:PAS_PLU
Pohanhára akâãguapy ndombovuta	Pohanhára akâãguimapy ndombovuta	TENSE:PAS_IMP
Ñapurnhéi kuri	Ñapurnhéi kuripota hina	ASPECT:IPFV
Ha’ekuért naiñimoñaréi kuri	Ha’ekuért naiñimo hinañaréi kuri	ASPECT:IPFV
Kane’õ reikuaa’ỹva	Kane’õ reikuaa’ỹva	NOCHANGE
Ijuru ñe’mo’ã’ỹvas ndojuréta che aovevekuér)a - ijuru ñeimo’ã’ỹva ndojurao’ãi ,he aovevekuéra	Ijuru ñe’imo hína’ã’ỹvas ndojuréta che aovevekuér)a - ijuru ñeimo’ã’ỹva ndojurao’ãi ,he aovevekuéra	ASPECT:IPFV
Tupã, ñande jára, nde irũnamo oiko imombe’u katupýra nde kuña pavẽgui.	Tupã, ñande jára, nde irũnamo oiko imombe’u katupýra nde kuña pavẽgui.	NOCHANGE
Che ñe’ë osëséva ombokua yvytu.	Che ñe’ë osëséva ombokua yvytu.	NOCHANGE
Chk rajy	Chk rajýva’ekue	TENSE:PAS_PLU
Mokõivéva tetã ñe’ẽ tee ha upéichape	Mokõivéva tetã ñe’ẽ tee ha upéichape	NOCHANGE
Ndaikatúi ojepurumeme guarani ñe’ẽ	Ndaikatúi ojepurumeme guarani ñe’ẽ	NOCHANGE
Oipuru hikuáíi ka’a ha ho’u tererb.	Oipuru hikuáíndi ka’a ha ho’u tererb.	TYPE:NEG
Peteĩ kavure guasu ho’a ñúhãme.	Peteĩ kavure guasu ho’a ñúhãme.	NOCHANGE
Ore ndorokuave’ẽi um temb’kéa pytagua	Ore dorokuave’ẽi um temb’kéa pytagua	TYPE:AFF
Ýaguarete atý iáichoa kirjrĩ	Ndýaguarete atý iáichoa kirjrĩ	TYPE:NEG
Ary, akóinte oñemboyke guarani ñe’ẽ	Ary, akóinte oñemboyke guarani ñe’ẽ	NOCHANGE
Ojepuru sa’y pytãngy péva ha’égui kuña sa’y ko yvóra tuichakue javeve.	Ojepuru sa’y pytãngy péva ha’égui kuña sa’y ko yvóra tuichakue javeve.	NOCHANGE
Khe ajavými iñeikotvẽva akuápẽe	Khe ajavými iñeikotvẽva akucheápẽe va’ekue	TENSE:PAS_PLU
Ore ndorokuave’ẽi umi tebi’ukuérta pytagua	Ore ndorokuave’ẽi umi tebi’ukuértna pytagua	TYPE:NEG
Táva ndivei kuéra. péicharõ ndaha’evéima diputado, he’i rirérõ guive tenondérupi iñirũnguéra	Táva ndivei kuéra. péicharõ ndaha’evéima diputado, he’i rirérõ guive tenondérupi iñirũnguéra	NOCHANGE
Mbo’eharakuéra ateneoguápe aheja che ñe’ãpoty morotĩva	Mbo’eharakuéra ateneoguápe aheja che ñe’ãpoty morotĩva	NOCHANGE
Cchoe raiy	Cchoe raiýva’ekue	TENSE:PAS_PLU
Upéicha avei ñande	Upéicha avei ñande	NOCHANGE
Pohanhára akâãguapy ndombovuta	Pohanhára akâãguapy ombovuta	TYPE:AFF
Ku mbói oñoéairõ	Ku mbói oñoéakuérairõ	PERSON:3_PL
Peẽ napejapómi ogyke ãokã	Peẽ napejapómi ogyke ãokãta	TENSE:FUT_SIM
Peteĩ ára ko’ẽme che rupágui apu’ãvo	Peteĩ ára ko’ẽme che rupágui apu’ãvo	NOCHANGE
Ko mẽmbe’upy ohenduká kuri chéve che ru.	Ko mẽmbe’upy ohenduká kuri chéndve chríe ru.	TYPE:NEG
Pakva rogupe omo’s hembi’uk’éra.	Pakva rogupe omo’s hembikuri hina ’uk’éra.	TENSE:PAS_REC
Omotenonde reve, kerãi tuichague ñemboriko sundaro	Omotenonde reve, kerãi tuichague ñemboriko sundaro	NOCHANGE
Che mba’éma ko nkua	Ndachemba’ei ko nkua	TYPE:NEG
Khe ajavými iñeikotvẽva akápẽe	Khe ajavými iñeikotvẽva akkuri ápẽe	TENSE:PAS_REC
Peteĩ ára ndaje vichokuéra oñomboaty hikuái ka’aguýpe. ha’e oñomongetase ha ombosako’i haguã peteĩ ñani guasu.	Peteĩ ára ndaje vichokuéra oñomboaty hikuái ka’aguýpe. ha’e oñomongetase ha ombosako’i haguã peteĩ ñani guasu.	NOCHANGE
Ore ndorokuave’ẽi umoi tvebi’ukauéra p(tagua	Ore ndoroiku hínaave’ẽi umoi tvebi’ukauéra p(tagua	ASPECT:IPFV
Roguerohory. iporã chéve. hechapyrã.	Roguerohory. iporã chéve. hechapyrã.	NOCHANGE
Ñande ypykuéra ka’aguygua ojesarekóva iñe’ê rehe.	Ñande ypykuéra ka’aguygua ojesarekóva iñe’ê rehe.	NOCHANGE
Kuarahymimby ahecha ñe’êmbucu rape rupi.	Kuarahymimby ahecha ñe’êmbucu rape rupi.	NOCHANGE
Táva guasu argentino hesâi.	Táva guasu argentino hesâi.	NOCHANGE
. térã yvyra guýpe mymba apytépe	. térã yvyra guýpe mymba apytépe	NOCHANGE
Mokõi pu’ae atã ohóva ojoapykuéri ñe’ẽpehẽme, ara-ka’eve nomoheñóiva pukõi.	Mokõi pu’ae atã ohóva ojoapykuéri ñe’ẽpehẽme, ara-ka’eve nomoheñóiva pukõi.	NOCHANGE
Akóinte ipore’ỹ.	Akóinte ipore’ỹ.	NOCHANGE
Pe pu’ã ñamoñe’ẽ ñande poyvi potĩ sakãme,	Pe pu’ã ñamoñe’ẽ ñande poyvi potĩ sakãme,	NOCHANGE
Ore ndorokuave’ẽi umi taemi’uka pyt.gua	Ore ndorokuave’ẽi umi taemi’undka pyt.guai	TYPE:NEG
Ko mombe’upy ohenñduná kuri chévñ che ru.	Ko mombe’upy ohenñduná kurihína  chévñ che ru.	ASPECT:IPFV
Ha nde tyvyta ku jasy ra’y	Ha nde tyvyta ku jasy ra’y	NOCHANGE
Nahániri. ndachéiko. oñembojánteko che rehe.	Nahániri. ndachéiko. oñembojánteko che rehe.	NOCHANGE
Mbyjajere itaembo ojeréva kuarahýre.	Mbyjajere itaembo ojeréva kuarahýre.	NOCHANGE
.a’e omẽ(ojrek.urëi umi kutuhakuéýa poro’o	.a’ene omẽ(ojrek.urëi umi kutuhakuéýa prioro’o	TYPE:NEG
Térã yvy puru’ã ru’ãre pyhare omburea,	Térã yvy puru’ã ru’ãre pyhare omburea,	NOCHANGE
Ha’e nombotujaimi ce og,ykeö - ha’e ndombyaimi che ogyke	Ha’e nombotujaimi ce og,ykeö - ha’e ndombyaimi che ogykemi	TENSE:PAS_IMP
Rape guasu apytépe, ha imba’éva avei, umi ypa’ũ ñe’ẽ me’ẽ jehaipyre tetãguasu argentina	Rape guasu apytépe, ha imba’éva avei, umi ypa’ũ ñe’ẽ me’ẽ jehaipyre tetãguasu argentina	NOCHANGE
Pohanohtárañ akãguacy ndo.bovuta	Pohanohtárañ akãguacy ndo.bokuri vuta	TENSE:PAS_REC
Che ajavými iýeikotevẽva akuápe	Che ajavými iýeikotevẽva akuápkure	TENSE:PAS_REC;TYPE:AFF
Ñembykuarahyresẽ asia	Ñembykuarahyresẽ asia	NOCHANGE
Ijuru ñeimo’ã’ỹva ndojurata che aovevekuéra - ijuru ñeimo’ã’ỹva ndojurao’ãi che aovevekuéra	Ijuru ñeimo’ã’ỹva ndojurata che aovevekuéra - ijuru ñeimo’ã’ỹva ndojuraond’ãi cihe aovevekuéra	TYPE:NEG
Ndaipórirõ sapy’ánte	Ndaipórirõ sapy’ánte	NOCHANGE
Ayvu rapyta rã i oikuaá ma vy ojeupe,	Ayvu rapyta rã i oikuaá ma vy ojeupe,	NOCHANGE
Che amavými iñeikotespvẽvĩ akuápe	Che ndamavými iñeikotespvẽvĩ akuápe	TYPE:NEG
Ko aty ha’e upe ojehe’avéva ndaha’éiva heseguáre, ambue aty te’ỹi rehegua oikóva chaco yvytuaku gotyogua napéichai.	Ko aty ha’e upe ojehe’avéva ndaha’éiva heseguáre, ambue aty te’ỹi rehegua oikóva chaco yvytuaku gotyogua napéichai.	NOCHANGE
Ñane avañe’ë, ñande purahéi,	Ñane avañe’ë, ñande purahéi,	NOCHANGE
Amo ñemuhaõ osapukáiñ kuri	Amo neñemuhaõ osapukáiñri kuri	TYPE:NEG
Che amavými iñeikotespvẽvĩ akuápe	Che amavýta iñeikotespvẽvĩ akuápe	TENSE:FUT_SIM
Ko peteĩ osẽ háichama osẽva.	Ko peteĩ osẽ háichama osẽva.	NOCHANGE
Che sýpente ndaipotái remombe’u pa’i.	Che sýpente ndaipotái remombe’u pa’i.	NOCHANGE
Nde jyva oha’ãrõva eju haguã remopu’ã.	Nde jyva oha’ãrõva eju haguã remopu’ã.	NOCHANGE
Ha’e ohecha ko yvy ári ojehúva,	Ha’e ohecha ko yvy ári ojehúva,	NOCHANGE
Ha’ekuért naiñimoñaréi kuri	Ha’ekuért naikuérañimoñaréi kuri	PERSON:3_PL
Temiaendukuéra monakuaa	Temiaendukuéhína ra monakuaa	ASPECT:IPFV
Nde poyvi araháta ko che pyti’ápe tomimbirei.	Nde poyvi araháta ko che pyti’ápe tomimbirei.	NOCHANGE
Oĩ oimeraẽ apỹinguéra kimi rehegua ojejuhúva tekoháre ha oĩ oimeraẽ ambuéva yvypórante ojapo.	Oĩ oimeraẽ apỹinguéra kimi rehegua ojejuhúva tekoháre ha oĩ oimeraẽ ambuéva yvypórante ojapo.	NOCHANGE
Ptakova ëroguépe omo’â hembi’ukué.a.	Ptakova ëroguépe omo’â hembi’ukué.akur.	TENSE:PAS_REC;TYPE:AFF
Ko’ã ñe’ẽriregua ojoaju’arã ñe’ẽ ijykereguáre.	Ko’ã ñe’ẽriregua ojoaju’arã ñe’ẽ ijykereguáre.	NOCHANGE
Orme emimbo’e tie’ỹ ojapopami	Orme emimbo’e tiime’ỹ ojapopami	TENSE:PAS_IMP
Che ajavými iñeikoteñvẽva akuápe	Che ajavými iñeikoteñvẽvkuri hina a akuápe	TENSE:PAS_REC
Tesa’ỹi korápe ndapu’a rehóvo.	Tesa’ỹi korápe ndapu’a rehóvo.	NOCHANGE
Che ajavými iñeuátevẽvá akuápe	Che ajavými iñeuátevẽvá akuáptae	TENSE:FUT_SIM
Ijuru ñeimo’ã’ỹva ndojuýata che aovevekuoyéra - ijuru ñei,m’ã’ỹva ndjuramo’ãi ce aoyevekuéra	Ijuru ñeimo’ã’ỹva ndojuýata che aovevekuoyéra - ijuru ñei,m’ã’ỹva ndjuramo’ãi hína ce aoyevekuéra	ASPECT:IPFV
Oguahẽma pytu’u ichupe.	Oguahẽma pytu’u ichupe.	NOCHANGE
Ñanduti upe guive oñepyrũ omba’apo, opa chugui pe ate’ỹ oguerokóvami ha oipyaha umi mba’e	Ñanduti upe guive oñepyrũ omba’apo, opa chugui pe ate’ỹ oguerokóvami ha oipyaha umi mba’e	NOCHANGE
Ha oikytĩ ñande resa	Ha oikytĩ ñande resa	NOCHANGE
Pohanhtárañ a-kãgacy ndoëbovuta	Pohanhtárañn a-kãgacy ndoëbovuta	TYPE:NEG
Jekupyty niko oĩ peteĩ pukavýpe,	Jekupyty niko oĩ peteĩ pukavýpe,	NOCHANGE
Amo ñem’uha osaptkáki kuri	Amo ñem’uha osaptkáki kurimi	TENSE:PAS_IMP
Tavaguasu ojeaho’i reboso ñembyasýpe ha itindy, okirirĩ. ha’ete ku hasẽva kirirĩháme, tesay’ỹme. ikatu te’onguety voi ra’e.	Tavaguasu ojeaho’i reboso ñembyasýpe ha itindy, okirirĩ. ha’ete ku hasẽva kirirĩháme, tesay’ỹme. ikatu te’onguety voi ra’e.	NOCHANGE
Umi mba’e jahasáva rupive jahechakuaa	Umi mba’e jahasáva rupive jahechakuaa	NOCHANGE
Rayhupápe ñane retâ tuichakue javeve.	Rayhupápe ñane retâ tuichakue javeve.	NOCHANGE
Rims)uu ku,áíi ka’a ha hy’u tererb.	Rims)uu ku,áíi kima’a ha hy’u tererb.	TENSE:PAS_IMP
Joyke’y paraguái, iporãma,	Joyke’y paraguái, iporãma,	NOCHANGE
Ñe’ẽñemi ñangarekoha	Ñe’ẽñemi ñangarekoha	NOCHANGE
Maymáva aipota pe jehesarekomi sapy’aite	Maymáva aipota pe jehesarekomi sapy’aite	NOCHANGE
Ndaipóri omo’ãva,	Ndaipóri omo’ãva,	NOCHANGE
Yvypóra reko ha’e ha’ehaícha, noñeha’ãi oñemoambue, térã ijekuaa	Yvypóra reko ha’e ha’ehaícha, noñeha’ãi oñemoambue, térã ijekuaa	NOCHANGE
Nde rejavykýirö ñe’ëpotýpe	Nde rejavykýirö ñe’ëpotýpe	NOCHANGE
Yvytuturusu pyatangy. che ha’e peteĩ yvyturusu.	Yvytuturusu pyatangy. che ha’e peteĩ yvyturusu.	NOCHANGE
Ombojopyrúva. ouva’ekue oiko paraguaýpe, omoñe’ẽva	Ombojopyrúva. ouva’ekue oiko paraguaýpe, omoñe’ẽva	NOCHANGE
Avei topopo umi ñe’ẽ topo toikove	Avei topopo umi ñe’ẽ topo toikove	NOCHANGE
Kuérape. ijapyte kuéra guágui ojeporavo va’erã peteĩ presidente, oñembopyahúva opa ary.	Kuérape. ijapyte kuéra guágui ojeporavo va’erã peteĩ presidente, oñembopyahúva opa ary.	NOCHANGE
Ore ndorokuave’ẽi umi tebi’ukuéra pytagua	Ore ndorokuave’ẽi umi tebi’ukuéran pytaguai	TYPE:NEG
Che ajavými iñeiuátevẽvá akuápe	Che ajavými iñeiuátevẽvá atakuápe	TENSE:FUT_SIM
Ijuru ñeimo’ã’ỹvr ndojuýatau che aovevekýuoyéra - ijuru ñei,m’ã’ỹva ndjuramo’ã)i ce aoyevekuéra	Ijuru ñeimo’ã’ỹvr ndojuýatau che aovevekýuoyéra - ijuru ñei,m’ã’ỹva ndjuramo’ã)i ce aoyevekuérata	TENSE:FUT_SIM
Tembiguái ramo oiko	Tembiguái ramo oiko	NOCHANGE
Poguypópe oiko ko tetã.	Poguypópe oiko ko tetã.	NOCHANGE
Ombohory nde sýpe ne ñe’ê.	Ombohory nde sýpe ne ñe’ê.	NOCHANGE
Aâpurahéni(a kuri	Aâpurahérakueni(a kúiri	PERSON:3_PL
Kuũ-é (mbó oñoépairõ	Kuũ-é (mbó oñoépkuri airõ	TENSE:PAS_REC
E,ce rasy	Ekuri hina ,ce rasy	TENSE:PAS_REC
Upe riremínte oguahẽ tujami ra’ykuéra ha ohechakuaávo hikuái mávapa itúva jukahare, oñondivepa osẽ omuña ha ojuka hikuái chavukúpe.	Upe riremínte oguahẽ tujami ra’ykuéra ha ohechakuaávo hikuái mávapa itúva jukahare, oñondivepa osẽ omuña ha ojuka hikuái chavukúpe.	NOCHANGE
Umi mba’ekuera arekova apytepe iporãveva, arekogueteri ñe’ê nda’eíva araka’eve.	Umi mba’ekuera arekova apytepe iporãveva, arekogueteri ñe’ê nda’eíva araka’eve.	NOCHANGE
Rehegua. mombyry chuguikuéra upe tekojoja. ha’ekuéra ndaha’eivoi tekove.	Rehegua. mombyry chuguikuéra upe tekojoja. ha’ekuéra ndaha’eivoi tekove.	NOCHANGE
Ku mébói oorakr’	Ku méhína bói oorakr’	ASPECT:IPFV
Jaikovéva ára ha ára	Jaikovéva ára ha ára	NOCHANGE
Nvd reñembosarái hína	Nvd ndreñemibosarái hína	TYPE:NEG
Ha ojejapóva oku’eva’erãha tetã ñe’ẽ	Ha ojejapóva oku’eva’erãha tetã ñe’ẽ	NOCHANGE
Ha’e omojeríkurmyi u-i kutuaũuér poro’o	Ha’e omojeríkurmyi und-i kuituaũuér poro’o	TYPE:NEG
Ñande kóga purahéi.	Ñande kóga purahéi.	NOCHANGE
Ñasaindy perepere pa’ũ rupi oñemboja mbeguekatu oúvo ava oguerúva poyvi pytã, morotĩ ha hovy ijapére.	Ñasaindy perepere pa’ũ rupi oñemboja mbeguekatu oúvo ava oguerúva poyvi pytã, morotĩ ha hovy ijapére.	NOCHANGE
Ojepyta ha mba’épepa ojeguevi	Ojepyta ha mba’épepa ojeguevi	NOCHANGE
Ko tekove ha’e peteĩ tasyo ha mayma hasývare oñembojara tembipotapy omoambuehaguã hupa	Ko tekove ha’e peteĩ tasyo ha mayma hasývare oñembojara tembipotapy omoambuehaguã hupa	NOCHANGE
Je’ejey ojehu tekotevẽramo ojepurujeyjey peteĩ ñe’ẽ hesakaporãve hagua pe oje’eséva.	Je’ejey ojehu tekotevẽramo ojepurujeyjey peteĩ ñe’ẽ hesakaporãve hagua pe oje’eséva.	NOCHANGE
Êaguarte katu itâáichũ ẽkirir.	Êaguarte katu itâáicndhũ ẽkríirir.	TYPE:NEG
Y ñe’ẽ opararã ohasávo yvykuáre	Y ñe’ẽ opararã ohasávo yvykuáre	NOCHANGE
Mba’éichapa ha moõ mevépa oho ojopóre mokõive. ko tembiapo	Mba’éichapa ha moõ mevépa oho ojopóre mokõive. ko tembiapo	NOCHANGE
Mitãkuña omoheñói peteĩ mitãkuña’íme ha omano. upe mitãkuña’i, hérava mani, ombovy’a kuri oĩháicha avakuérape.	Mitãkuña omoheñói peteĩ mitãkuña’íme ha omano. upe mitãkuña’i, hérava mani, ombovy’a kuri oĩháicha avakuérape.	NOCHANGE
Êaguaate katu itâtiẽ(cekũ ẽkirñ).	Êaguaate katu itâtiẽ(cekũ ẽkirñ).pota hina	ASPECT:IPFV
Ñanderesaraivóve ñandehegui, jajapo mba’ekuéra momba’eguasurã ha mandu’arãpy	Ñanderesaraivóve ñandehegui, jajapo mba’ekuéra momba’eguasurã ha mandu’arãpy	NOCHANGE
Ipype omohe’õ	Ipype omohe’õ	NOCHANGE
He’iséva moõ rupipa ojeguataha, tenda jeguataha.	He’iséva moõ rupipa ojeguataha, tenda jeguataha.	NOCHANGE
Che ñe’ẽmi kuatiápe	Che ñe’ẽmi kuatiápe	NOCHANGE
Pyhare, ku ijapyra’ỹva	Pyhare, ku ijapyra’ỹva	NOCHANGE
I py rei pe o ñembosarái.	I py rei pe o ñembosarái.	NOCHANGE
Ha’ekuéra he’i oĩha sa’ieterei pe ñana ndoguerekóiva pohã ha umívape ohenói ka’amarãmba’e.	Ha’ekuéra he’i oĩha sa’ieterei pe ñana ndoguerekóiva pohã ha umívape ohenói ka’amarãmba’e.	NOCHANGE
Ha’e ombéjára kuriĩ mbvy apekuéra	Ha’e ombéjára kuriĩ mbvy apekuéríhana	ASPECT:IPFV
Ñane retã paraguay	Ñane retã paraguay	NOCHANGE
Ko mombe’upy ohenñduná kuri chévñ che ru.	Ko momtabe’upy ohenñduná kuri chévñta che ru.	TENSE:FUT_SIM
Mbo’eharakuéra ogueraha ñaneñe’ẽ panambi ha guyráicha	Mbo’eharakuéra ogueraha ñaneñe’ẽ panambi ha guyráicha	NOCHANGE
Ndikatúi va’erã oñembojo’a mokõi terã hetave tetãmini rehegua tembiapo ojepagáva,	Ndikatúi va’erã oñembojo’a mokõi terã hetave tetãmini rehegua tembiapo ojepagáva,	NOCHANGE
Ha mitã mimi opurahéi,	Ha mitã mimi opurahéi,	NOCHANGE
Ojehaíva, ko’a iguýpe, akýpe guarani ha oejhaíva hovy kângýpe karaiñe’ê.	Ojehaíva, ko’a iguýpe, akýpe guarani ha oejhaíva hovy kângýpe karaiñe’ê.	NOCHANGE
Â’me rasy	Â’me cherasy va’ekue	TENSE:PAS_PLU
He’i ka’iu ruvicjhba ta’ýra kuérape	He’i ka’iu ruvicndjhba ita’ýra kuérape	TYPE:NEG
Ñamoingovemínga ñande avañe’ê.	Ñamoingovemínga ñande avañe’ê.	NOCHANGE
Ha’e omjeyrekuri umbi-p kutuauéra poro’o	Ha’e omjeyrekuriim umbi-p kutuauéra poro’o	TENSE:PAS_IMP
Ame’ẽ jave chupe opa mba’e	Ame’ẽ jave chupe opa mba’e	NOCHANGE
Amo ñemuha sapu)ái kuri	Umíva ñemuhakuéra sapu)ái kuri	PERSON:3_PL
Cũei rasy	Hc’ekuéra oũeirasy	PERSON:3_PL
Ha’ekuéra ojekoha oñemiha	Ha’ekuéra ojekoha oñemiha	NOCHANGE
Va’ekue, ha’e gui ajapo va’ekue guive.	Va’ekue, ha’e gui ajapo va’ekue guive.	NOCHANGE
Ñe’ẽriregua jaipurukuaa opaichagua ñe’ẽ ndive ha omohesakã mba’éicha, araka’e, mamo, mba’ére ojehu ñe’ẽ ijykeregua omoandúva.	Ñe’ẽriregua jaipurukuaa opaichagua ñe’ẽ ndive ha omohesakã mba’éicha, araka’e, mamo, mba’ére ojehu ñe’ẽ ijykeregua omoandúva.	NOCHANGE
Ore ndorokuave’ẽi umi te,bi’dukuéra pytagua	Ore ndorokuave’ẽi umi te,bi’dukuérakuri hina  pytagua	TENSE:PAS_REC
K tmëi- ëppjupi	K tmëi- ëppjupi hína	ASPECT:IPFV
Oveve ápe ha pépe	Oveve ápe ha pépe	NOCHANGE
Mombe’ukuéra oýboty kuri pende arete	Mombe’ukuéra oýboty kuri pende ndaretíre	TYPE:NEG
Hi’ãnte (chéve) oguahẽ ko’ãga.	Hi’ãnte (chéve) oguahẽ ko’ãga.	NOCHANGE
Ija’e’y rupi pe mitâkuña ndojejuhúi.	Ija’e’y rupi pe mitâkuña ndojejuhúi.	NOCHANGE
Ijuru ñeimo’ã’ỹva ndojuýata che aovevekuoyéra - ijuru ñei,m’ã’ỹva ndjuramo’ãi ce aoyevekuéra	Ijuru ñeimo’ã’ỹva ndojuýata che aovevekuoyéra - ijuru ñei,m’ã’ỹva ndjuramo’ãi ce aoyevekuértaa	TENSE:FUT_SIM
Okũmbymi hiuái	Okũmbyta hiuái.	TENSE:FUT_SIM
Apuranh.i-. kuri	Apuranndh.i-.rí kuri	TYPE:NEG
Adnra.hhúéyi kuri	Adnra.hhrakueúéyi kúiri	PERSON:3_PL
Â’me rasy	Ând’me rasy	TYPE:NEG
Kuña porã resa para.	Kuña porã resa para.	NOCHANGE
Oguereko añetete ojekuaha va’erã opárupi, umi omba’apo haguépe ha ombopyhau va’erã opa ary.	Oguereko añetete ojekuaha va’erã opárupi, umi omba’apo haguépe ha ombopyhau va’erã opa ary.	NOCHANGE
Upérö (che’ añani hína kuri	Upérö (che’ añani hína kurtai	TENSE:FUT_SIM
Kru ’mbyi oñorairõ	Kru ’mbyi oñohinarairõ	ASPECT:IPFV
Ha oguereko porundy ary.	Ha oguereko porundy ary.	NOCHANGE
Oguahẽvo nde ára	Oguahẽvo nde ára	NOCHANGE
Ore ndorokuave’ẽi um tembi’kuéa pytagua	Ore ndorokuave’ẽi um tembi’kuéa pytaguata	TENSE:FUT_SIM
Peteĩ karia’y marangatu	Peteĩ karia’y marangatu	NOCHANGE
Ore ndorokuave’ẽi um tembi’kuéa pytagua	Ore ndorokuave’ẽi um tembi’kuéa pytagua ikóni	ASPECT:INM
Omoĩ ka’i ijyva guýpe ha oipykúi hóga rape.	Omoĩ ka’i ijyva guýpe ha oipykúi hóga rape.	NOCHANGE
Oguãhẽ ára ajedekitávo nde rehe.	Oguãhẽ ára ajedekitávo nde rehe.	NOCHANGE
Oñembosako’i guarani ñe’ẽaty, ñe’ẽasa ha ñe’ẽjere ára peteĩha	Oñembosako’i guarani ñe’ẽaty, ñe’ẽasa ha ñe’ẽjere ára peteĩha	NOCHANGE
Ha’e ojgpãé kuri	Ha’e ojngpãé kuri	TYPE:NEG
Orö temimbome tieay sjũpopami	Orö temimbome thína ieay sjũpopami	ASPECT:IPFV
Ore ndorêkuave’ẽi umi tiaemi’uka pyt.guê	Ore ndorêiku hínaave’ẽi umi tiaemi’uka pyt.guê	ASPECT:IPFV
Ojereraha tupão ka’akupépe. ko’ága peve pe ta’anga oime tupão ka’akupépe ha upepeve	Ojereraha tupão ka’akupépe. ko’ága peve pe ta’anga oime tupão ka’akupépe ha upepeve	NOCHANGE
Ha’e kuéra ndoikuaái.	Ha’e kuéra ndoikuaái.	NOCHANGE
Voto añetegua ome’ẽ va’ekuégui.	Voto añetegua ome’ẽ va’ekuégui.	NOCHANGE
Ijuru ñe’mo’ã’ỹvas ndojuréoa che aovevekuér)a  ijuru ñeimo’ã’ỹva doyuro’ãi ,he aovevekuéra	Ijuru ñe’mon’ã’ỹvas ndojuréoa che aovevekuér)a  ijuru ñeimo’ã’ỹva doyuro’ãi ,he aovevekuéra	TYPE:NEG
Investigaciones administrativas oñepyrũ va’erã omba’apo hembiapokuérape añetehápe, ha	Investigaciones administrativas oñepyrũ va’erã omba’apo hembiapokuérape añetehápe, ha	NOCHANGE
Mombe’ukuéra ck’ambojty kuri pende areue	Mombe’ukuéra ck’ambojty kuri pende areuíhena	ASPECT:IPFV
Ijuru ñeimo’ã’ỹva ndojurata che aovevekuéra - ijuru ñeimo’ã’ỹva ndojuramo’ãi che aovevekuéba	Ijuru ñeimo’ã’ỹva ndojurata che aovevekuéra - ijuru ñeimo’ã’ỹva ndojuramo’ãi che aovevetakuéba	TENSE:FUT_SIM
Ñangarekoha rehegua.	Ñangarekoha rehegua.	NOCHANGE
Ndaipóri mba’eve re’aguyjeveme’ê hagua.	Ndaipóri mba’eve re’aguyjeveme’ê hagua.	NOCHANGE
Kĩ ipo pjupi	Kĩnd ipo pjupii	TYPE:NEG
Ore ndor(kuave’ẽi mi temb’ukuérud pytagua	Ore nendor(kuave’ẽi mi temb’ukuérud pyritagua	TYPE:NEG
Upe mba’eguasuete	Upe mba’eguasuete	NOCHANGE
Ja’e ichupekuéra pe tavy tuichágui	Ja’e ichupekuéra pe tavy tuichágui	NOCHANGE
Jde reñembosarái hína	Jde reñembosaráihina hína	ASPECT:IPFV
Ñane retã ipytuhê	Ñane retã ipytuhê	NOCHANGE
Ijuu ñeim’’ỹva ndojrata che aoaevekuéra - ijuru ñeimoã’ỹvba ndojuramo’ãi che aovjvekuébi	Ijuu ñeimi’’ hínaỹva ndojrata che aoaevekuéra - ijuru ñeimoã’ỹvba ndojuramo’ãi che aovjvekuébi	ASPECT:IPFV
Ojeipe’a ichugui pe ikyrakue ha pe iso’okue hembývape oñemoĩ upe naranjahái rykue ha avei juky. kóva oñembojy jevy oreko sa’y pytãngy.	Ojeipe’a ichugui pe ikyrakue ha pe iso’okue hembývape oñemoĩ upe naranjahái rykue ha avei juky. kóva oñembojy jevy oreko sa’y pytãngy.	NOCHANGE
Upe tesorero ndopagái va’erã mba’eve, ndaha’éirõ contador oipota va’ekue	Upe tesorero ndopagái va’erã mba’eve, ndaha’éirõ contador oipota va’ekue	NOCHANGE
Amoñe’ẽ marandumbe’uha taryrýipe. pea añoite ha’e temiandugua’u ame’ẽva tapia che jupe	Amoñe’ẽ marandumbe’uha taryrýipe. pea añoite ha’e temiandugua’u ame’ẽva tapia che jupe	NOCHANGE
Hi’ãnte chéve ohendu	Hi’ãnte chéve ohendu	NOCHANGE
Ikë öpo nojupi	Ikë öpo nochejupi va’ekue	TENSE:PAS_PLU
Amo bgmuha osapukái kuri	Amo ndbgmuha osapukái kuri	TYPE:NEG
Va’ekuépe guarã oiko rire guive ra’e upéicha.	Va’ekuépe guarã oiko rire guive ra’e upéicha.	NOCHANGE
Cchoe raiy	Cchoe raiy hína	ASPECT:IPFV
Ore ndorokuave’ẽi um temb’kéa pytagua	Ore ndorokuave’ẽi um temb’kéa pytkuri agua	TENSE:PAS_REC
Jajapovaiva’ekue ha jajevy ñande jehe. mba’e tuichavéva ojejapova’ekue tekombo’épe	Jajapovaiva’ekue ha jajevy ñande jehe. mba’e tuichavéva ojejapova’ekue tekombo’épe	NOCHANGE
Ña’e chararã, mbohyapuha - pires.	Ña’e chararã, mbohyapuha - pires.	NOCHANGE
Maymáva rape.	Maymáva rape.	NOCHANGE
Ha’e nombotãjaimi che ogyke - ha’e ndombyaimi che ogyke	Ha’e nombotãjaimi ikóni che ogyke - ha’e ndombyaimi che ogyke	ASPECT:INM
Ñe’ẽ ha rekotee oñemombareteve	Ñe’ẽ ha rekotee oñemombareteve	NOCHANGE
Oipuhru hikuái ka’a ha horu terere.	Oipuhru hikuái ka’a ha hhína oru terere.	ASPECT:IPFV
Ñande rekove.	Ñande rekove.	NOCHANGE
Ijuru ñeimo’ã’ỹvr ndojuýatau che aovevekýuoyéra - ijuru ñei,m’ã’ỹva ndjuramo’ãi ce aoyevekuéra	Ijuru ñeimo’ã’ỹvr ndojuýatau che aovevekýuoyéra - ijuru ñei,m’ã’ỹva ndjuramo’ãi ce aoyevehinakuéra	ASPECT:IPFV
Upérö (che) añaip hína kuri	Upérö (che) añaip hína kuripota hina	ASPECT:IPFV
Ha py’ỹi yvate oma’ẽ	Ha py’ỹi yvate oma’ẽ	NOCHANGE
Ore táva rérape roiméva ha ore táva pu’aka roguerekóva,	Ore táva rérape roiméva ha ore táva pu’aka roguerekóva,	NOCHANGE
Jepémo ha’ekuéra tekove ñandeichaguánte,	Jepémo ha’ekuéra tekove ñandeichaguánte,	NOCHANGE
Njdẽe nhñembosará, hína	Njdẽe tanhñembosatará, hína	TENSE:FUT_SIM
Ñaimo’ã’ỹva’erã	Ñaimo’ã’ỹva’erã	NOCHANGE
Ha’e omẽ(ojrekurëi umi kutuhakuéýa poro’o	Ha’e omẽ(ojrekurëi umi kutuhakuéýna poro’oi	TYPE:NEG
Añe’ẽse guaraní che mitãmi guive,	Añe’ẽse guaraní che mitãmi guive,	NOCHANGE
Ijuru ñeimo’ã’ỹva ndojuýata che aovevekuoyéra - ijuru ñei,m’ã’ỹva ndjuramo’ãi ce aoyevekuéra	Ijuru ñeimo’ã’ỹva ndojuýata che aovevekuoyéra - ijuru ñei,m’ã’ỹva ndjuramndo’ãi ice aoyevekuéra	TYPE:NEG
Ha’e ndombejaruita	Ha’e ntadombtaejaruita	TENSE:FUT_SIM
Tembipu isâva, hi’ýva ha hete yvyráva, oñembopu haguâ ojeporu ñane kuâ.	Tembipu isâva, hi’ýva ha hete yvyráva, oñembopu haguâ ojeporu ñane kuâ.	NOCHANGE
Nde reñembosarei hína	Nde ndreñembosarei hína	TYPE:NEG
Pende ru kokuépe ohova’erã	Pende ru kokuépe ohova’erã	NOCHANGE
Rde reñembosarei hína	Rde reñembosanrei hínai	TYPE:NEG
Ndu ndereẽmohekëói	Ndu ndereẽmohekëói hína	ASPECT:IPFV
Ita’ýrapema he’i	Ita’ýrapema he’i	NOCHANGE
Chéngo ndaikuaái upévap(j.	Chéngo ndiai hínakuaái upévap(j.	ASPECT:IPFV
Jesús ha itúva peteĩ persónante.	Jesús ha itúva peteĩ persónante.	NOCHANGE
Puerto montt táva	Puerto montt táva	NOCHANGE
Ha’e ombojerekuri umi kutuhakuéýa poro’o	Ha’e o kurbojerekuri umi kutuhakuéýa poro’o.	TENSE:PAS_REC
Mba’éicha hesukirito	Mba’éicha hesukirito	NOCHANGE
Omba’apóvape, upéicharõ oñeme’ẽ va’erã oiporúvape tenonderãrupi, umi hembiapo minivévape ha	Omba’apóvape, upéicharõ oñeme’ẽ va’erã oiporúvape tenonderãrupi, umi hembiapo minivévape ha	NOCHANGE
Ndaha’éiva hesegua.	Ndaha’éiva hesegua.	NOCHANGE
Tyapu ojoguáva ñe’ẽme.	Tyapu ojoguáva ñe’ẽme.	NOCHANGE
Che ajavými imñeijĩkotevẽvh iakápe	Che ajavými imñeijĩkotevẽvh iakápíhena	ASPECT:IPFV
Adnra.hhúéyi kuri	Adnra.hhúéyi kurimi	TENSE:PAS_IMP
Ojejerurehápe, terã opa ary.	Ojejerurehápe, terã opa ary.	NOCHANGE
Ijuuru ñei)mo’ã’ỹva ndojurata chr aovevejkeuéra - ijuruc ñeimom’ã’ỹva nuojuramo’ãi che aovevekuér	Ijuuru ñei)mo’ã’ỹva ndojurata chr aovevejkeuéra - ijuruc ñeimom’ã’ỹva nuojuramo’ãi che aovevekuétar	TENSE:FUT_SIM
Câh ,asy	Câh kuri ,asy	TENSE:PAS_REC
Juaguarete katáu itâuchau oýkiiĩ	Juaguarete katáu itâuchau oýkiiĩmi	TENSE:PAS_IMP
Mombe’ukuéra opmboty kuri pende aretñ	Mombe’ukuéra opmboty kuri pndende aretñi	TYPE:NEG
Ku mbói oñoéairõ	Ku mbói noñoéairõi	TYPE:NEG
Ha’e ojuhpk kuri	Ha’e ojuhpk kurita	TENSE:FUT_SIM
Mandi’o, avati, kurapepẽ ha karanda’y ru’ã omomimói ýrõ katu ombichy. mymba kamby ndo’úi, oimo’ãgui ovataha hesekuéra upe mymba reko.	Mandi’o, avati, kurapepẽ ha karanda’y ru’ã omomimói ýrõ katu ombichy. mymba kamby ndo’úi, oimo’ãgui ovataha hesekuéra upe mymba reko.	NOCHANGE
Orme emimbo’e te’ỹ ojapopáami	Orme emimbon’e te’ỹ ojapopáami	TYPE:NEG
Ba’e obduph kuri	Ba’e obdkuri hina uph kuri	TENSE:PAS_REC
Hi’ánte chéve apay	Hi’ánte chéve apay	NOCHANGE
Ha peteĩ rósape ijapaitérõ jasyrundy	Ha peteĩ rósape ijapaitérõ jasyrundy	NOCHANGE
Ko’ẽjúicha iporo’yva - chave upéichante hi’ãva	Ko’ẽjúicha iporo’yva - chave upéichante hi’ãva	NOCHANGE
Ku jepérõ oikotevẽ, ha’ekuérante oikuaáva	Ku jepérõ oikotevẽ, ha’ekuérante oikuaáva	NOCHANGE
Ha’ekuéra naiñemoêa,éi kuri	Ha’ekuéra naiñemoêa,éi kurikuri	TENSE:PAS_REC;TYPE:AFF
Ndaupéichairõ upe veto ojerereko va’erã mba’evérõ.	Ndaupéichairõ upe veto ojerereko va’erã mba’evérõ.	NOCHANGE
Yso. tr. ha’e ningo panambi térâ mberu ra’y osê ramóva tupi’águi ha okarúva ka’avóre oñembopepo mboyve.	Yso. tr. ha’e ningo panambi térâ mberu ra’y osê ramóva tupi’águi ha okarúva ka’avóre oñembopepo mboyve.	NOCHANGE
Pavova rogcépe omo’â hembi’upuâra.	Pavova rogcépe omo’â hembi’uptauâra.	TENSE:FUT_SIM
Amo bgmura oesipukái kuri	Amo bgmura hína oesipukái kuri	ASPECT:IPFV
Ku avave oikuaa’ỹva	Ku avave oikuaa’ỹva	NOCHANGE
Ha’e oguvâpy	Ha’e oguvâpny	TYPE:NEG
Peju mitã kuéra, peju pevy’a,	Peju mitã kuéra, peju pevy’a,	NOCHANGE
Mitã rehe’ỹ ndaikatúi jaiko	Mitã rehe’ỹ ndaikatúi jaiko	NOCHANGE
