Pakova roguépe omo’â hembi’ukuéra. che rasy	Pakova roguépe remo’â nderembi’ukuéra. nde nderasy	PERSON:2_SI
Pakova roguépe omo’â hembi’ukuéra. upérö (che) añani hína kuri	Pakova roguépe remo’â nderembi’ukuéra. upérõ (nde) reñanihínakuri	PERSON:2_SI
Ore mba’e ko ykua	Ore mba’e ko ykua	NOCHANGE
Ha’ekuéra naiñemoñaréi kuri	Ha’ekuéra naiñemoñaréi kuri	NOCHANGE
Nde nderejapói	Nde nderejapói	NOCHANGE
Ko po ojupíta	Ko po ojupíta	NOCHANGE
Peẽ peguapy	Peẽ peguapy	NOCHANGE
Peẽ napejapómi ogyke pokã ore temimbo’e tie’ỹ ojapopami	Ha’ekuéra nojapómi ogyke pokã ore temimbo’ekuéra tie’ỹ ojapopami	PERSON:3_PL
Ha’e ombojerehina kuri umi kutuhakuéra tuicháva	Ha’e ombojerehina kuri umi kutuhakuéra tuicháva	NOCHANGE
Temirendukuéra omongakuaa	Temirendukuéra omongakuaa	NOCHANGE
Temirendu omongakuaa	Temirendu omongakuaa	NOCHANGE
Ha’e ombojerekuri umi kutuhakuéra poro’o nde reñembosarái hína	Ha’e ndombojereikuri umi kutuhakuéra tuicháva nde nereñembosaráiri hína	TYPE:NEG
Amo ñemuha osapukái kuri nde reñembosarái hína	Amo ñemuha nosapukái kuri nde nereñembosaráiri hína	TYPE:NEG
Nde nderejapói ijuru ñeimo’ã’ỹva ndojurata che aovevekuéra - ijuru ñeimo’ã’ỹva ndojuramo’ãi che aovevekuéra	Nde rejapo ijuru ñeimo’ã’ỹva ojurata che aovevekuéra	TYPE:AFF
Mombe’ukuéra omboty kuri pende arete oipuru hikuái ka’a ha ho’u terere.	Mombe’ukuéra ndombotyi kuri pende arete ndoipurui hikuái ka’a térã ho’u terere.	TYPE:NEG
Che añembosarái hína	Che añembosarái hína	NOCHANGE
Pakova roguépe omo’â hembi’ukuéra. che rasy	Pakova roguépe pemo’â penderembi’ukuéra. peê penderasy	PERSON:2_PL
Ijuru ñeimo’ã’ỹva ojurata che aovevekuéra	Ijuru ñeimo’ã’ỹva ojurata che aovevekuéra	NOCHANGE
Ore ndorokuave’ẽi umi tembi’ukuéra pytagua pakova roguépe omo’â hembi’ukuéra.	Nde ndereikuave’ẽi umi tembi’ukuéra pytagua pakova roguépe pemo’â penderembi’ukuéra.	PERSON:2_PL
Ha’e hasy	Ha’e hasy	NOCHANGE
Temirendukuéra omongakuaa ha’e ndombojaruita	Temirendukuéra omongakuaa hína ha’e ndombojaruita hína	ASPECT:IPFV
He’i ka’i ruvicha ta’ýra kuérape jaguarete katu itáicha okirirĩ.	Che, ka’i ruvicha, ha’e che ta’yrakuérape che katu itáicha akirirĩ.	PERSON:1_SI
Upérö (che) añani hína kuri	Upérö (che) añani hína kuri	NOCHANGE
Temirendukuéra omongakuaa upérö (che) añani hína kuri	Temirendukuéra omongakuaata upérõ (che) añanita hína	TENSE:FUT_SIM
Ha’e nombotujaimi che ogyke - ha’e ndombyaimi che ogyke nde reñembosarái hína	Ha’e ombotujáta che ogyke - ha’e ombyaíta che ogyke nde reñembosaráita hína	TENSE:FUT_SIM
Ha’e ombojerekuri umi kutuhakuéra poro’o ama oikomi ka’aguy hovy’ûvare	Ha’e ndombojereikuri umi kutuhakuéra tuicháva ama ndoikomi ka’aguy hovy’ûvare	TYPE:NEG
Ha’e ojupi kuri ore temimbo’e tie’ỹ ojapopami	Ha’e ojupita ore temimbo’e tie’ỹ ojapopata	TENSE:FUT_SIM
He’i ka’i ruvicha ita’ýrakuérape	He’i ka’i ruvicha ita’ýrakuérape	NOCHANGE
Ha’e ombojerekuri umi kutuhakuéra poro’o ha’e ndombojaruita	Ha’e ombojerehina kuri umi kutuhakuéra tuicháva ha’e ndombojaruita hína	ASPECT:IPFV
Ha’e ojupi kuri	Ha’e ojupi kuri	NOCHANGE
Okũmbymi hikuái ore temimbo’e tie’ỹ ojapopami	Okũmbyta hikuái. ore temimbo’e tie’ỹ ojapopata	TENSE:FUT_SIM
Peẽ pejapomi ogyke pokã	Peẽ pejapomi ogyke pokã	NOCHANGE
Ore temimbo’e tie’ỹ ojapopami upérö (che) añani hína kuri	Ore temimbo’e tie’ỹ ojapopava’ekue upérõ (che) añanihínava’ekue	TENSE:PAS_PLU
Ha’e ndombojaruita he’i ka’i ruvicha ta’ýra kuérape	Nde nderembojarui mo’ãi nde, ka’i ruvicha ere nde ta’yrakuérape	PERSON:2_SI
Che, ka’i ruvicha, ha’e che ta’yrakuérape	Che, ka’i ruvicha, ha’e che ta’yrakuérape	NOCHANGE
Ore ndorokuave’ẽimi umi tembi’ukuéra pytagua	Ore ndorokuave’ẽimi umi tembi’ukuéra pytagua	NOCHANGE
Nde nderejapói ore ndorokuave’ẽi umi tembi’ukuéra pytagua	Nde rejapo ore rokuave’ẽ umi tembi’ukuéra pytagua	TYPE:AFF
Ore temimbo’e tie’ỹ ojapopami amo ñemuha osapukái kuri	Ore temimbo’e tie’ỹ ojapopata amo ñemuha osapukáita	TENSE:FUT_SIM
Ha’e ombojerekuri umi kutuhakuéra poro’o ha’e ombojára kuri mbovy apekuéra	Ha’e ndombojereikuri umi kutuhakuéra tuicháva ha’e ndombojárai kuri mbovy apekuéra	TYPE:NEG
Upérõ (nde) reñanihínakuri	Upérõ (nde) reñanihínakuri	NOCHANGE
Ko’ã tembi’u ombojy jepe’a tatarendýpe	Ko’ã tembi’u ombojy jepe’a tatarendýpe	NOCHANGE
Ama oikomi ka’aguy hovy’ûvare jaguarete katu itáicha okirirĩ.	Ama ndoikomi ka’aguy hovy’ûvare jaguarete katu itáicha ndokirirĩ.	TYPE:NEG
Okũmbymi hikuái che mba’éma ko ykua	Okũmbyta hikuái. che mba’éta ko ykua	TENSE:FUT_SIM
Temirendukuéra omongakuaata	Temirendukuéra omongakuaata	NOCHANGE
Mombe’ukuéra omboty kuri pende arete ha’e nombotujaimi che ogyke - ha’e ndombyaimi che ogyke	Mombe’ukuéra ombotyta pende arete ha’e ombotujáta che ogyke - ha’e ombyaíta che ogyke	TENSE:FUT_SIM
Ijuru ñeimo’ã’ỹva ndojuraimi che aovevekuéra	Ijuru ñeimo’ã’ỹva ndojuraimi che aovevekuéra	NOCHANGE
Ijuru ñeimo’ã’ỹva ndojurata che aovevekuéra - ijuru ñeimo’ã’ỹva ndojuramo’ãi che aovevekuéra amo ñemuha osapukái kuri	Ijuru ñeimo’ã’ỹva ndojuraiva’ekue che aovevekuéra amo ñemuha osapukáiva’ekue	TENSE:PAS_PLU
Che nañemoingeta che ajavými iñeikotevẽva akuápe	Che nañemoingei che ajavy iñeikotevẽva akuápe	TENSE:PRE_SIM
Apurahéi kuri ko mombe’upy ohenduká kuri chéve che ru.	Ndapurahéi kuri ko mombe’upy ndohenduká kuri chéve che ru.	TYPE:NEG
Ha’e oguapy upérö (che) añani hína kuri	Ha’e oguapýva’ekue upérõ (che) añanihínava’ekue	TENSE:PAS_PLU
Ha’e nombotujaimi che ogyke - ha’e ndombyaimi che ogyke oipuru hikuái ka’a ha ho’u terere.	Ha’e ombotujáta che ogyke - ha’e ombyaíta che ogyke oipuruta hikuái ka’a ha ho’uta terere.	TENSE:FUT_SIM
Ha’e ojupi kuri ko po ojupi	Ha’e ndojupirí kuri ko po ndojupíri	TYPE:NEG
Ko mombe’upy ohenduká kuri chéve che ru. mombe’ukuéra omboty kuri pende arete	Ko mombe’upy ohendukáta chéve che ru. mombe’ukuéra ombotyta pende arete	TENSE:FUT_SIM
Che rasy ha’e oguapy	Che cherasy kuri ha’e oguapýkuri	TENSE:PAS_REC
Ha’e nombotujaimi che ogyke - ha’e ndombyaimi che ogyke nde nderejapói	Ñande ndañambotujáimi che ogyke - ñande ndañambyaimi che ogyke ñande ndajajapói	PERSON:1_PL_INC
Ko po ojupi ore temimbo’e tie’ỹ ojapopami	Ko po ndojupíri ore temimbo’e tie’ỹ nojapopami	TYPE:NEG
Che nañemoingeta	Che nañemoingeta	NOCHANGE
Ore ndorokuave’ẽi umi tembi’ukuéra pytagua ha’ekuéra naiñemoñaréi kuri	Ore rokuave’ẽ umi tembi’ukuéra pytagua ha’ekuéra oñemoñaréi kuri	TYPE:AFF
Ha’ekuéra opurahéikuri	Ha’ekuéra opurahéikuri	NOCHANGE
Che ajavými iñeikotevẽva akuápe ha’e oguapy	Nde rejavýimi iñeikotevẽva akuápe peẽ peguapy	PERSON:2_PL
Upérõ (che) añanihínava’ekue	Upérõ (che) añanihínava’ekue	NOCHANGE
Ha’e ojupi kuri ha’e nombotujaimi che ogyke - ha’e ndombyaimi che ogyke	Ñande jajupi kuri ñande ndañambotujáimi che ogyke - ñande ndañambyaimi che ogyke	PERSON:1_PL_INC
He’i ka’i ruvicha ta’ýra kuérape ha’e ndombojaruita	Nde, ka’i ruvicha ere nde ta’yrakuérape nde nderembojarui mo’ãi	PERSON:2_SI
Chéngo ndaikuaái upévape. ha’ekuéra naiñemoñaréi kuri	Chéngo aikuaá upévape. ha’ekuéra oñemoñaréi kuri	TYPE:AFF
Peẽ napejapómi ogyke pokã jaguarete katu itáicha okirirĩ.	Nde nderejapómi ogyke pokã nde katu itáicha rekirirĩ.	PERSON:2_SI
Peẽ napejapómi ogyke pokã ha’ekuéra naiñemoñaréi kuri	Peẽ napejapói ogyke pokã ha’ekuéra ndoñemoñaréi	TENSE:PRE_SIM
Okũmbyta hikuái.	Okũmbyta hikuái.	NOCHANGE
Nde reñembosarái hína pakova roguépe omo’â hembi’ukuéra.	Che añembosarái hína pakova roguépe amo’â cherembi’ukuéra.	PERSON:1_SI
Ha’e ojupi kuri temirendukuéra omongakuaa	Ha’e ojupita temirendukuéra omongakuaata	TENSE:FUT_SIM
Ha’e oguapy jaguarete katu itáicha okirirĩ.	Ha’e oguapýta jaguarete katu itáicha okirirĩta.	TENSE:FUT_SIM
Ha’e ojupi kuri ikóni	Ha’e ojupi kuri ikóni	NOCHANGE
Che mba’éma ko ykua	Che mba’éma ko ykua	NOCHANGE
Ore temimbo’e tie’ỹ ojapopami nde reñembosarái hína	Ore temimbo’e tie’ỹ ojapopata nde reñembosaráita hína	TENSE:FUT_SIM
Hikuái oguapy	Hikuái oguapy	NOCHANGE
Mombe’ukuéra omboty kuri pende arete che rasy	Mombe’ukuéra omboty kuri hína pende arete che rasypota hina	ASPECT:IPFV
Peë naipeñemoñaréi kuri	Peë naipeñemoñaréi kuri	NOCHANGE
Mombe’ukuéra omboty kuri pende arete pakova roguépe omo’â hembi’ukuéra.	Mombe’ukuéra ndombotyi kuri pende arete pakova roguépe ndomo’âi hembi’ukuéra.	TYPE:NEG
Amo ñemuha osapukái kuri ha’e nombotujaimi che ogyke - ha’e ndombyaimi che ogyke	Amo ñemuha osapukáiva’ekue ha’e ndombotujáiva’ekue che ogyke - ha’e ndombyaiva’ekue che ogyke	TENSE:PAS_PLU
Chéngo ndaikuaái upévape. ko mombe’upy ohenduká kuri chéve che ru.	Ndéngo ndereikuaái upévape. ko mombe’upy emohenduká kuri chéve nde.	PERSON:2_SI
Ha’e nombotujaimi che ogyke - ha’e ndombyaimi che ogyke che rasy	Ha’e ndombotujaikuri hina che ogyke - ha’e ndombyaikuri hina che ogyke che cherasy kuri	TENSE:PAS_REC
Ore temimbo’e tie’ỹ ojapopa	Ore temimbo’e tie’ỹ ojapopa	NOCHANGE
Ore temimbo’e tie’ỹ ojapopami apurahéi kuri	Ore temimbo’ekuéra tie’ỹ ojapopami ha’ekuéra opurahéikuri	PERSON:3_PL
Apurahéi kuri che ajavými iñeikotevẽva akuápe	Apurahéitta che ajavýta iñeikotevẽva akuápe	TENSE:FUT_SIM
Oipuru hikuái ka’a ha ho’u terere. pakova roguépe omo’â hembi’ukuéra.	Ndoipurui hikuái ka’a térã ho’u terere. pakova roguépe ndomo’âi hembi’ukuéra.	TYPE:NEG
Che ndaikuave’ẽi umi tembi’ukuéra pytagua	Che ndaikuave’ẽi umi tembi’ukuéra pytagua	NOCHANGE
Peẽ napejapómi ogyke pokã che rasy	Ñande najajapómi ogyke pokã ñande rasy	PERSON:1_PL_INC
Peẽ napejapómi ogyke pokã ko mombe’upy ohenduká kuri chéve che ru.	Peẽ napejapói ogyke pokã ko mombe’upy ohenduka chéve che ru.	TENSE:PRE_SIM
Ndapurahéi kuri	Ndapurahéi kuri	NOCHANGE
Ñande mba’e ko ykua	Ñande mba’e ko ykua	NOCHANGE
Ore ndorokuave’ẽi hina umi tembi’ukuéra pytagua	Ore ndorokuave’ẽi hina umi tembi’ukuéra pytagua	NOCHANGE
Pohanohára akãguapy ndombovuta ore ndorokuave’ẽi umi tembi’ukuéra pytagua	Pohanohára akãguapy ombovuta ore rokuave’ẽ umi tembi’ukuéra pytagua	TYPE:AFF
Ha’e nombotujaimi che ogyke - ha’e ndombyaimi che ogyke ku mbói oñorairõ	Ha’e ombotujáta che ogyke - ha’e ombyaíta che ogyke ku mbói oñorairõta	TENSE:FUT_SIM
Pohanohára akãguapy ndombovuta ama oikomi ka’aguy hovy’ûvare	Pohanohára akãguapy ndombovúi ama oiko ka’aguy hovy’ûvare	TENSE:PRE_SIM
Ore rojavýimi iñeikotevẽva akuápe	Ore rojavýimi iñeikotevẽva akuápe	NOCHANGE
Okũmbymi hikuái ha’e ojupi kuri	Ñande ñakũmbýimi ñande jajupi kuri	PERSON:1_PL_INC
Ha’ekuéra naiñemoñaréi kuri ha’e ndombojaruita	Ha’ekuéra oñemoñaréi kuri ha’e ombojaruita	TYPE:AFF
Apurahéihina kuri	Apurahéihina kuri	NOCHANGE
Ore ndorokuave’ẽi umi tembi’ukuéra pytagua peẽ napejapómi ogyke pokã	Ñande ndañakuave’ẽi umi tembi’ukuéra pytagua ñande najajapómi ogyke pokã	PERSON:1_PL_INC
Nde nderemoheñói nde nderejapói	Nde remoheñói nde rejapo	TYPE:AFF
Ha’e ombojára kuri mbovy apekuéra nde reñembosarái hína	Ha’e ndombojárai kuri mbovy apekuéra nde nereñembosaráiri hína	TYPE:NEG
Ha’e ombojára kuri mbovy apekuéra ha’e nombotujaimi che ogyke - ha’e ndombyaimi che ogyke	Ha’e ombojárata mbovy apekuéra ha’e ombotujáta che ogyke - ha’e ombyaíta che ogyke	TENSE:FUT_SIM
Ore ndorombyai kuri	Ore ndorombyai kuri	NOCHANGE
Ijuru ñeimo’ã’ỹva ndojurata che aovevekuéra - ijuru ñeimo’ã’ỹva ndojuramo’ãi che aovevekuéra che rasy	Ijuru ñeimo’ã’ỹva ndojurai kuri che aovevekuéra che cherasy kuri	TENSE:PAS_REC
Ha’ekuéra osãmbyhy	Ha’ekuéra osãmbyhy	NOCHANGE
Ha’e oguapy che nañemoingeta	Nde reguapy nde nareñemoingeta	PERSON:2_SI
Che mba’éma ko ykua ore temimbo’e tie’ỹ ojapopami	Ndachemba’ei ko ykua ore temimbo’e tie’ỹ nojapopami	TYPE:NEG
Ha’ekuéra naiñemoñaréita	Ha’ekuéra naiñemoñaréita	NOCHANGE
Upérö (che) añani hína kuri mombe’ukuéra omboty kuri pende arete	Upérõ (che) añanita hína mombe’ukuéra ombotyta pende arete	TENSE:FUT_SIM
Ha’e oguapýkuri	Ha’e oguapýkuri	NOCHANGE
Nde reñembosarái hína ha’e ombojára kuri mbovy apekuéra	Nde reñembosaráita hína ha’e ombojárata mbovy apekuéra	TENSE:FUT_SIM
Ha’e oguapýta	Ha’e oguapýta	NOCHANGE
Apurahéi kuri ama oikomi ka’aguy hovy’ûvare	Ndapurahéi kuri ama ndoikomi ka’aguy hovy’ûvare	TYPE:NEG
Ku mbói oñorairõ che rasy	Ku mbói oñorairõ hína che rasypota hina	ASPECT:IPFV
Nde nderemoheñói ha’e nombotujaimi che ogyke - ha’e ndombyaimi che ogyke	Ñande ndañamoheñói ñande ndañambotujáimi che ogyke - ñande ndañambyaimi che ogyke	PERSON:1_PL_INC
Ko mombe’upy ohenduká kuri chéve che ru. ha’e ndombojaruita	Ko mombe’upy emohenduká kuri chéve nde. nde nderembojarui mo’ãi	PERSON:2_SI
Ore temimbo’e tie’ỹ ojapopava’ekue	Ore temimbo’e tie’ỹ ojapopava’ekue	NOCHANGE
Ha’e ndombojaruita chéngo ndaikuaái upévape.	Ha’e ndombojarui kuri chéngo ndaikuaái kuri hina upévape.	TENSE:PAS_REC
Ha’ekuéra naiñemoñaréi kuri peẽ napejapómi ogyke pokã	Ñande naiñañemoñaréi kuri ñande najajapómi ogyke pokã	PERSON:1_PL_INC
Ha’e ojupi kuri amo ñemuha osapukái kuri	Ha’e ojupi kuri hína amo ñemuha osapukái kuri hína	ASPECT:IPFV
Che mba’éma ko ykua ko po ojupi	Che mba’éta ko ykua ko po ojupíta	TENSE:FUT_SIM
Ha’e ojupi kuri temirendukuéra omongakuaa	Ha’e ojupi kuri hína temirendukuéra omongakuaa hína	ASPECT:IPFV
Che ajavými iñeikotevẽva akuápe mombe’ukuéra omboty kuri pende arete	Che ajavýimi hína iñeikotevẽva akuápe mombe’ukuéra omboty kuri hína pende arete	ASPECT:IPFV
Ha’e ombojerekuri umi kutuhakuéra poro’o	Ha’e ombojerekuri umi kutuhakuéra poro’o	NOCHANGE
Che mba’éma ko ykua che nañemoingeta	Nde mba’e ko ykua nde nareñemoingeta	PERSON:2_SI
Che ajavými iñeikotevẽva akuápe upérö (che) añani hína kuri	Che ajavy iñeikotevẽva akuápe upérõ (che) añani hína	TENSE:PRE_SIM
Pakova roguépe omo’â hembi’ukuéra. che rasy	Pakova roguépe ndomo’âi hembi’ukuéra. ndacherásyi	TYPE:NEG
Temirendukuéra omongakuaa amo ñemuha osapukái kuri	Temirendukuéra ndomongakuaai amo ñemuha nosapukái kuri	TYPE:NEG
Che katu itáicha akirirĩ.	Che katu itáicha akirirĩ.	NOCHANGE
Che rasy ha’ekuéra naiñemoñaréi kuri	Peê penderasy peë naipeñemoñaréi kuri	PERSON:2_PL
Okũmbymi hikuái ha’e ojupi kuri	Che akũmbymi che ajupi kuri	PERSON:1_SI
Pohanohára akãguapy ndombovuta che ajavými iñeikotevẽva akuápe	Pohanohára akãguapy ndombovúi che ajavy iñeikotevẽva akuápe	TENSE:PRE_SIM
Amo ñemuha osapukáita	Amo ñemuha osapukáita	NOCHANGE
Apurahéi kuri ha’e oguapy	Ndapurahéi kuri ha’e ndoguapýi	TYPE:NEG
Ñande ñakũmbýimi	Ñande ñakũmbýimi	NOCHANGE
Chéngo ndaikuaái upévape. jaguarete katu itáicha okirirĩ.	Ndéngo ndereikuaái upévape. nde katu itáicha rekirirĩ.	PERSON:2_SI
Ndéngo ndereikuaái upévape.	Ndéngo ndereikuaái upévape.	NOCHANGE
Ore temimbo’e tie’ỹ ojapopami che ajavými iñeikotevẽva akuápe	Ore temimbo’e tie’ỹ nojapopami che ndajavýimi iñeikotevẽva akuápe	TYPE:NEG
Okũmbymi hikuái che ajavými iñeikotevẽva akuápe	Ndokũmbýimi hikuái che ndajavýimi iñeikotevẽva akuápe	TYPE:NEG
Che mba’éma ko ykua oipuru hikuái ka’a ha ho’u terere.	Nde mba’e ko ykua nde reipuru ka’a ha re’u terere.	PERSON:2_SI
Ha’e ojupi kuri ha’e ndombojaruita	Che ajupi kuri che ndambojaruita	PERSON:1_SI
Pohanohára akãguapy ndombovuta nde reñembosarái hína	Pohanohára akãguapy ndombovúi kuri nde reñembosarái kuri hína	TENSE:PAS_REC
Jaguarete katu itáicha okirirĩ. che rasy	Jaguarete katu itáicha ndokirirĩ. ndacherásyi	TYPE:NEG
Ko po ojupi temirendukuéra omongakuaa	Ko po ndojupíri temirendukuéra ndomongakuaai	TYPE:NEG
Nde reñembosarái hína ku mbói oñorairõ	Nde reñembosarái ikóni ku mbói oñorairõ ikóni	ASPECT:INM
Jaguarete katu itáicha okirirĩ. che mba’éma ko ykua	Jaguarete katu itáicha ndokirirĩ. ndachemba’ei ko ykua	TYPE:NEG
Upérö (che) añani hína kuri ha’e oguapy	Upérõ (che) añanita hína ha’e oguapýta	TENSE:FUT_SIM
Che mba’éma ko ykua che ajavými iñeikotevẽva akuápe	Ore mba’e ko ykua ore rojavýimi iñeikotevẽva akuápe	PERSON:1_SI_EXC
Ha’ekuéra naiñemoñaréi kuri che nañemoingeta	Ha’ekuéra ndoñemoñaréi che nañemoingei	TENSE:PRE_SIM
Temirendukuéra omongakuaa ha’ekuéra naiñemoñaréi kuri	Temirendukuéra omongakuaata ha’ekuéra naiñemoñaréita	TENSE:FUT_SIM
Ko mombe’upy ohenduká kuri chéve che ru.	Ko mombe’upy ohenduká kuri chéve che ru.	NOCHANGE
Mombe’ukuéra ombotyva’ekue pende arete	Mombe’ukuéra ombotyva’ekue pende arete	NOCHANGE
Ha’e ombojára kuri mbovy apekuéra oipuru hikuái ka’a ha ho’u terere.	Ha’e ombojárata mbovy apekuéra oipuruta hikuái ka’a ha ho’uta terere.	TENSE:FUT_SIM
Ijuru ñeimo’ã’ỹva ndojurata che aovevekuéra - ijuru ñeimo’ã’ỹva ndojuramo’ãi che aovevekuéra ama oikomi ka’aguy hovy’ûvare	Ijuru ñeimo’ã’ỹva ndojurai che aovevekuéra ama oiko ka’aguy hovy’ûvare	TENSE:PRE_SIM
Oipuru hikuái ka’a ha ho’u terere. he’i ka’i ruvicha ta’ýra kuérape	Nde reipuru ka’a ha re’u terere. nde, ka’i ruvicha ere nde ta’yrakuérape	PERSON:2_SI
Mombe’ukuéra omboty kuri pende arete che mba’éma ko ykua	Mombe’ukuéra ndombotyi kuri pende arete ndachemba’ei ko ykua	TYPE:NEG
He’i ka’i ruvicha ta’ýra kuérape okũmbymi hikuái	He’i ka’i ruvicha ita’ýrakuérape ndokũmbýimi hikuái	TYPE:NEG
Pohanohára akãguapy ndombovuta che rasy	Pohanohára akãguapy ndombovúiva’ekue che cherasy va’ekue	TENSE:PAS_PLU
Ha’e ombojerekuri umi kutuhakuéra poro’o ko po ojupi	Ha’e ombojerehina kuri umi kutuhakuéra tuicháva ko po ojupíhina	ASPECT:IPFV
Amo ñemuha osapukái kuri apurahéi kuri	Amo ñemuha nosapukái kuri ndapurahéi kuri	TYPE:NEG
Pohanohára akãguapy ndombovuta	Pohanohára akãguapy ndombovuta	NOCHANGE
Che rasy oipuru hikuái ka’a ha ho’u terere.	Nde nderasy nde reipuru ka’a ha re’u terere.	PERSON:2_SI
Amo ñemuha nosapukái kuri	Amo ñemuha nosapukái kuri	NOCHANGE
Peẽ napejapómi ogyke pokã che nañemoingeta	Peẽ napejapói ogyke pokã che nañemoingei	TENSE:PRE_SIM
Ore ndorokuave’ẽi umi tembi’ukuéra pytagua nde nderejapói	Ñande ndañakuave’ẽi umi tembi’ukuéra pytagua ñande ndajajapói	PERSON:1_PL_INC
Ha’e ombojárata mbovy apekuéra	Ha’e ombojárata mbovy apekuéra	NOCHANGE
Jaguarete katu itáicha okirirĩ. nde reñembosarái hína	Jaguarete katu itáicha okirirĩta. nde reñembosaráita hína	TENSE:FUT_SIM
Apurahéi kuri	Apurahéi kuri	NOCHANGE
Chéngo ndaikuaái upévape.	Chéngo ndaikuaái upévape.	NOCHANGE
Ha’e oguapy chéngo ndaikuaái upévape.	Nde reguapy ndéngo ndereikuaái upévape.	PERSON:2_SI
Nde reñembosarái hína ha’e ombojerekuri umi kutuhakuéra poro’o	Nde nereñembosaráiri hína ha’e ndombojereikuri umi kutuhakuéra tuicháva	TYPE:NEG
Ha’ekuéra naiñemoñaréi kuri ha’e ojupi kuri	Ha’ekuéra naiñemoñaréita ha’e ojupita	TENSE:FUT_SIM
Che mba’éta ko ykua	Che mba’éta ko ykua	NOCHANGE
Che cherasy va’ekue	Che cherasy va’ekue	NOCHANGE
Ore temimbo’ekuéra tie’ỹ ojapopami	Ore temimbo’ekuéra tie’ỹ ojapopami	NOCHANGE
Ha’ekuéra ndojapói	Ha’ekuéra ndojapói	NOCHANGE
Ore norokúita	Ore norokúita	NOCHANGE
Temirendukuéra omongakuaa amo ñemuha osapukái kuri	Temirendukuéra omongakuaata amo ñemuha osapukáita	TENSE:FUT_SIM
Ha’ekuéra naiñemoñaréi kuri pohanohára akãguapy ndombovuta	Ha’ekuéra ndoñemoñaréi pohanohára akãguapy ndombovúi	TENSE:PRE_SIM
Che ajavými iñeikotevẽva akuápe	Che ajavými iñeikotevẽva akuápe	NOCHANGE
Ha’e oguapy ha’e ombojára kuri mbovy apekuéra	Ha’e ndoguapýi ha’e ndombojárai kuri mbovy apekuéra	TYPE:NEG
Ñande ndajajapói	Ñande ndajajapói	NOCHANGE
Nde nderejapói ha’e nombotujaimi che ogyke - ha’e ndombyaimi che ogyke	Nde rejapo ha’e ombotujaimi che ogyke - ha’e ombyaimi che ogyke	TYPE:AFF
Ha’e ombojaruita	Ha’e ombojaruita	NOCHANGE
Ama oikomi ka’aguy hovy’ûvare upérö (che) añani hína kuri	Nde reikomi ka’aguy hovy’ûvare upérõ (nde) reñanihínakuri	PERSON:2_SI
Apurahéi kuri nde reñembosarái hína	Apurahéitta nde reñembosaráita hína	TENSE:FUT_SIM
Peteĩ ko’ẽme oñombohovai rakúma hikuái	Peteĩ ko’ẽme oñombohovai rakúma hikuái	NOCHANGE
Pakova roguépe omo’â hembi’ukuéra. jaguarete katu itáicha okirirĩ.	Pakova roguépe ndomo’âi hembi’ukuéra. jaguarete katu itáicha ndokirirĩ.	TYPE:NEG
Ko mombe’upy pemohenduká kuri chéve peê.	Ko mombe’upy pemohenduká kuri chéve peê.	NOCHANGE
Ha’ekuéra naiñemoñaréi kuri pakova roguépe omo’â hembi’ukuéra.	Peë naipeñemoñaréi kuri pakova roguépe pemo’â penderembi’ukuéra.	PERSON:2_PL
Upérö (che) añani hína kuri che ajavými iñeikotevẽva akuápe	Upérõ (che) añanita hína che ajavýta iñeikotevẽva akuápe	TENSE:FUT_SIM
Ndokũmbýimi hikuái	Ndokũmbýimi hikuái	NOCHANGE
Che mba’éma ko ykua ha’e oguapy	Ndachemba’ei ko ykua ha’e ndoguapýi	TYPE:NEG
Che mba’éma ko ykua ha’e ojupi kuri	Che mba’éta ko ykua ha’e ojupita	TENSE:FUT_SIM
Ko mombe’upy ohenduká kuri chéve che ru. ha’ekuéra naiñemoñaréi kuri	Ko mombe’upy ohendukáta chéve che ru. ha’ekuéra naiñemoñaréita	TENSE:FUT_SIM
Ha’e nombotujaimi che ogyke - ha’e ndombyaimi che ogyke nde reñembosarái hína	Ha’e ndombotujaikuri hina che ogyke - ha’e ndombyaikuri hina che ogyke nde reñembosarái kuri hína	TENSE:PAS_REC
Apurahéi kuri pohanohára akãguapy ndombovuta	Ha’ekuéra opurahéikuri pohanohárakuera akãguapy ndombovúita	PERSON:3_PL
Nde reikomi ka’aguy hovy’ûvare	Nde reikomi ka’aguy hovy’ûvare	NOCHANGE
Ha’e ojupi kuri ore ndorokuave’ẽi umi tembi’ukuéra pytagua	Ha’e ojupi kuri hína ore ndorokuave’ẽi hina umi tembi’ukuéra pytagua	ASPECT:IPFV
Nde reñembosarái hína ha’ekuéra naiñemoñaréi kuri	Nde reñembosaráita hína ha’ekuéra naiñemoñaréita	TENSE:FUT_SIM
He’i ka’i ruvicha ta’ýra kuérape amo ñemuha osapukái kuri	He’i ka’i ruvicha ita’ýrakuérape amo ñemuha nosapukái kuri	TYPE:NEG
Peẽ napejapómi ogyke pokã apurahéi kuri	Ha’ekuéra nojapómi ogyke pokã ha’ekuéra opurahéikuri	PERSON:3_PL
Pakova roguépe ndomo’âi hembi’ukuéra.	Pakova roguépe ndomo’âi hembi’ukuéra.	NOCHANGE
Ko po ojupi ama oikomi ka’aguy hovy’ûvare	Ko po ndojupíri ama ndoikomi ka’aguy hovy’ûvare	TYPE:NEG
Okũmbymi hikuái	Okũmbymi hikuái	NOCHANGE
Ndachemba’ei ko ykua	Ndachemba’ei ko ykua	NOCHANGE
Ko po ojupi amo ñemuha osapukái kuri	Ko po ojupíta amo ñemuha osapukáita	TENSE:FUT_SIM
Pohanohára akãguapy ombovuta	Pohanohára akãguapy ombovuta	NOCHANGE
Nde nderemoheñói oipuru hikuái ka’a ha ho’u terere.	Ñande ndañamoheñói ñande jaipuru ka’a ha ja’u terere.	PERSON:1_PL_INC
Upérõ (ñande) ñañanihínakuri	Upérõ (ñande) ñañanihínakuri	NOCHANGE
Ore ndorokuave’ẽi umi tembi’ukuéra pytagua apurahéi kuri	Ore ndorokuave’ẽi hina umi tembi’ukuéra pytagua apurahéihina kuri	ASPECT:IPFV
Ha’ekuéra naiñemoñaréi kuri ha’e ojupi kuri	Ñande naiñañemoñaréi kuri ñande jajupi kuri	PERSON:1_PL_INC
Ha’e ndombojárai kuri mbovy apekuéra	Ha’e ndombojárai kuri mbovy apekuéra	NOCHANGE
Che rasy ha’e oguapy	Peê penderasy peẽ peguapy	PERSON:2_PL
Mombe’ukuéra omboty kuri pende arete ha’e ojupi kuri	Mombe’ukuéra omboty kuri hína pende arete ha’e ojupi kuri hína	ASPECT:IPFV
Nde nderemoheñói ijuru ñeimo’ã’ỹva ndojurata che aovevekuéra - ijuru ñeimo’ã’ỹva ndojuramo’ãi che aovevekuéra	Nde remoheñói ijuru ñeimo’ã’ỹva ojurata che aovevekuéra	TYPE:AFF
Oipuru hikuái ka’a ha ho’u terere. ama oikomi ka’aguy hovy’ûvare	Nde reipuru ka’a ha re’u terere. nde reikomi ka’aguy hovy’ûvare	PERSON:2_SI
Peẽ napejapómi ogyke pokã che mba’éma ko ykua	Nde nderejapómi ogyke pokã nde mba’e ko ykua	PERSON:2_SI
Ku mbói oñorairõ	Ku mbói oñorairõ	NOCHANGE
Ku mbói oñorairõ nde nderejapói	Umi mbóikuera oñorairõ ha’ekuéra ndojapói	PERSON:3_PL
Ha’e ombojerekuri umi kutuhakuéra poro’o ko mombe’upy ohenduká kuri chéve che ru.	Ha’e ndombojereikuri umi kutuhakuéra tuicháva ko mombe’upy ndohenduká kuri chéve che ru.	TYPE:NEG
Ha’e ombojára kuri mbovy apekuéra he’i ka’i ruvicha ta’ýra kuérape	Che ambojára kuri mbovy apekuéra che, ka’i ruvicha, ha’e che ta’yrakuérape	PERSON:1_SI
Upérö (che) añani hína kuri oipuru hikuái ka’a ha ho’u terere.	Upérõ (nde) reñanihínakuri nde reipuru ka’a ha re’u terere.	PERSON:2_SI
Pohanohára akãguapy ndombovuta ha’e nombotujaimi che ogyke - ha’e ndombyaimi che ogyke	Pohanohára akãguapy ndombovúiva’ekue ha’e ndombotujáiva’ekue che ogyke - ha’e ndombyaiva’ekue che ogyke	TENSE:PAS_PLU
Oipuru hikuái ka’a ha ho’u terere. ha’e ombojerekuri umi kutuhakuéra poro’o	Ndoipurui hikuái ka’a térã ho’u terere. ha’e ndombojereikuri umi kutuhakuéra tuicháva	TYPE:NEG
Apurahéi kuri temirendukuéra omongakuaa	Apurahéihina kuri temirendukuéra omongakuaa hína	ASPECT:IPFV
Oipuru hikuái ka’a ha ho’u terere. che ajavými iñeikotevẽva akuápe	Ndoipurui hikuái ka’a térã ho’u terere. che ndajavýimi iñeikotevẽva akuápe	TYPE:NEG
Apurahéi va’ekue	Apurahéi va’ekue	NOCHANGE
Ha’e ojupita	Ha’e ojupita	NOCHANGE
Pohanohára akãguapy ndombovúi	Pohanohára akãguapy ndombovúi	NOCHANGE
Ama oikomi ka’aguy hovy’ûvare pohanohára akãguapy ndombovuta	Ama oiko ka’aguy hovy’ûvare pohanohára akãguapy ndombovúi	TENSE:PRE_SIM
Ko mombe’upy ohenduká kuri chéve che ru. ore temimbo’e tie’ỹ ojapopami	Ko mombe’upy ohendukáta chéve che ru. ore temimbo’e tie’ỹ ojapopata	TENSE:FUT_SIM
Ha’e ndojupirí kuri	Ha’e ndojupirí kuri	NOCHANGE
Che ambojára kuri mbovy apekuéra	Che ambojára kuri mbovy apekuéra	NOCHANGE
Ku mbói oñorairõ ha’e ombojára kuri mbovy apekuéra	Ku mbói oñorairõta ha’e ombojárata mbovy apekuéra	TENSE:FUT_SIM
Ko po ojupi apurahéi kuri	Ko po ndojupíri ndapurahéi kuri	TYPE:NEG
Ha’e ojupi kuri amo ñemuha osapukái kuri	Ha’e ojupita amo ñemuha osapukáita	TENSE:FUT_SIM
Jaguarete katu itáicha okirirĩ.	Jaguarete katu itáicha okirirĩ.	NOCHANGE
Oipuru hikuái ka’a ha ho’u terere. ko po ojupi	Ndoipurui hikuái ka’a térã ho’u terere. ko po ndojupíri	TYPE:NEG
Temirendukuéra omongakuaa ama oikomi ka’aguy hovy’ûvare	Temirendukuéra ndomongakuaai ama ndoikomi ka’aguy hovy’ûvare	TYPE:NEG
Ha’e oguapy pohanohára akãguapy ndombovuta	Ha’e oguapýva’ekue pohanohára akãguapy ndombovúiva’ekue	TENSE:PAS_PLU
Ha’e oguapy he’i ka’i ruvicha ta’ýra kuérape	Ha’e ndoguapýi he’i ka’i ruvicha ita’ýrakuérape	TYPE:NEG
Ha’e ndombojaruita che rasy	Ha’e ndombojaruita hína che rasypota hina	ASPECT:IPFV
Nde nderemoheñói ha’e nombotujaimi che ogyke - ha’e ndombyaimi che ogyke	Nde remoheñói ha’e ombotujaimi che ogyke - ha’e ombyaimi che ogyke	TYPE:AFF
Jaguarete katu itáicha okirirĩ. temirendukuéra omongakuaa	Jaguarete katu itáicha okirirĩta. temirendukuéra omongakuaata	TENSE:FUT_SIM
Che ajupi kuri	Che ajupi kuri	NOCHANGE
Che rasy ha’e nombotujaimi che ogyke - ha’e ndombyaimi che ogyke	Che cherasy kuri ha’e ndombotujaikuri hina che ogyke - ha’e ndombyaikuri hina che ogyke	TENSE:PAS_REC
Che rasy nde reñembosarái hína	Ndacherásyi nde nereñembosaráiri hína	TYPE:NEG
Amo ñemuha osapukái kuri okũmbymi hikuái	Amo ñemuha osapukáita okũmbyta hikuái.	TENSE:FUT_SIM
Ore temimbo’e tie’ỹ ojapopami ijuru ñeimo’ã’ỹva ndojurata che aovevekuéra - ijuru ñeimo’ã’ỹva ndojuramo’ãi che aovevekuéra	Ore temimbo’e tie’ỹ ojapopa ijuru ñeimo’ã’ỹva ndojurai che aovevekuéra	TENSE:PRE_SIM
Ha’e ombojerekuri umi kutuhakuéra poro’o pakova roguépe omo’â hembi’ukuéra.	Nde rembojerekuri umi kutuhakuéra tuicháva pakova roguépe remo’â nderembi’ukuéra.	PERSON:2_SI
Ha’e ndombojaruita peẽ napejapómi ogyke pokã	Ha’e ombojaruita peẽ pejapomi ogyke pokã	TYPE:AFF
Ha’e ojupi kuri che mba’éma ko ykua	Nde rejupi kuri nde mba’e ko ykua	PERSON:2_SI
Ijuru ñeimo’ã’ỹva ndojurata che aovevekuéra - Ijuru ñeimo’ã’ỹva ndojuramo’ãi che aovevekuéra	Ijuru ñeimo’ã’ỹva ndojurata che aovevekuéra - Ijuru ñeimo’ã’ỹva ndojuramo’ãi che aovevekuéra	NOCHANGE
Amo ñemuha osapukái kuri ama oikomi ka’aguy hovy’ûvare	Amo ñemuha nosapukái kuri ama ndoikomi ka’aguy hovy’ûvare	TYPE:NEG
Chéngo ndaikuaái kuri hina upévape.	Chéngo ndaikuaái kuri hina upévape.	NOCHANGE
Che mba’éma ko ykua ko mombe’upy ohenduká kuri chéve che ru.	Nde mba’e ko ykua ko mombe’upy emohenduká kuri chéve nde.	PERSON:2_SI
Ku mbói oñorairõ nde reñembosarái hína	Umi mbóikuera oñorairõ ha’ekuéra oñembosarái hína	PERSON:3_PL
Ama oikomi ka’aguy hovy’ûvare okũmbymi hikuái	Ama ndoikomi ka’aguy hovy’ûvare ndokũmbýimi hikuái	TYPE:NEG
Ha’e oguapy ijuru ñeimo’ã’ỹva ndojurata che aovevekuéra - ijuru ñeimo’ã’ỹva ndojuramo’ãi che aovevekuéra	Ha’e oguapýkuri ijuru ñeimo’ã’ỹva ndojurai kuri che aovevekuéra	TENSE:PAS_REC
Peẽ napejapói kuri ogyke pokã	Peẽ napejapói kuri ogyke pokã	NOCHANGE
Che ajavými iñeikotevẽva akuápe okũmbymi hikuái	Che ndajavýimi iñeikotevẽva akuápe ndokũmbýimi hikuái	TYPE:NEG
Che ndahechái kuri peteĩ óga	Che ndahechái kuri peteĩ óga	NOCHANGE
Peẽ napejapómi ogyke pokã ha’e ombojára kuri mbovy apekuéra	Nde nderejapómi ogyke pokã nde rembojára kuri mbovy apekuéra	PERSON:2_SI
Okũmbymi hikuái amo ñemuha osapukái kuri	Okũmbyta hikuái. amo ñemuha osapukáita	TENSE:FUT_SIM
Ha’e noguerekómi	Ha’e noguerekómi	NOCHANGE
Okũmbymi hikuái apurahéi kuri	Ndokũmbýimi hikuái ndapurahéi kuri	TYPE:NEG
Che nañemoingeta pakova roguépe omo’â hembi’ukuéra.	Nde nareñemoingeta pakova roguépe remo’â nderembi’ukuéra.	PERSON:2_SI
Peẽ napejapómi ogyke pokã ha’e nombotujaimi che ogyke - ha’e ndombyaimi che ogyke	Peẽ napejapói kuri ogyke pokã ha’e ndombotujaikuri hina che ogyke - ha’e ndombyaikuri hina che ogyke	TENSE:PAS_REC
Nde reñembosarái hína ha’e ombojára kuri mbovy apekuéra	Nde nereñembosaráiri hína ha’e ndombojárai kuri mbovy apekuéra	TYPE:NEG
Ha’e ojupi kuri ha’e oguapy	Ha’e ojupita ha’e oguapýta	TENSE:FUT_SIM
Che rasy temirendukuéra omongakuaa	Ha’e hasy temirendu omongakuaa	PERSON:3_SI
Che ndambojaruita	Che ndambojaruita	NOCHANGE
Chéngo ndaikuaái upévape. ha’e ombojára kuri mbovy apekuéra	Ndéngo ndereikuaái upévape. nde rembojára kuri mbovy apekuéra	PERSON:2_SI
Che rasypota hina	Che rasypota hina	NOCHANGE
Mombe’ukuéra omboty kuri pende arete amo ñemuha osapukái kuri	Mombe’ukuéra ndombotyi kuri pende arete amo ñemuha nosapukái kuri	TYPE:NEG
Pohanohára akãguapy ndombovuta nde nderejapói	Pohanohárakuera akãguapy ndombovúita ha’ekuéra ndojapói	PERSON:3_PL
Ku mbói oñorairõmi	Ku mbói oñorairõmi	NOCHANGE
Ko po ojupi nde reñembosarái hína	Ko po ojupíta nde reñembosaráita hína	TENSE:FUT_SIM
Pohanohárakuera akãguapy ndombovúita	Pohanohárakuera akãguapy ndombovúita	NOCHANGE
Che mba’éma ko ykua amo ñemuha osapukái kuri	Che mba’éta ko ykua amo ñemuha osapukáita	TENSE:FUT_SIM
Ore ndorokuave’ẽi umi tembi’ukuéra pytagua che nañemoingeta	Ore rokuave’ẽ umi tembi’ukuéra pytagua che añemoingeta	TYPE:AFF
Ijuru ñeimo’ã’ỹva ndojurata che aovevekuéra - ijuru ñeimo’ã’ỹva ndojuramo’ãi che aovevekuéra peẽ napejapómi ogyke pokã	Ijuru ñeimo’ã’ỹva ndojurai che aovevekuéra peẽ napejapói ogyke pokã	TENSE:PRE_SIM
Temirendukuéra ndomongakuaai	Temirendukuéra ndomongakuaai	NOCHANGE
Ko mombe’upy ohenduká kuri chéve che ru. ha’e ojupi kuri	Ko mombe’upy ndohenduká kuri chéve che ru. ha’e ndojupirí kuri	TYPE:NEG
Ha’e ombojerekuri umi kutuhakuéra poro’o jaguarete katu itáicha okirirĩ.	Nde rembojerekuri umi kutuhakuéra tuicháva nde katu itáicha rekirirĩ.	PERSON:2_SI
Oipuru hikuái ka’a ha ho’u terere. che rasy	Ñande jaipuru ka’a ha ja’u terere. ñande rasy	PERSON:1_PL_INC
Ñande ndañambotujáimi che ogyke - Ñande ndañambyaimi che ogyke	Ñande ndañambotujáimi che ogyke - Ñande ndañambyaimi che ogyke	NOCHANGE
Ha’e oguapy temirendukuéra omongakuaa	Ha’e ndoguapýi temirendukuéra ndomongakuaai	TYPE:NEG
Mombe’ukuéra omboty kuri pende arete ku mbói oñorairõ	Mombe’ukuéra omboty kuri hína pende arete ku mbói oñorairõ hína	ASPECT:IPFV
Okũmbymi hikuái peẽ napejapómi ogyke pokã	Okũmby kuri hikuái. peẽ napejapói kuri ogyke pokã	TENSE:PAS_REC
Ko mombe’upy ohendukáta chéve che ru.	Ko mombe’upy ohendukáta chéve che ru.	NOCHANGE
Pakova roguépe omo’â hembi’ukuéra. peẽ napejapómi ogyke pokã	Pakova roguépe remo’â nderembi’ukuéra. nde nderejapómi ogyke pokã	PERSON:2_SI
Temirendukuéra omongakuaami	Temirendukuéra omongakuaami	NOCHANGE
Okũmby kuri hikuái.	Okũmby kuri hikuái.	NOCHANGE
Nde nderembotujáimi che ogyke - Nde nerembyaimi che ogyke	Nde nderembotujáimi che ogyke - Nde nerembyaimi che ogyke	NOCHANGE
Nde nderemoheñói nde reñembosarái hína	Ha’ekuéra ndomoheñoi ha’ekuéra oñembosarái hína	PERSON:3_PL
Ñande jajavýimi iñeikotevẽva akuápe	Ñande jajavýimi iñeikotevẽva akuápe	NOCHANGE
Nde rembojerekuri umi kutuhakuéra tuicháva	Nde rembojerekuri umi kutuhakuéra tuicháva	NOCHANGE
Ha’e nombotujaimi che ogyke - ha’e ndombyaimi che ogyke jaguarete katu itáicha okirirĩ.	Ha’e ombotujáta che ogyke - ha’e ombyaíta che ogyke jaguarete katu itáicha okirirĩta.	TENSE:FUT_SIM
Nde nderejapókuri	Nde nderejapókuri	NOCHANGE
Ko po ndojupíri	Ko po ndojupíri	NOCHANGE
Ha’e ndombojarui kuri	Ha’e ndombojarui kuri	NOCHANGE
Che aguapy	Che aguapy	NOCHANGE
Ore temimbo’e tie’ỹ nojapopami	Ore temimbo’e tie’ỹ nojapopami	NOCHANGE
Apurahéi kuri ore temimbo’e tie’ỹ ojapopami	Apurahéitta ore temimbo’e tie’ỹ ojapopata	TENSE:FUT_SIM
Che ajavýta iñeikotevẽva akuápe	Che ajavýta iñeikotevẽva akuápe	NOCHANGE
Okũmbymi hikuái he’i ka’i ruvicha ta’ýra kuérape	Ndokũmbýimi hikuái he’i ka’i ruvicha ita’ýrakuérape	TYPE:NEG
Ama oikomi ka’aguy hovy’ûvare okũmbymi hikuái	Che aikomi ka’aguy hovy’ûvare che akũmbymi	PERSON:1_SI
Ha’e ojupi kuri nde nderemoheñói	Ñande jajupi kuri ñande ndañamoheñói	PERSON:1_PL_INC
Ku mbói oñorairõ ha’e ndombojaruita	Ku mbói oñorairõ hína ha’e ndombojaruita hína	ASPECT:IPFV
Ha’e ojupi kuri ore ndorokuave’ẽi umi tembi’ukuéra pytagua	Che ajupi kuri che ndaikuave’ẽi umi tembi’ukuéra pytagua	PERSON:1_SI
Temirendukuéra omongakuaa ha’e oguapy	Temirendukuéra omongakuaata ha’e oguapýta	TENSE:FUT_SIM
Mombe’ukuéra omboty kuri pende arete che ajavými iñeikotevẽva akuápe	Mombe’ukuéra omboty kuri hína pende arete che ajavýimi hína iñeikotevẽva akuápe	ASPECT:IPFV
Apurahéi kuri ku mbói oñorairõ	Ndapurahéi kuri ku mbói noñorairõi	TYPE:NEG
Ku mbói oñorairõ nde reñembosarái hína	Ku mbói oñorairõ ikóni nde reñembosarái ikóni	ASPECT:INM
Amo ñemuha osapukáiva’ekue	Amo ñemuha osapukáiva’ekue	NOCHANGE
Che nañemoingeta nde nderemoheñói	Che añemoingeta nde remoheñói	TYPE:AFF
Ha’e ombojerekuri umi kutuhakuéra poro’o che nañemoingeta	Nde rembojerekuri umi kutuhakuéra tuicháva nde nareñemoingeta	PERSON:2_SI
Okũmbymi hikuái nde reñembosarái hína	Ndokũmbýimi hikuái nde nereñembosaráiri hína	TYPE:NEG
Nde reñembosarái hína apurahéi kuri	Nde reñembosaráita hína apurahéitta	TENSE:FUT_SIM
Pakova roguépe omo’â hembi’ukuéra. ha’e ombojerekuri umi kutuhakuéra poro’o	Pakova roguépe ndomo’âi hembi’ukuéra. ha’e ndombojereikuri umi kutuhakuéra tuicháva	TYPE:NEG
Ku mbói oñorairõ ore ndorokuave’ẽi umi tembi’ukuéra pytagua	Ku mbói oñorairõmi ore ndorokuave’ẽimi umi tembi’ukuéra pytagua	TENSE:PAS_IMP
Jaguarete katu itáicha okirirĩ. mombe’ukuéra omboty kuri pende arete	Jaguarete katu itáicha okirirĩta. mombe’ukuéra ombotyta pende arete	TENSE:FUT_SIM
Ko po ojupi amo ñemuha osapukái kuri	Ko po ojupíhina amo ñemuha osapukái kuri hína	ASPECT:IPFV
Okũmbymi hikuái ha’e ojupi kuri	Ndokũmbýimi hikuái ha’e ndojupirí kuri	TYPE:NEG
Ha’e ojupi kuri hína	Ha’e ojupi kuri hína	NOCHANGE
Jaguarete katu itáicha okirirĩ. upérö (che) añani hína kuri	Nde katu itáicha rekirirĩ. upérõ (nde) reñanihínakuri	PERSON:2_SI
Che mba’éma ko ykua upérö (che) añani hína kuri	Nde mba’e ko ykua upérõ (nde) reñanihínakuri	PERSON:2_SI
Ha’e ndombojaruita hína	Ha’e ndombojaruita hína	NOCHANGE
Nde ndereikuave’ẽi umi tembi’ukuéra pytagua	Nde ndereikuave’ẽi umi tembi’ukuéra pytagua	NOCHANGE
Ore ndorokuave’ẽi umi tembi’ukuéra pytagua amo ñemuha osapukái kuri	Ore ndorokuave’ẽi hina umi tembi’ukuéra pytagua amo ñemuha osapukái kuri hína	ASPECT:IPFV
Ore nairoñemoñaréi kuri	Ore nairoñemoñaréi kuri	NOCHANGE
Ha’e oguapy che mba’éma ko ykua	Ha’e ndoguapýi ndachemba’ei ko ykua	TYPE:NEG
Ha’e ojupi kuri jaguarete katu itáicha okirirĩ.	Nde rejupi kuri nde katu itáicha rekirirĩ.	PERSON:2_SI
Peẽ napejapói ogyke pokã	Peẽ napejapói ogyke pokã	NOCHANGE
Ijuru ñeimo’ã’ỹva ndojurai kuri che aovevekuéra	Ijuru ñeimo’ã’ỹva ndojurai kuri che aovevekuéra	NOCHANGE
Ha’ekuéra naiñemoñaréi kuri che rasy	Ore nairoñemoñaréi kuri ore rorasy	PERSON:1_PL_EXC
Ha’e ojupi kuri ha’e oguapy	Nde rejupi kuri nde reguapy	PERSON:2_SI
Che rasy peẽ napejapómi ogyke pokã	Che cherasy kuri peẽ napejapói kuri ogyke pokã	TENSE:PAS_REC
Ñande ndañamoheñói	Ñande ndañamoheñói	NOCHANGE
Ha’ekuéra naiñemoñaréi kuri ha’e ombojára kuri mbovy apekuéra	Ha’ekuéra naiñemoñaréita ha’e ombojárata mbovy apekuéra	TENSE:FUT_SIM
Che ajavými iñeikotevẽva akuápe ku mbói oñorairõ	Che ajavýimi hína iñeikotevẽva akuápe ku mbói oñorairõ hína	ASPECT:IPFV
Temirendukuéra omongakuaa ore temimbo’e tie’ỹ ojapopami	Temirendukuéra omongakuaata ore temimbo’e tie’ỹ ojapopata	TENSE:FUT_SIM
Amo ñemuha osapukái kuri nde reñembosarái hína	Umíva ñemuhakuéra osapukái kuri ha’ekuéra oñembosarái hína	PERSON:3_PL
Ama oikomi ka’aguy hovy’ûvare upérö (che) añani hína kuri	Ama oiko ka’aguy hovy’ûvare upérõ (che) añani hína	TENSE:PRE_SIM
Ore temimbo’e tie’ỹ ojapopami ha’e ojupi kuri	Ore temimbo’e tie’ỹ nojapopami ha’e ndojupirí kuri	TYPE:NEG
Ha’e ombojára kuri mbovy apekuéra ha’e ndombojaruita	Nde rembojára kuri mbovy apekuéra nde nderembojarui mo’ãi	PERSON:2_SI
Pohanohára akãguapy ndombovuta ha’ekuéra naiñemoñaréi kuri	Pohanohára akãguapy ndombovúi ha’ekuéra ndoñemoñaréi	TENSE:PRE_SIM
Ko po ojupíhina	Ko po ojupíhina	NOCHANGE
Ha’e ndombojaruita ko po ojupi	Ha’e ndombojaruita hína ko po ojupíhina	ASPECT:IPFV
Nde katu itáicha rekirirĩ.	Nde katu itáicha rekirirĩ.	NOCHANGE
Che rasy pakova roguépe omo’â hembi’ukuéra.	Peê penderasy pakova roguépe pemo’â penderembi’ukuéra.	PERSON:2_PL
Ore temimbo’e tie’ỹ ojapopami che mba’éma ko ykua	Ore temimbo’e tie’ỹ nojapopami ndachemba’ei ko ykua	TYPE:NEG
Ama ndoikomi ka’aguy hovy’ûvare	Ama ndoikomi ka’aguy hovy’ûvare	NOCHANGE
Apurahéi kuri he’i ka’i ruvicha ta’ýra kuérape	Ndapurahéi kuri he’i ka’i ruvicha ita’ýrakuérape	TYPE:NEG
Che nañemoingeta chéngo ndaikuaái upévape.	Nde nareñemoingeta ndéngo ndereikuaái upévape.	PERSON:2_SI
Peẽ napejapómi ogyke pokã ha’ekuéra naiñemoñaréi kuri	Ñande najajapómi ogyke pokã ñande naiñañemoñaréi kuri	PERSON:1_PL_INC
Okũmbymi hikuái ha’e ndombojaruita	Okũmby kuri hikuái. ha’e ndombojarui kuri	TENSE:PAS_REC
Ha’e ndombojaruita ha’e nombotujaimi che ogyke - ha’e ndombyaimi che ogyke	Ha’e ombojaruita ha’e ombotujaimi che ogyke - ha’e ombyaimi che ogyke	TYPE:AFF
Che mba’éma ko ykua ku mbói oñorairõ	Ndachemba’ei ko ykua ku mbói noñorairõi	TYPE:NEG
Ha’e ombojerekuri umi kutuhakuéra poro’o apurahéi kuri	Ha’e ndombojereikuri umi kutuhakuéra tuicháva ndapurahéi kuri	TYPE:NEG
Nde nderemoheñói	Nde nderemoheñói	NOCHANGE
Ha’e oguapy amo ñemuha osapukái kuri	Ha’e oguapýva’ekue amo ñemuha osapukáiva’ekue	TENSE:PAS_PLU
Apurahéi kuri temirendukuéra omongakuaa	Ndapurahéi kuri temirendukuéra ndomongakuaai	TYPE:NEG
Che mba’éma ko ykua oipuru hikuái ka’a ha ho’u terere.	Che mba’éta ko ykua oipuruta hikuái ka’a ha ho’uta terere.	TENSE:FUT_SIM
Che mba’éma ko ykua amo ñemuha osapukái kuri	Ndachemba’ei ko ykua amo ñemuha nosapukái kuri	TYPE:NEG
Nde nderemoheñói che rasy	Ñande ndañamoheñói ñande rasy	PERSON:1_PL_INC
Che ajavými iñeikotevẽva akuápe ha’e oguapy	Che ndajavýimi iñeikotevẽva akuápe ha’e ndoguapýi	TYPE:NEG
Temirendukuéra omongakuaa hína	Temirendukuéra omongakuaa hína	NOCHANGE
Ko mombe’upy ohenduka chéve che ru.	Ko mombe’upy ohenduka chéve che ru.	NOCHANGE
Amo ñemuha osapukái kuri oipuru hikuái ka’a ha ho’u terere.	Amo ñemuha osapukáita oipuruta hikuái ka’a ha ho’uta terere.	TENSE:FUT_SIM
Ha’e omokañy kuri pene ñemu potavéva	Ha’e omokañy kuri pene ñemu potavéva	NOCHANGE
Ore noroñemoingeta	Ore noroñemoingeta	NOCHANGE
Ha’e oguapy jaguarete katu itáicha okirirĩ.	Che aguapy che katu itáicha akirirĩ.	PERSON:1_SI
Ama oikomi ka’aguy hovy’ûvare che nañemoingeta	Ama oiko ka’aguy hovy’ûvare che nañemoingei	TENSE:PRE_SIM
Pohanohára akãguapy ndombovuta che rasy	Pohanohára akãguapy ndombovúi kuri che cherasy kuri	TENSE:PAS_REC
Temirendukuéra omongakuaa ku mbói oñorairõ	Temirendukuéra omongakuaa hína ku mbói oñorairõ hína	ASPECT:IPFV
Mombe’ukuéra omboty kuri pende arete amo ñemuha osapukái kuri	Mombe’ukuéra omboty kuri hína pende arete amo ñemuha osapukái kuri hína	ASPECT:IPFV
Ku mbói oñorairõ ha’e ojupi kuri	Ku mbói oñorairõ hína ha’e ojupi kuri hína	ASPECT:IPFV
Upérõ (che) añanita hína	Upérõ (che) añanita hína	NOCHANGE
Ha’e ojupi kuri che rasy	Ha’e ndojupirí kuri ndacherásyi	TYPE:NEG
Pakova roguépe omo’â hembi’ukuéra. ha’e ombojerekuri umi kutuhakuéra poro’o	Pakova roguépe remo’â nderembi’ukuéra. nde rembojerekuri umi kutuhakuéra tuicháva	PERSON:2_SI
Ijuru ñeimo’ã’ỹva ndojurata che aovevekuéra - ijuru ñeimo’ã’ỹva ndojuramo’ãi che aovevekuéra che rasy	Ijuru ñeimo’ã’ỹva ndojuraiva’ekue che aovevekuéra che cherasy va’ekue	TENSE:PAS_PLU
Pohanohára akãguapy ndombovuta peẽ napejapómi ogyke pokã	Pohanohárakuera akãguapy ndombovúita ha’ekuéra nojapómi ogyke pokã	PERSON:3_PL
Amo ñemuha osapukái kuri ko po ojupi	Amo ñemuha nosapukái kuri ko po ndojupíri	TYPE:NEG
Pakova roguépe omo’â hembi’ukuéra.	Pakova roguépe omo’â hembi’ukuéra.	NOCHANGE
Ha’e oguapy ku mbói oñorairõ	Hikuái oguapy umi mbóikuera oñorairõ	PERSON:3_PL
Oipuru hikuái ka’a ha ho’u terere. ha’e oguapy	Nde reipuru ka’a ha re’u terere. nde reguapy	PERSON:2_SI
Mombe’ukuéra omboty pende arete	Mombe’ukuéra omboty pende arete	NOCHANGE
Chéngo ndaikuaái upévape. ha’e ndombojaruita	Ndéngo ndereikuaái upévape. nde nderembojarui mo’ãi	PERSON:2_SI
Ha’e ojupi kuri apurahéi kuri	Ha’e ojupi kuri hína apurahéihina kuri	ASPECT:IPFV
Pohanohára akãguapy ndombovuta che nañemoingeta	Pohanohára akãguapy ndombovúi che nañemoingei	TENSE:PRE_SIM
Che rasy ko po ojupi	Ndacherásyi ko po ndojupíri	TYPE:NEG
Nde reipuru ka’a ha re’u terere.	Nde reipuru ka’a ha re’u terere.	NOCHANGE
Nde mba’e ko ykua	Nde mba’e ko ykua	NOCHANGE
Jaguarete katu itáicha okirirĩ. amo ñemuha osapukái kuri	Jaguarete katu itáicha okirirĩta. amo ñemuha osapukáita	TENSE:FUT_SIM
Pakova roguépe omo’â hembi’ukuéra. ko mombe’upy ohenduká kuri chéve che ru.	Pakova roguépe ndomo’âi hembi’ukuéra. ko mombe’upy ndohenduká kuri chéve che ru.	TYPE:NEG
Ha’e oguapy ama oikomi ka’aguy hovy’ûvare	Nde reguapy nde reikomi ka’aguy hovy’ûvare	PERSON:2_SI
Ha’e ndombojereikuri umi kutuhakuéra tuicháva	Ha’e ndombojereikuri umi kutuhakuéra tuicháva	NOCHANGE
Ku mbói noñorairõi	Ku mbói noñorairõi	NOCHANGE
Ko po ojupi oipuru hikuái ka’a ha ho’u terere.	Ko po ndojupíri ndoipurui hikuái ka’a térã ho’u terere.	TYPE:NEG
Nde reñembosarái hína pakova roguépe omo’â hembi’ukuéra.	Nde nereñembosaráiri hína pakova roguépe ndomo’âi hembi’ukuéra.	TYPE:NEG
Ku mbói oñorairõ mombe’ukuéra omboty kuri pende arete	Ku mbói oñorairõ hína mombe’ukuéra omboty kuri hína pende arete	ASPECT:IPFV
Che ajavýimi hína iñeikotevẽva akuápe	Che ajavýimi hína iñeikotevẽva akuápe	NOCHANGE
Ama oikomi ka’aguy hovy’ûvare ko mombe’upy ohenduká kuri chéve che ru.	Ama oiko ka’aguy hovy’ûvare ko mombe’upy ohenduka chéve che ru.	TENSE:PRE_SIM
Nde nderejapói ha’e ojupi kuri	Ñande ndajajapói ñande jajupi kuri	PERSON:1_PL_INC
Ha’e ndombojaruita che nañemoingeta	Nde nderembojarui mo’ãi nde nareñemoingeta	PERSON:2_SI
Ore temimbo’e tie’ỹ ojapopami nde reñembosarái hína	Ore temimbo’e tie’ỹ nojapopami nde nereñembosaráiri hína	TYPE:NEG
Amo ñemuha osapukái kuri pohanohára akãguapy ndombovuta	Amo ñemuha osapukáiva’ekue pohanohára akãguapy ndombovúiva’ekue	TENSE:PAS_PLU
Nde rejapo	Nde rejapo	NOCHANGE
Upérö (che) añani hína kuri ha’e nombotujaimi che ogyke - ha’e ndombyaimi che ogyke	Upérõ (nde) reñanihínakuri nde nderembotujáimi che ogyke - nde nerembyaimi che ogyke	PERSON:2_SI
Ha’e nombotujaimi che ogyke - ha’e ndombyaimi che ogyke pohanohára akãguapy ndombovuta	Ha’e ndombotujaikuri hina che ogyke - ha’e ndombyaikuri hina che ogyke pohanohára akãguapy ndombovúi kuri	TENSE:PAS_REC
Ndoipurui hikuái ka’a térã ho’u terere.	Ndoipurui hikuái ka’a térã ho’u terere.	NOCHANGE
Ha’e ojupi kuri okũmbymi hikuái	Ñande jajupi kuri ñande ñakũmbýimi	PERSON:1_PL_INC
Nde reñembosarái kuri hína	Nde reñembosarái kuri hína	NOCHANGE
Okũmbymi hikuái oipuru hikuái ka’a ha ho’u terere.	Okũmbyta hikuái. oipuruta hikuái ka’a ha ho’uta terere.	TENSE:FUT_SIM
Che nañemoingei	Che nañemoingei	NOCHANGE
Mombe’u omboty kuri pende arete	Mombe’u omboty kuri pende arete	NOCHANGE
Ko po ojupi pakova roguépe omo’â hembi’ukuéra.	Ko po ndojupíri pakova roguépe ndomo’âi hembi’ukuéra.	TYPE:NEG
Ama oikomi ka’aguy hovy’ûvare che nañemoingeta	Nde reikomi ka’aguy hovy’ûvare nde nareñemoingeta	PERSON:2_SI
Apurahéi kuri oipuru hikuái ka’a ha ho’u terere.	Ndapurahéi kuri ndoipurui hikuái ka’a térã ho’u terere.	TYPE:NEG
Jaguarete katu itáicha okirirĩta.	Jaguarete katu itáicha okirirĩta.	NOCHANGE
Ha’e ombojerekuri umi kutuhakuéra poro’o apurahéi kuri	Ha’e ombojerehina kuri umi kutuhakuéra tuicháva apurahéihina kuri	ASPECT:IPFV
Ñande jajupi kuri	Ñande jajupi kuri	NOCHANGE
Ha’e ndombotujáiva’ekue che ogyke - Ha’e ndombyaiva’ekue che ogyke	Ha’e ndombotujáiva’ekue che ogyke - Ha’e ndombyaiva’ekue che ogyke	NOCHANGE
Jaguarete katu itáicha ndokirirĩ.	Jaguarete katu itáicha ndokirirĩ.	NOCHANGE
Ñande naiñañemoñaréi kuri	Ñande naiñañemoñaréi kuri	NOCHANGE
Pakova roguépe amo’â cherembi’ukuéra.	Pakova roguépe amo’â cherembi’ukuéra.	NOCHANGE
Apurahéi kuri ha’e ombojára kuri mbovy apekuéra	Apurahéitta ha’e ombojárata mbovy apekuéra	TENSE:FUT_SIM
Peẽ napejapómi ogyke pokã upérö (che) añani hína kuri	Peẽ napejapói ogyke pokã upérõ (che) añani hína	TENSE:PRE_SIM
Ko mombe’upy ohenduká kuri chéve che ru. upérö (che) añani hína kuri	Ko mombe’upy emohenduká kuri chéve nde. upérõ (nde) reñanihínakuri	PERSON:2_SI
Che ajavými iñeikotevẽva akuápe ko mombe’upy ohenduká kuri chéve che ru.	Che ajavy iñeikotevẽva akuápe ko mombe’upy ohenduka chéve che ru.	TENSE:PRE_SIM
Apurahéi kuri nde nderemoheñói	Ha’ekuéra opurahéikuri ha’ekuéra ndomoheñoi	PERSON:3_PL
Ha’e oguapy okũmbymi hikuái	Ha’e oguapýkuri okũmby kuri hikuái.	TENSE:PAS_REC
Ha’e ombojára kuri hína mbovy apekuéra	Ha’e ombojára kuri hína mbovy apekuéra	NOCHANGE
Ha’ekuéra naiñemoñaréi kuri chéngo ndaikuaái upévape.	Ha’ekuéra oñemoñaréi kuri chéngo aikuaá upévape.	TYPE:AFF
Mombe’ukuéra omboty kuri pende arete apurahéi kuri	Mombe’ukuéra ndombotyi kuri pende arete ndapurahéi kuri	TYPE:NEG
Nde reñembosarái hína chéngo ndaikuaái upévape.	Nde reñembosarái kuri hína chéngo ndaikuaái kuri hina upévape.	TENSE:PAS_REC
Ha’e ojupi kuri ore ndorokuave’ẽi umi tembi’ukuéra pytagua	Ñande jajupi kuri ñande ndañakuave’ẽi umi tembi’ukuéra pytagua	PERSON:1_PL_INC
Ha’e ombojerekuri umi kutuhakuéra poro’o che mba’éma ko ykua	Nde rembojerekuri umi kutuhakuéra tuicháva nde mba’e ko ykua	PERSON:2_SI
Che mba’éma ko ykua che ajavými iñeikotevẽva akuápe	Ndachemba’ei ko ykua che ndajavýimi iñeikotevẽva akuápe	TYPE:NEG
Ha’e ojupi kuri he’i ka’i ruvicha ta’ýra kuérape	Che ajupi kuri che, ka’i ruvicha, ha’e che ta’yrakuérape	PERSON:1_SI
Ore ndorokuave’ẽi umi tembi’ukuéra pytagua	Ore ndorokuave’ẽi umi tembi’ukuéra pytagua	NOCHANGE
Che ajavými iñeikotevẽva akuápe temirendukuéra omongakuaa	Che ndajavýimi iñeikotevẽva akuápe temirendukuéra ndomongakuaai	TYPE:NEG
Ha’ekuéra oñembosarái hína	Ha’ekuéra oñembosarái hína	NOCHANGE
Oipuruta hikuái ka’a ha ho’uta terere.	Oipuruta hikuái ka’a ha ho’uta terere.	NOCHANGE
Che nañemoingeta che mba’éma ko ykua	Nde nareñemoingeta nde mba’e ko ykua	PERSON:2_SI
Mombe’ukuéra ombotyta pende arete	Mombe’ukuéra ombotyta pende arete	NOCHANGE
Apurahéi kuri ha’e ombojára kuri mbovy apekuéra	Ndapurahéi kuri ha’e ndombojárai kuri mbovy apekuéra	TYPE:NEG
Nde nereñembosaráiri hína	Nde nereñembosaráiri hína	NOCHANGE
Nde remoheñói	Nde remoheñói	NOCHANGE
Ha’e ombojára kuri mbovy apekuéra che rasy	Ha’e ombojára kuri hína mbovy apekuéra che rasypota hina	ASPECT:IPFV
Ha’e oguapy apurahéi kuri	Ha’e oguapýta apurahéitta	TENSE:FUT_SIM
Ore temimbo’e tie’ỹ ojapopami ama oikomi ka’aguy hovy’ûvare	Ore temimbo’e tie’ỹ nojapopami ama ndoikomi ka’aguy hovy’ûvare	TYPE:NEG
Jaguarete katu itáicha okirirĩ. oipuru hikuái ka’a ha ho’u terere.	Jaguarete katu itáicha okirirĩta. oipuruta hikuái ka’a ha ho’uta terere.	TENSE:FUT_SIM
Ha’e oguapy ha’e ombojára kuri mbovy apekuéra	Ha’e oguapýta ha’e ombojárata mbovy apekuéra	TENSE:FUT_SIM
Jaguarete katu itáicha okirirĩ. ama oikomi ka’aguy hovy’ûvare	Jaguarete katu itáicha ndokirirĩ. ama ndoikomi ka’aguy hovy’ûvare	TYPE:NEG
Ha’e ojupi kuri nde reñembosarái hína	Che ajupi kuri che añembosarái hína	PERSON:1_SI
Chéngo ndaikuaái upévape. ha’e ombojerekuri umi kutuhakuéra poro’o	Ndéngo ndereikuaái upévape. nde rembojerekuri umi kutuhakuéra tuicháva	PERSON:2_SI
Ha’e oguapy nde reñembosarái hína	Ha’e ndoguapýi nde nereñembosaráiri hína	TYPE:NEG
Nde nderemoheñói nde nderejapói	Ha’ekuéra ndomoheñoi ha’ekuéra ndojapói	PERSON:3_PL
Temirendukuéra omongakuaa apurahéi kuri	Temirendukuéra ndomongakuaai ndapurahéi kuri	TYPE:NEG
Ha’e ojupi kuri ha’ekuéra naiñemoñaréi kuri	Ñande jajupi kuri ñande naiñañemoñaréi kuri	PERSON:1_PL_INC
Mombe’ukuéra omboty kuri pende arete temirendukuéra omongakuaa	Mombe’u omboty kuri pende arete temirendu omongakuaa	PERSON:3_SI
Oipuru hikuái ka’a ha ho’u terere.	Oipuru hikuái ka’a ha ho’u terere.	NOCHANGE
Jaguarete katu itáicha okirirĩ. apurahéi kuri	Jaguarete katu itáicha ndokirirĩ. ndapurahéi kuri	TYPE:NEG
Ore temimbo’e tie’ỹ ojapopata	Ore temimbo’e tie’ỹ ojapopata	NOCHANGE
Ore temimbo’e tie’ỹ ojapopami ko po ojupi	Ore temimbo’e tie’ỹ ojapopata ko po ojupíta	TENSE:FUT_SIM
Pohanohára akãguapy ndombovúi kuri	Pohanohára akãguapy ndombovúi kuri	NOCHANGE
Ko mombe’upy ohenduká kuri chéve che ru. ama oikomi ka’aguy hovy’ûvare	Ko mombe’upy ndohenduká kuri chéve che ru. ama ndoikomi ka’aguy hovy’ûvare	TYPE:NEG
Ko mombe’upy ndohenduká kuri chéve che ru.	Ko mombe’upy ndohenduká kuri chéve che ru.	NOCHANGE
Mombe’ukuéra omboty kuri pende arete okũmbymi hikuái	Mombe’ukuéra ndombotyi kuri pende arete ndokũmbýimi hikuái	TYPE:NEG
Ko mombe’upy ohenduká kuri chéve che ru. ha’e oguapy	Ko mombe’upy pemohenduká kuri chéve peê. peẽ peguapy	PERSON:2_PL
Nde nderejapómi ogyke pokã	Nde nderejapómi ogyke pokã	NOCHANGE
Apurahéi kuri okũmbymi hikuái	Ndapurahéi kuri ndokũmbýimi hikuái	TYPE:NEG
Pohanohára akãguapy ndombovúiva’ekue	Pohanohára akãguapy ndombovúiva’ekue	NOCHANGE
Mombe’ukuéra ndombotyi kuri pende arete	Mombe’ukuéra ndombotyi kuri pende arete	NOCHANGE
Ore temimbo’e tie’ỹ ojapopami ha’e oguapy	Ore temimbo’e tie’ỹ ojapopava’ekue ha’e oguapýva’ekue	TENSE:PAS_PLU
Ha’e ndombojaruita ha’e nombotujaimi che ogyke - ha’e ndombyaimi che ogyke	Ha’e ndombojarui kuri ha’e ndombotujaikuri hina che ogyke - ha’e ndombyaikuri hina che ogyke	TENSE:PAS_REC
Mombe’ukuéra omboty kuri pende arete che nañemoingeta	Mombe’ukuéra omboty pende arete che nañemoingei	TENSE:PRE_SIM
Ore ndorokuave’ẽi umi tembi’ukuéra pytagua ku mbói oñorairõ	Ore ndorokuave’ẽi ikóni umi tembi’ukuéra pytagua ku mbói oñorairõ ikóni	ASPECT:INM
Jaguarete katu itáicha okirirĩ. ha’e ombojára kuri mbovy apekuéra	Jaguarete katu itáicha okirirĩta. ha’e ombojárata mbovy apekuéra	TENSE:FUT_SIM
Nde rembojára kuri mbovy apekuéra	Nde rembojára kuri mbovy apekuéra	NOCHANGE
Oipuru hikuái ka’a ha ho’u terere. pakova roguépe omo’â hembi’ukuéra.	Nde reipuru ka’a ha re’u terere. pakova roguépe remo’â nderembi’ukuéra.	PERSON:2_SI
Upérö (che) añani hína kuri nde nderemoheñói	Upérõ (ñande) ñañanihínakuri ñande ndañamoheñói	PERSON:1_PL_INC
Ha’e ojupi kuri oipuru hikuái ka’a ha ho’u terere.	Ñande jajupi kuri ñande jaipuru ka’a ha ja’u terere.	PERSON:1_PL_INC
Ha’e ombojára kuri mbovy apekuéra che rasy	Nde rembojára kuri mbovy apekuéra nde nderasy	PERSON:2_SI
Nde nderemoheñóikuri	Nde nderemoheñóikuri	NOCHANGE
Che mba’éma ko ykua ama oikomi ka’aguy hovy’ûvare	Nde mba’e ko ykua nde reikomi ka’aguy hovy’ûvare	PERSON:2_SI
Che ajavými iñeikotevẽva akuápe ore ndorokuave’ẽi umi tembi’ukuéra pytagua	Che ajavýimi hína iñeikotevẽva akuápe ore ndorokuave’ẽi hina umi tembi’ukuéra pytagua	ASPECT:IPFV
Che cherasy kuri	Che cherasy kuri	NOCHANGE
Apurahéi kuri ko po ojupi	Apurahéihina kuri ko po ojupíhina	ASPECT:IPFV
Amo ñemuha osapukái kuri che mba’éma ko ykua	Amo ñemuha nosapukái kuri ndachemba’ei ko ykua	TYPE:NEG
Nde reñembosarái hína upérö (che) añani hína kuri	Nde reñembosaráita hína upérõ (che) añanita hína	TENSE:FUT_SIM
Ku mbói oñorairõ ikóni	Ku mbói oñorairõ ikóni	NOCHANGE
Temirendukuéra omongakuaa ko po ojupi	Temirendukuéra ndomongakuaai ko po ndojupíri	TYPE:NEG
Ha’ekuéra naiñemoñaréi kuri jaguarete katu itáicha okirirĩ.	Ha’ekuéra naiñemoñaréita jaguarete katu itáicha okirirĩta.	TENSE:FUT_SIM
Ama oikomi ka’aguy hovy’ûvare ha’e ombojerekuri umi kutuhakuéra poro’o	Ama ndoikomi ka’aguy hovy’ûvare ha’e ndombojereikuri umi kutuhakuéra tuicháva	TYPE:NEG
Ha’e ombojára kuri mbovy apekuéra ha’e oguapy	Che ambojára kuri mbovy apekuéra che aguapy	PERSON:1_SI
Apurahéi kuri temirendukuéra omongakuaa	Apurahéitta temirendukuéra omongakuaata	TENSE:FUT_SIM
Okũmbymi hikuái ha’e oguapy	Che akũmbymi che aguapy	PERSON:1_SI
Ore temimbo’e tie’ỹ ojapopami ha’ekuéra naiñemoñaréi kuri	Ore temimbo’e tie’ỹ ojapopa ha’ekuéra ndoñemoñaréi	TENSE:PRE_SIM
Ku mbói oñorairõ jaguarete katu itáicha okirirĩ.	Ku mbói oñorairõta jaguarete katu itáicha okirirĩta.	TENSE:FUT_SIM
Ha’e ojupi kuri ku mbói oñorairõ	Ha’e ojupi kuri hína ku mbói oñorairõ hína	ASPECT:IPFV
Peẽ napejapómi ogyke pokã ha’e ombojerekuri umi kutuhakuéra poro’o	Nde nderejapómi ogyke pokã nde rembojerekuri umi kutuhakuéra tuicháva	PERSON:2_SI
Peê penderasy	Peê penderasy	NOCHANGE
Nde reñembosarái hína ha’e ombojára kuri mbovy apekuéra	Che añembosarái hína che ambojára kuri mbovy apekuéra	PERSON:1_SI
Ore rokuave’ẽ umi tembi’ukuéra pytagua	Ore rokuave’ẽ umi tembi’ukuéra pytagua	NOCHANGE
Jaguarete katu itáicha okirirĩ. pakova roguépe omo’â hembi’ukuéra.	Nde katu itáicha rekirirĩ. pakova roguépe remo’â nderembi’ukuéra.	PERSON:2_SI
Che akũmbymi	Che akũmbymi	NOCHANGE
Che ndambotujamoái che ogyke - Che ndambyaimoái che ogyke	Che ndambotujamoái che ogyke - Che ndambyaimoái che ogyke	NOCHANGE
He’i ka’i ruvicha ta’ýra kuérape pakova roguépe omo’â hembi’ukuéra.	Nde, ka’i ruvicha ere nde ta’yrakuérape pakova roguépe remo’â nderembi’ukuéra.	PERSON:2_SI
Ha’e ojupi kuri pakova roguépe omo’â hembi’ukuéra.	Che ajupi kuri pakova roguépe amo’â cherembi’ukuéra.	PERSON:1_SI
Pakova roguépe pemo’â penderembi’ukuéra.	Pakova roguépe pemo’â penderembi’ukuéra.	NOCHANGE
Che nañemoingeta ha’e ndombojaruita	Nde nareñemoingeta nde nderembojarui mo’ãi	PERSON:2_SI
He’i ka’i ruvicha ta’ýra kuérape ko mombe’upy ohenduká kuri chéve che ru.	Nde, ka’i ruvicha ere nde ta’yrakuérape ko mombe’upy emohenduká kuri chéve nde.	PERSON:2_SI
Ha’e ombojára kuri mbovy apekuéra apurahéi kuri	Ha’e ndombojárai kuri mbovy apekuéra ndapurahéi kuri	TYPE:NEG
Che nañemoingeta nde nderejapói	Che añemoingeta nde rejapo	TYPE:AFF
Pakova roguépe omo’â hembi’ukuéra. ko mombe’upy ohenduká kuri chéve che ru.	Pakova roguépe pemo’â penderembi’ukuéra. ko mombe’upy pemohenduká kuri chéve peê.	PERSON:2_PL
Ha’ekuéra naiñemoñaréi kuri nde nderejapói	Ha’ekuéra oñemoñaréi kuri nde rejapo	TYPE:AFF
Ndacherásyi	Ndacherásyi	NOCHANGE
Jaguarete katu itáicha okirirĩ. pakova roguépe omo’â hembi’ukuéra.	Jaguarete katu itáicha ndokirirĩ. pakova roguépe ndomo’âi hembi’ukuéra.	TYPE:NEG
Che nañemoingeimi	Che nañemoingeimi	NOCHANGE
Peẽ napejapómi ogyke pokã che nañemoingeta	Nde nderejapómi ogyke pokã nde nareñemoingeta	PERSON:2_SI
Umi mbóikuera oñorairõ	Umi mbóikuera oñorairõ	NOCHANGE
Ñande rasy	Ñande rasy	NOCHANGE
Ko po ojupi ha’e ombojerekuri umi kutuhakuéra poro’o	Ko po ndojupíri ha’e ndombojereikuri umi kutuhakuéra tuicháva	TYPE:NEG
Amo ñemuha osapukái kuri hína	Amo ñemuha osapukái kuri hína	NOCHANGE
Upérö (che) añani hína kuri ha’ekuéra naiñemoñaréi kuri	Upérõ (che) añani hína ha’ekuéra ndoñemoñaréi	TENSE:PRE_SIM
Ko po ojupi ha’ekuéra naiñemoñaréi kuri	Ko po ojupíta ha’ekuéra naiñemoñaréita	TENSE:FUT_SIM
Che rasy peẽ napejapómi ogyke pokã	Ore rorasy ore norojapómi ogyke pokã	PERSON:1_PL_EXC
Ore ndorokuave’ẽi umi tembi’ukuéra pytagua ha’e ojupi kuri	Ñande ndañakuave’ẽi umi tembi’ukuéra pytagua ñande jajupi kuri	PERSON:1_PL_INC
Ijuru ñeimo’ã’ỹva ndojurai che aovevekuéra	Ijuru ñeimo’ã’ỹva ndojurai che aovevekuéra	NOCHANGE
Ko po ojupi	Ko po ojupi	NOCHANGE
Ha’e ojupi kuri ha’e ndombojaruita	Ha’e ojupi kuri hína ha’e ndombojaruita hína	ASPECT:IPFV
Amo ñemuha osapukái kuri apurahéi kuri	Amo ñemuha osapukáita apurahéitta	TENSE:FUT_SIM
Temirendukuéra omongakuaa ko mombe’upy ohenduká kuri chéve che ru.	Temirendukuéra ndomongakuaai ko mombe’upy ndohenduká kuri chéve che ru.	TYPE:NEG
Che rasy ama oikomi ka’aguy hovy’ûvare	Ndacherásyi ama ndoikomi ka’aguy hovy’ûvare	TYPE:NEG
Ore rorasy	Ore rorasy	NOCHANGE
Pakova roguépe omo’â hembi’ukuéra. okũmbymi hikuái	Pakova roguépe amo’â cherembi’ukuéra. che akũmbymi	PERSON:1_SI
Che rasy he’i ka’i ruvicha ta’ýra kuérape	Nde nderasy nde, ka’i ruvicha ere nde ta’yrakuérape	PERSON:2_SI
Pohanohára akãguapy ndombovuta upérö (che) añani hína kuri	Pohanohára akãguapy ndombovúiva’ekue upérõ (che) añanihínava’ekue	TENSE:PAS_PLU
Ha’e nombotujaimi che ogyke - ha’e ndombyaimi che ogyke ha’e oguapy	Nde nderembotujáimi che ogyke - nde nerembyaimi che ogyke nde reguapy	PERSON:2_SI
Pakova roguépe omo’â hembi’ukuéra. he’i ka’i ruvicha ta’ýra kuérape	Pakova roguépe remo’â nderembi’ukuéra. nde, ka’i ruvicha ere nde ta’yrakuérape	PERSON:2_SI
Jaguarete katu itáicha okirirĩ. he’i ka’i ruvicha ta’ýra kuérape	Che katu itáicha akirirĩ. che, ka’i ruvicha, ha’e che ta’yrakuérape	PERSON:1_SI
Ha’e ndombotujaikuri hina che ogyke - Ha’e ndombyaikuri hina che ogyke	Ha’e ndombotujaikuri hina che ogyke - Ha’e ndombyaikuri hina che ogyke	NOCHANGE
Ama oikomi ka’aguy hovy’ûvare ijuru ñeimo’ã’ỹva ndojurata che aovevekuéra - ijuru ñeimo’ã’ỹva ndojuramo’ãi che aovevekuéra	Ama oiko ka’aguy hovy’ûvare ijuru ñeimo’ã’ỹva ndojurai che aovevekuéra	TENSE:PRE_SIM
Ha’e nombotujaimi che ogyke - ha’e ndombyaimi che ogyke he’i ka’i ruvicha ta’ýra kuérape	Nde nderembotujáimi che ogyke - nde nerembyaimi che ogyke nde, ka’i ruvicha ere nde ta’yrakuérape	PERSON:2_SI
Apurahéi kuri mombe’ukuéra omboty kuri pende arete	Apurahéi va’ekue mombe’ukuéra ombotyva’ekue pende arete	TENSE:PAS_PLU
Oipuru hikuái ka’a ha ho’u terere. che mba’éma ko ykua	Oipuruta hikuái ka’a ha ho’uta terere. che mba’éta ko ykua	TENSE:FUT_SIM
Chéngo ndaikuaái upévape. che mba’éma ko ykua	Ndéngo ndereikuaái upévape. nde mba’e ko ykua	PERSON:2_SI
Che aikomi ka’aguy hovy’ûvare	Che aikomi ka’aguy hovy’ûvare	NOCHANGE
Ore temimbo’e tie’ỹ ojapopami	Ore temimbo’e tie’ỹ ojapopami	NOCHANGE
Ha’e oguapýva’ekue	Ha’e oguapýva’ekue	NOCHANGE
Ha’e ndombojaruita ijuru ñeimo’ã’ỹva ndojurata che aovevekuéra - ijuru ñeimo’ã’ỹva ndojuramo’ãi che aovevekuéra	Ha’e ombojaruita ijuru ñeimo’ã’ỹva ojurata che aovevekuéra	TYPE:AFF
Temirendukuéra omongakuaa okũmbymi hikuái	Temirendukuéra ndomongakuaai ndokũmbýimi hikuái	TYPE:NEG
Ha’e ndoguapýi	Ha’e ndoguapýi	NOCHANGE
Apurahéi kuri oipuru hikuái ka’a ha ho’u terere.	Apurahéitta oipuruta hikuái ka’a ha ho’uta terere.	TENSE:FUT_SIM
Temirendukuéra omongakuaa ha’e ombojára kuri mbovy apekuéra	Temirendukuéra ndomongakuaai ha’e ndombojárai kuri mbovy apekuéra	TYPE:NEG
Nde rejupi kuri	Nde rejupi kuri	NOCHANGE
Peẽ napeñanga’uta	Peẽ napeñanga’uta	NOCHANGE
Amo ñemuha osapukái kuri	Amo ñemuha osapukái kuri	NOCHANGE
Che nañemoingeta pohanohára akãguapy ndombovuta	Che añemoingeta pohanohára akãguapy ombovuta	TYPE:AFF
Ko mombe’upy ohenduká kuri chéve che ru. nde reñembosarái hína	Ko mombe’upy ndohenduká kuri chéve che ru. nde nereñembosaráiri hína	TYPE:NEG
Pohanohára akãguapy ndombovuta ore temimbo’e tie’ỹ ojapopami	Pohanohára akãguapy ndombovúiva’ekue ore temimbo’e tie’ỹ ojapopava’ekue	TENSE:PAS_PLU
Ore ndorokuave’ẽi ikóni umi tembi’ukuéra pytagua	Ore ndorokuave’ẽi ikóni umi tembi’ukuéra pytagua	NOCHANGE
Upérõ (che) añani hína	Upérõ (che) añani hína	NOCHANGE
Ama oikomi ka’aguy hovy’ûvare he’i ka’i ruvicha ta’ýra kuérape	Nde reikomi ka’aguy hovy’ûvare nde, ka’i ruvicha ere nde ta’yrakuérape	PERSON:2_SI
Ijuru ñeimo’ã’ỹva ndojuraiva’ekue che aovevekuéra	Ijuru ñeimo’ã’ỹva ndojuraiva’ekue che aovevekuéra	NOCHANGE
Temirendukuéra omongakuaa oipuru hikuái ka’a ha ho’u terere.	Temirendukuéra omongakuaata oipuruta hikuái ka’a ha ho’uta terere.	TENSE:FUT_SIM
Nde reñembosaráita hína	Nde reñembosaráita hína	NOCHANGE
Ama oikomi ka’aguy hovy’ûvare ha’e oguapy	Che aikomi ka’aguy hovy’ûvare che aguapy	PERSON:1_SI
Peẽ napejapómi ogyke pokã ku mbói oñorairõ	Ha’ekuéra nojapómi ogyke pokã umi mbóikuera oñorairõ	PERSON:3_PL
Che rasy	Che rasy	NOCHANGE
Jaguarete katu itáicha okirirĩ. apurahéi kuri	Jaguarete katu itáicha okirirĩta. apurahéitta	TENSE:FUT_SIM
Temirendukuéra omongakuaa ha’e ojupi kuri	Temirendukuéra omongakuaata ha’e ojupita	TENSE:FUT_SIM
Amo ñemuha osapukái kuri he’i ka’i ruvicha ta’ýra kuérape	Amo ñemuha nosapukái kuri he’i ka’i ruvicha ita’ýrakuérape	TYPE:NEG
Peẽ napejapómi ogyke pokã che rasy	Ore norojapómi ogyke pokã ore rorasy	PERSON:1_PL_EXC
Peẽ napejapómi ogyke pokã che rasy	Nde nderejapómi ogyke pokã nde nderasy	PERSON:2_SI
Oipuru hikuái ka’a ha ho’u terere. okũmbymi hikuái	Ndoipurui hikuái ka’a térã ho’u terere. ndokũmbýimi hikuái	TYPE:NEG
Nde nderemoheñói ha’e ndombojaruita	Nde remoheñói ha’e ombojaruita	TYPE:AFF
Amo ñemuha osapukái kuri mombe’ukuéra omboty kuri pende arete	Amo ñemuha nosapukái kuri mombe’ukuéra ndombotyi kuri pende arete	TYPE:NEG
Ko po ojupi ha’e ojupi kuri	Ko po ndojupíri ha’e ndojupirí kuri	TYPE:NEG
Ha’e oguapy ijuru ñeimo’ã’ỹva ndojurata che aovevekuéra - ijuru ñeimo’ã’ỹva ndojuramo’ãi che aovevekuéra	Ha’e oguapýva’ekue ijuru ñeimo’ã’ỹva ndojuraiva’ekue che aovevekuéra	TENSE:PAS_PLU
Ha’e nombotujaimi che ogyke - ha’e ndombyaimi che ogyke che nañemoingeta	Nde nderembotujáimi che ogyke - nde nerembyaimi che ogyke nde nareñemoingeta	PERSON:2_SI
Che mba’éma ko ykua okũmbymi hikuái	Che mba’éta ko ykua okũmbyta hikuái.	TENSE:FUT_SIM
Nde nderejapói apurahéi kuri	Ha’ekuéra ndojapói ha’ekuéra opurahéikuri	PERSON:3_PL
Mombe’ukuéra omboty kuri pende arete ha’e ombojerekuri umi kutuhakuéra poro’o	Mombe’ukuéra omboty kuri hína pende arete ha’e ombojerehina kuri umi kutuhakuéra tuicháva	ASPECT:IPFV
Ko po ojupi mombe’ukuéra omboty kuri pende arete	Ko po ojupíhina mombe’ukuéra omboty kuri hína pende arete	ASPECT:IPFV
Nde nderasy	Nde nderasy	NOCHANGE
Che ajavými iñeikotevẽva akuápe okũmbymi hikuái	Che ajavýta iñeikotevẽva akuápe okũmbyta hikuái.	TENSE:FUT_SIM
Nde reñembosarái	Nde reñembosarái	NOCHANGE
Ha’e ombojára kuri mbovy apekuéra ama oikomi ka’aguy hovy’ûvare	Che ambojára kuri mbovy apekuéra che aikomi ka’aguy hovy’ûvare	PERSON:1_SI
Mombe’ukuéra omboty kuri pende arete apurahéi kuri	Mombe’ukuéra omboty kuri hína pende arete apurahéihina kuri	ASPECT:IPFV
Ama oikomi ka’aguy hovy’ûvare	Ama oikomi ka’aguy hovy’ûvare	NOCHANGE
Che ajavými iñeikotevẽva akuápe ko po ojupi	Che ndajavýimi iñeikotevẽva akuápe ko po ndojupíri	TYPE:NEG
Ha’e ojupi kuri ko mombe’upy ohenduká kuri chéve che ru.	Ha’e ojupita ko mombe’upy ohendukáta chéve che ru.	TENSE:FUT_SIM
Che rasy jaguarete katu itáicha okirirĩ.	Ndacherásyi jaguarete katu itáicha ndokirirĩ.	TYPE:NEG
Ha’e ombojára kuri mbovy apekuéra	Ha’e ombojára kuri mbovy apekuéra	NOCHANGE
Mombe’ukuéra omboty kuri pende arete temirendukuéra omongakuaa	Mombe’ukuéra ombotyta pende arete temirendukuéra omongakuaata	TENSE:FUT_SIM
Nde, ka’i ruvicha ere nde ta’yrakuérape	Nde, ka’i ruvicha ere nde ta’yrakuérape	NOCHANGE
Okũmbymi hikuái mombe’ukuéra omboty kuri pende arete	Ndokũmbýimi hikuái mombe’ukuéra ndombotyi kuri pende arete	TYPE:NEG
Upérö (che) añani hína kuri che rasy	Upérõ (nde) reñanihínakuri nde nderasy	PERSON:2_SI
Pakova roguépe omo’â hembi’ukuéra. che ajavými iñeikotevẽva akuápe	Pakova roguépe pemo’â penderembi’ukuéra. nde rejavýimi iñeikotevẽva akuápe	PERSON:2_PL
Ama oikomi ka’aguy hovy’ûvare ha’e nombotujaimi che ogyke - ha’e ndombyaimi che ogyke	Nde reikomi ka’aguy hovy’ûvare nde nderembotujáimi che ogyke - nde nerembyaimi che ogyke	PERSON:2_SI
Peẽ napemongyrái kuri	Peẽ napemongyrái kuri	NOCHANGE
Che rasy apurahéi kuri	Che rasypota hina apurahéihina kuri	ASPECT:IPFV
Mombe’ukuéra omboty kuri hína pende arete	Mombe’ukuéra omboty kuri hína pende arete	NOCHANGE
Pakova roguépe omo’â hembi’ukuéra. okũmbymi hikuái	Pakova roguépe ndomo’âi hembi’ukuéra. ndokũmbýimi hikuái	TYPE:NEG
Ko mombe’upy ohenduká kuri chéve che ru. ha’e oguapy	Ko mombe’upy emohenduká kuri chéve nde. nde reguapy	PERSON:2_SI
Jaguarete katu itáicha okirirĩ. che nañemoingeta	Nde katu itáicha rekirirĩ. nde nareñemoingeta	PERSON:2_SI
Ore temimbo’e tie’ỹ ojapopami ku mbói oñorairõ	Ore temimbo’e tie’ỹ nojapopami ku mbói noñorairõi	TYPE:NEG
Che añemoingeta	Che añemoingeta	NOCHANGE
Ore ndorokuave’ẽi umi tembi’ukuéra pytagua temirendukuéra omongakuaa	Ore ndorokuave’ẽimi umi tembi’ukuéra pytagua temirendukuéra omongakuaami	TENSE:PAS_IMP
Nde rejavýimi iñeikotevẽva akuápe	Nde rejavýimi iñeikotevẽva akuápe	NOCHANGE
Ha’e oguapy	Ha’e oguapy	NOCHANGE
Mombe’ukuéra omboty kuri pende arete che ajavými iñeikotevẽva akuápe	Mombe’ukuéra ombotyta pende arete che ajavýta iñeikotevẽva akuápe	TENSE:FUT_SIM
Ha’ekuéra naiñemoñaréi kuri oipuru hikuái ka’a ha ho’u terere.	Ha’ekuéra naiñemoñaréita oipuruta hikuái ka’a ha ho’uta terere.	TENSE:FUT_SIM
Oipuru hikuái ka’a ha ho’u terere. ha’ekuéra naiñemoñaréi kuri	Ñande jaipuru ka’a ha ja’u terere. ñande naiñañemoñaréi kuri	PERSON:1_PL_INC
Okũmbymi hikuái upérö (che) añani hína kuri	Ñande ñakũmbýimi upérõ (ñande) ñañanihínakuri	PERSON:1_PL_INC
Amo ñemuha osapukái kuri ko mombe’upy ohenduká kuri chéve che ru.	Amo ñemuha nosapukái kuri ko mombe’upy ndohenduká kuri chéve che ru.	TYPE:NEG
Peẽ peko’õimi	Peẽ peko’õimi	NOCHANGE
Ko mombe’upy ohenduká kuri chéve che ru. amo ñemuha osapukái kuri	Ko mombe’upy ndohenduká kuri chéve che ru. amo ñemuha nosapukái kuri	TYPE:NEG
Nde reñembosarái hína ore ndorokuave’ẽi umi tembi’ukuéra pytagua	Nde reñembosarái ikóni ore ndorokuave’ẽi ikóni umi tembi’ukuéra pytagua	ASPECT:INM
Amo ñemuha osapukái kuri temirendukuéra omongakuaa	Amo ñemuha nosapukái kuri temirendukuéra ndomongakuaai	TYPE:NEG
Pakova roguépe omo’â hembi’ukuéra. chéngo ndaikuaái upévape.	Pakova roguépe remo’â nderembi’ukuéra. ndéngo ndereikuaái upévape.	PERSON:2_SI
Che nañemoingeta chéngo ndaikuaái upévape.	Che añemoingeta chéngo aikuaá upévape.	TYPE:AFF
Nde reguapy	Nde reguapy	NOCHANGE
Nde reñembosarái hína amo ñemuha osapukái kuri	Nde nereñembosaráiri hína amo ñemuha nosapukái kuri	TYPE:NEG
Ñande jaipuru ka’a ha ja’u terere.	Ñande jaipuru ka’a ha ja’u terere.	NOCHANGE
Ha’e ndombojaruita	Ha’e ndombojaruita	NOCHANGE
Ko mombe’upy ohenduká kuri chéve che ru. ku mbói oñorairõ	Ko mombe’upy ohendukáta chéve che ru. ku mbói oñorairõta	TENSE:FUT_SIM
Ha’e oguapy che mba’éma ko ykua	Nde reguapy nde mba’e ko ykua	PERSON:2_SI
Chéngo aikuaá upévape.	Chéngo aikuaá upévape.	NOCHANGE
Ore norojapómi ogyke pokã	Ore norojapómi ogyke pokã	NOCHANGE
Okũmbymi hikuái amo ñemuha osapukái kuri	Ndokũmbýimi hikuái amo ñemuha nosapukái kuri	TYPE:NEG
Ha’e nombotujaimi che ogyke - ha’e ndombyaimi che ogyke peẽ napejapómi ogyke pokã	Ñande ndañambotujáimi che ogyke - ñande ndañambyaimi che ogyke ñande najajapómi ogyke pokã	PERSON:1_PL_INC
Ha’e oguapy nde reñembosarái hína	Ha’e oguapýkuri nde reñembosarái kuri hína	TENSE:PAS_REC
Ore temimbo’e tie’ỹ ojapopami ku mbói oñorairõ	Ore temimbo’ekuéra tie’ỹ ojapopami umi mbóikuera oñorairõ	PERSON:3_PL
Jaguarete katu itáicha okirirĩ. pakova roguépe omo’â hembi’ukuéra.	Che katu itáicha akirirĩ. pakova roguépe amo’â cherembi’ukuéra.	PERSON:1_SI
Peẽ napejapómi ogyke pokã	Peẽ napejapómi ogyke pokã	NOCHANGE
Ku mbói oñorairõ ha’ekuéra naiñemoñaréi kuri	Ku mbói oñorairõta ha’ekuéra naiñemoñaréita	TENSE:FUT_SIM
Ha’e ojupi kuri ha’e ombojerekuri umi kutuhakuéra poro’o	Nde rejupi kuri nde rembojerekuri umi kutuhakuéra tuicháva	PERSON:2_SI
Ha’e ndombojaruita ore ndorokuave’ẽi umi tembi’ukuéra pytagua	Che ndambojaruita che ndaikuave’ẽi umi tembi’ukuéra pytagua	PERSON:1_SI
Che mba’éma ko ykua jaguarete katu itáicha okirirĩ.	Ndachemba’ei ko ykua jaguarete katu itáicha ndokirirĩ.	TYPE:NEG
Ñande najajapómi ogyke pokã	Ñande najajapómi ogyke pokã	NOCHANGE
Che rasy upérö (che) añani hína kuri	Ñande rasy upérõ (ñande) ñañanihínakuri	PERSON:1_PL_INC
Che ajavými iñeikotevẽva akuápe temirendukuéra omongakuaa	Che ajavýta iñeikotevẽva akuápe temirendukuéra omongakuaata	TENSE:FUT_SIM
Ku mbói oñorairõ hína	Ku mbói oñorairõ hína	NOCHANGE
Peẽ napejapómi ogyke pokã ore ndorokuave’ẽi umi tembi’ukuéra pytagua	Peẽ pejapomi ogyke pokã ore rokuave’ẽ umi tembi’ukuéra pytagua	TYPE:AFF
Ha’e opovyvy kuri	Ha’e opovyvy kuri	NOCHANGE
Ha’ekuéra naiñemoñaréi kuri upérö (che) añani hína kuri	Ha’ekuéra naiñemoñaréita upérõ (che) añanita hína	TENSE:FUT_SIM
Temirendukuéra omongakuaa che mba’éma ko ykua	Temirendukuéra omongakuaata che mba’éta ko ykua	TENSE:FUT_SIM
Nde reñembosarái ikóni	Nde reñembosarái ikóni	NOCHANGE
Jaguarete katu itáicha okirirĩ. ku mbói oñorairõ	Jaguarete katu itáicha ndokirirĩ. ku mbói noñorairõi	TYPE:NEG
Che rasy che ajavými iñeikotevẽva akuápe	Ndacherásyi che ndajavýimi iñeikotevẽva akuápe	TYPE:NEG
Ko mombe’upy ohenduká kuri chéve che ru. ore temimbo’e tie’ỹ ojapopami	Ko mombe’upy ohenduka chéve che ru. ore temimbo’e tie’ỹ ojapopa	TENSE:PRE_SIM
He’i ka’i ruvicha ta’ýra kuérape	He’i ka’i ruvicha ta’ýra kuérape	NOCHANGE
Ha’e ojupi kuri ko mombe’upy ohenduká kuri chéve che ru.	Nde rejupi kuri ko mombe’upy emohenduká kuri chéve nde.	PERSON:2_SI
Ha’e ombojára kuri mbovy apekuéra pakova roguépe omo’â hembi’ukuéra.	Ha’e ndombojárai kuri mbovy apekuéra pakova roguépe ndomo’âi hembi’ukuéra.	TYPE:NEG
Pohanohára akãguapy ndombovuta ore temimbo’e tie’ỹ ojapopami	Pohanohára akãguapy ndombovúi ore temimbo’e tie’ỹ ojapopa	TENSE:PRE_SIM
Ijuru ñeimo’ã’ỹva ndojurata che aovevekuéra - ijuru ñeimo’ã’ỹva ndojuramo’ãi che aovevekuéra ore temimbo’e tie’ỹ ojapopami	Ijuru ñeimo’ã’ỹva ndojurai che aovevekuéra ore temimbo’e tie’ỹ ojapopa	TENSE:PRE_SIM
Ha’e ombojára kuri mbovy apekuéra he’i ka’i ruvicha ta’ýra kuérape	Nde rembojára kuri mbovy apekuéra nde, ka’i ruvicha ere nde ta’yrakuérape	PERSON:2_SI
Ore temimbo’e tie’ỹ ojapopami pakova roguépe omo’â hembi’ukuéra.	Ore temimbo’e tie’ỹ nojapopami pakova roguépe ndomo’âi hembi’ukuéra.	TYPE:NEG
Ko mombe’upy ohenduká kuri chéve che ru. ama oikomi ka’aguy hovy’ûvare	Ko mombe’upy ohenduka chéve che ru. ama oiko ka’aguy hovy’ûvare	TENSE:PRE_SIM
Oipuru hikuái ka’a ha ho’u terere. ha’e oguapy	Ndoipurui hikuái ka’a térã ho’u terere. ha’e ndoguapýi	TYPE:NEG
Peẽ napejapómi ogyke pokã ijuru ñeimo’ã’ỹva ndojurata che aovevekuéra - ijuru ñeimo’ã’ỹva ndojuramo’ãi che aovevekuéra	Peẽ napejapói kuri ogyke pokã ijuru ñeimo’ã’ỹva ndojurai kuri che aovevekuéra	TENSE:PAS_REC
Chéngo ndaikuaái upévape. pohanohára akãguapy ndombovuta	Chéngo aikuaá upévape. pohanohára akãguapy ombovuta	TYPE:AFF
Ha’e ombotujáta che ogyke - Ha’e ombyaíta che ogyke	Ha’e ombotujáta che ogyke - Ha’e ombyaíta che ogyke	NOCHANGE
Ku mbói oñorairõta	Ku mbói oñorairõta	NOCHANGE
Ha’ekuéra ndoñemoñaréi	Ha’ekuéra ndoñemoñaréi	NOCHANGE
Jaguarete katu itáicha okirirĩ. he’i ka’i ruvicha ta’ýra kuérape	Jaguarete katu itáicha ndokirirĩ. he’i ka’i ruvicha ita’ýrakuérape	TYPE:NEG
Pakova roguépe remo’â nderembi’ukuéra.	Pakova roguépe remo’â nderembi’ukuéra.	NOCHANGE
Mombe’ukuéra omboty kuri pende arete peẽ napejapómi ogyke pokã	Mombe’ukuéra omboty pende arete peẽ napejapói ogyke pokã	TENSE:PRE_SIM
Ha’e oguapy peẽ napejapómi ogyke pokã	Nde reguapy nde nderejapómi ogyke pokã	PERSON:2_SI
Ñande ndañakuave’ẽi umi tembi’ukuéra pytagua	Ñande ndañakuave’ẽi umi tembi’ukuéra pytagua	NOCHANGE
Nde nderemoheñói ha’e ojupi kuri	Ñande ndañamoheñói ñande jajupi kuri	PERSON:1_PL_INC
Che ndajavýimi iñeikotevẽva akuápe	Che ndajavýimi iñeikotevẽva akuápe	NOCHANGE
Ha’e ndombojaruita ama oikomi ka’aguy hovy’ûvare	Che ndambojaruita che aikomi ka’aguy hovy’ûvare	PERSON:1_SI
Nde nderembojarui mo’ãi	Nde nderembojarui mo’ãi	NOCHANGE
Ko mombe’upy emohenduká kuri chéve nde.	Ko mombe’upy emohenduká kuri chéve nde.	NOCHANGE
Amo ñemuha osapukái kuri ha’e oguapy	Amo ñemuha nosapukái kuri ha’e ndoguapýi	TYPE:NEG
Amo ñemuha osapukái kuri ha’e oguapy	Umíva ñemuhakuéra osapukái kuri hikuái oguapy	PERSON:3_PL
Mombe’ukuéra omboty kuri pende arete	Mombe’ukuéra omboty kuri pende arete	NOCHANGE
He’i ka’i ruvicha ta’ýra kuérape apurahéi kuri	He’i ka’i ruvicha ita’ýrakuérape ndapurahéi kuri	TYPE:NEG
Peẽ peñemongetami	Peẽ peñemongetami	NOCHANGE
Ama oiko ka’aguy hovy’ûvare	Ama oiko ka’aguy hovy’ûvare	NOCHANGE
Peẽ napejapómi ogyke pokã ijuru ñeimo’ã’ỹva ndojurata che aovevekuéra - ijuru ñeimo’ã’ỹva ndojuramo’ãi che aovevekuéra	Peẽ napejapói ogyke pokã ijuru ñeimo’ã’ỹva ndojurai che aovevekuéra	TENSE:PRE_SIM
Che mba’éma ko ykua che rasy	Nde mba’e ko ykua nde nderasy	PERSON:2_SI
Ko mombe’upy ohenduká kuri chéve che ru. che rasy	Ko mombe’upy ndohenduká kuri chéve che ru. ndacherásyi	TYPE:NEG
Che rasy nde nderejapói	Ñande rasy ñande ndajajapói	PERSON:1_PL_INC
Ko mombe’upy ohenduká kuri chéve che ru. upérö (che) añani hína kuri	Ko mombe’upy ohenduka chéve che ru. upérõ (che) añani hína	TENSE:PRE_SIM
Ha’ekuéra naiñemoñaréi kuri temirendukuéra omongakuaa	Ha’ekuéra naiñemoñaréita temirendukuéra omongakuaata	TENSE:FUT_SIM
Che rasy amo ñemuha osapukái kuri	Ndacherásyi amo ñemuha nosapukái kuri	TYPE:NEG
Upérö (che) añani hína kuri che rasy	Upérõ (che) añanihínava’ekue che cherasy va’ekue	TENSE:PAS_PLU
Nde reñembosarái hína	Nde reñembosarái hína	NOCHANGE
Che ajavy iñeikotevẽva akuápe	Che ajavy iñeikotevẽva akuápe	NOCHANGE
Nde nareñemoingeta	Nde nareñemoingeta	NOCHANGE
Che mba’éma ko ykua che ajavými iñeikotevẽva akuápe	Che mba’éta ko ykua che ajavýta iñeikotevẽva akuápe	TENSE:FUT_SIM
He’i ka’i ruvicha ta’ýra kuérape ha’e ndombojaruita	Che, ka’i ruvicha, ha’e che ta’yrakuérape che ndambojaruita	PERSON:1_SI
Umi kuaaukahárakuéra oñemongeta kuri	Umi kuaaukahárakuéra oñemongeta kuri	NOCHANGE
Ha’ekuéra oñemoñaréi kuri	Ha’ekuéra oñemoñaréi kuri	NOCHANGE
Ha’ekuéra ndomoheñoi	Ha’ekuéra ndomoheñoi	NOCHANGE
Umíva ñemuhakuéra osapukái kuri	Umíva ñemuhakuéra osapukái kuri	NOCHANGE
Upérö (che) añani hína kuri chéngo ndaikuaái upévape.	Upérõ (nde) reñanihínakuri ndéngo ndereikuaái upévape.	PERSON:2_SI
Ku mbói oñorairõ ore temimbo’e tie’ỹ ojapopami	Umi mbóikuera oñorairõ ore temimbo’ekuéra tie’ỹ ojapopami	PERSON:3_PL
Che mba’éma ko ykua ha’e ombojára kuri mbovy apekuéra	Ndachemba’ei ko ykua ha’e ndombojárai kuri mbovy apekuéra	TYPE:NEG
Ko po ojupi ha’e ombojára kuri mbovy apekuéra	Ko po ojupíhina ha’e ombojára kuri hína mbovy apekuéra	ASPECT:IPFV
Ha’ekuéra naiñemoñaréi kuri pohanohára akãguapy ndombovuta	Ha’ekuéra oñemoñaréi kuri pohanohára akãguapy ombovuta	TYPE:AFF
Mombe’ukuéra omboty kuri pende arete ha’e oguapy	Mombe’ukuéra ombotyta pende arete ha’e oguapýta	TENSE:FUT_SIM
Mombe’ukuéra omboty kuri pende arete ore temimbo’e tie’ỹ ojapopami	Mombe’ukuéra ndombotyi kuri pende arete ore temimbo’e tie’ỹ nojapopami	TYPE:NEG
Che ajavými iñeikotevẽva akuápe che rasy	Che ndajavýimi iñeikotevẽva akuápe ndacherásyi	TYPE:NEG
Ku mbói oñorairõ che mba’éma ko ykua	Ku mbói noñorairõi ndachemba’ei ko ykua	TYPE:NEG
Che mba’éma ko ykua jaguarete katu itáicha okirirĩ.	Nde mba’e ko ykua nde katu itáicha rekirirĩ.	PERSON:2_SI
Ha’e ombotujaimi che ogyke - Ha’e ombyaimi che ogyke	Ha’e ombotujaimi che ogyke - Ha’e ombyaimi che ogyke	NOCHANGE
Ha’ekuéra nojapómi ogyke pokã	Ha’ekuéra nojapómi ogyke pokã	NOCHANGE
Mombe’ukuéra omboty kuri pende arete upérö (che) añani hína kuri	Mombe’ukuéra omboty pende arete upérõ (che) añani hína	TENSE:PRE_SIM
Ama oikomi ka’aguy hovy’ûvare ha’e oguapy	Nde reikomi ka’aguy hovy’ûvare nde reguapy	PERSON:2_SI
Ha’e ombojára kuri mbovy apekuéra che ajavými iñeikotevẽva akuápe	Ha’e ndombojárai kuri mbovy apekuéra che ndajavýimi iñeikotevẽva akuápe	TYPE:NEG
Ha’ekuéra naiñemoñaréi kuri ha’e nombotujaimi che ogyke - ha’e ndombyaimi che ogyke	Ha’ekuéra naiñemoñaréita ha’e ombotujáta che ogyke - ha’e ombyaíta che ogyke	TENSE:FUT_SIM
Amo ñemuha osapukái kuri mombe’ukuéra omboty kuri pende arete	Amo ñemuha osapukáiva’ekue mombe’ukuéra ombotyva’ekue pende arete	TENSE:PAS_PLU
Apurahéitta	Apurahéitta	NOCHANGE
Ha’e ojupi kuri ha’e ombojerekuri umi kutuhakuéra poro’o	Ha’e ndojupirí kuri ha’e ndombojereikuri umi kutuhakuéra tuicháva	TYPE:NEG
Ha’e nombotujaimi che ogyke - Ha’e ndombyaimi che ogyke	Ha’e nombotujaimi che ogyke - Ha’e ndombyaimi che ogyke	NOCHANGE
Apurahéi kuri ha’e oguapy	Apurahéi va’ekue ha’e oguapýva’ekue	TENSE:PAS_PLU
Che rasy ha’e ombojerekuri umi kutuhakuéra poro’o	Che rasypota hina ha’e ombojerehina kuri umi kutuhakuéra tuicháva	ASPECT:IPFV
