Che ajavými iñeikotevẽva akuápe	Che ajavými iñeikotevẽva akuápe	NOCHANGE
Ñande jajupi kuri	Ñande jajupi kuri	NOCHANGE
Ore ndorokuave’ẽi umi tembi’ukuéra pytagua	Ore ndorokuave’ẽi umi tembi’ukuéra pytagua	NOCHANGE
Ore norojapómi ogyke pokã	Ore norojapómi ogyke pokã	NOCHANGE
Ha’ekuéra naiñemoñaréita	Ha’ekuéra naiñemoñaréita	NOCHANGE
Che rasypota hina	Che rasypota hina	NOCHANGE
Ijuru ñeimo’ã’ỹva ndojurai kuri che aovevekuéra	Ijuru ñeimo’ã’ỹva ndojurai kuri che aovevekuéra	NOCHANGE
Amo ñem’uha osaptkáki kuri	Ndamo ñem’uha osaptkáki kuri	TYPE:NEG
Ha’e oguapýkuri	Ha’e oguapýkuri	NOCHANGE
Ha’e opovyvy kuri	Ha’e opovyvy kuri	NOCHANGE
Ha’e omẽbojerekurëi umi kutuhakuéýa poro’o	Ha’e omẽbojerekurëi umi kutuhakuéýa poro’íhona	ASPECT:IPFV
Temirendukuéra omongakuaata	Temirendukuéra omongakuaata	NOCHANGE
Mombe’ukuéra ombotyta pende arete	Mombe’ukuéra ombotyta pende arete	NOCHANGE
Che mba’éma ko ykua	Che mba’éma ko ykua	NOCHANGE
Nde reñembosaráita hína	Nde reñembosaráita hína	NOCHANGE
Upérõ (che) añanita hína	Upérõ (che) añanita hína	NOCHANGE
Ijuru ñeimo’ã’ỹvr ndojuýatau che aovevekýuoyéra - ijuru ñei,m’ã’ỹva ndjuramo’ãi ce aoyevekuéra	Ijuru ñeimo’ã’ỹvr ndojuýatau che aovevekýuoyéra - ijuru ñei,m’ã’ỹva ndjuramo’ãi ce aoyevehinakuéra	ASPECT:IPFV
Amo ñem’uha osaptkáki kuri	Amo ñem’uha osaptkáki kurimi	TENSE:PAS_IMP
Ha’e oguapy	Ha’e oguapy	NOCHANGE
Ha’ekuéra opurahéikuri	Ha’ekuéra opurahéikuri	NOCHANGE
Ha’e nombotujaimi che ogyke - Ha’e ndombyaimi che ogyke	Ha’e nombotujaimi che ogyke - Ha’e ndombyaimi che ogyke	NOCHANGE
Ko mombe’upy pemohenduká kuri chéve peê.	Ko mombe’upy pemohenduká kuri chéve peê.	NOCHANGE
Ore ndorokuave’ẽi ikóni umi tembi’ukuéra pytagua	Ore ndorokuave’ẽi ikóni umi tembi’ukuéra pytagua	NOCHANGE
Ore temimbo’e tie’ỹ ojapopava’ekue	Ore temimbo’e tie’ỹ ojapopava’ekue	NOCHANGE
Peẽ napejapómi ogyke pokã	Peẽ napejapómi ogyke pokã	NOCHANGE
Ndu ndereẽmohekëói	Ndu ndereẽmohekëói hína	ASPECT:IPFV
Cũi rasy	Cũi rasykuri	TENSE:PAS_REC;TYPE:AFF
Nde nderembojarui mo’ãi	Nde nderembojarui mo’ãi	NOCHANGE
Ba’e obduph kuri	Ba’e obdkuri hina uph kuri	TENSE:PAS_REC
Ama oiko ka’aguy hovy’ûvare	Ama oiko ka’aguy hovy’ûvare	NOCHANGE
Ha’e nombotãjaimi che ogyke - ha’e ndombyaimi che ogyke	Ha’e nombotãjaimi ikóni che ogyke - ha’e ndombyaimi che ogyke	ASPECT:INM
Ore ndorokuave’ẽi umi tebi’ukuéra p(tagua	Ore ndorokuave’ẽi umi tebi’ukuéra p(taguíhana	ASPECT:IPFV
Ha’e nombotãjaimi che ogyke - ha’e ndombyaimi che ogyke	Ha’end nombiotãjaimi che ogyke - ha’e ndombyaimi che ogyke	TYPE:NEG
Che ajavými iñeikotevẽva iakuápe	Che ajavými indñeikotievẽva iakuápe	TYPE:NEG
Ore ndorêkuave’ẽi umi tiaemi’uka pyt.guê	Ore ndorêiku hínaave’ẽi umi tiaemi’uka pyt.guê	ASPECT:IPFV
Ore ndorokuave’ẽi umi tebi’ukuéra pytagua	Ore ndorokuave’ẽi umi tebi’ukuéran pytaguai	TYPE:NEG
Rde reñembosarei hína	Rde reñembosanrei hínai	TYPE:NEG
Amo ñemuha sapu)ái kuri	Umíva ñemuhakuéra sapu)ái kuri	PERSON:3_PL
Ore ndorokuave’ẽi umi te,bi’dukuéra pytagua	Ore ndorokuave’ẽi umi te,bi’dukuérakuri hina  pytagua	TENSE:PAS_REC
Umi kuaaukahárakuéra oñemongeta kuri	Umi kuaaukahárakuéra oñemongeta kuri	NOCHANGE
Ore ndorokuave’ẽi umi taemi’uka pyt.gua	Ore ndorokuave’ẽi umi taemi’undka pyt.guai	TYPE:NEG
Aâpurahéni(a kuri	Aâpurahérakueni(a kúiri	PERSON:3_PL
Peẽ peko’õimi	Peẽ peko’õimi	NOCHANGE
Ijuru ñeimo’ã’ỹva ndojurata che aovevekuéra - ijuru ñeimo’ã’ỹva ndojurao’ãi che aovevekuéra	Ijuru ñeimo’ã’ỹva ndojurata che aovevekuéra - ijuru ñeimo’ã’ỹva ndojuraond’ãi cihe aovevekuéra	TYPE:NEG
Che ajavýimi hína iñeikotevẽva akuápe	Che ajavýimi hína iñeikotevẽva akuápe	NOCHANGE
Ha’ekuéra osãmbyhy	Ha’ekuéra osãmbyhy	NOCHANGE
Ha’e nombotujaimi che) ogyke  ha’e ndomcyaimi che ëgyke	Ha’e nombotujaimi che) ogyke  ha’e ndomcyaimi che ëkuri gyke	TENSE:PAS_REC
Ku mbbi oñorairõ	Ku mbbin oñorairõ	TYPE:NEG
Ha’e ombjeyrekuri umip kutuhauéra poro’o	Ha’e ombjeyrekuri umip kutuhaundéra príoro’o	TYPE:NEG
Temirendukuéra omongakuaami	Temirendukuéra omongakuaami	NOCHANGE
Ndacherásyi	Ndacherásyi	NOCHANGE
Okũmbymi hikuái	Okũmbymi hikuái	NOCHANGE
Che akũmbymi	Che akũmbymi	NOCHANGE
Che ndaikuave’ẽi umi tembi’ukuéra pytagua	Che ndaikuave’ẽi umi tembi’ukuéra pytagua	NOCHANGE
Umíva ñemuhakuéra osapukái kuri	Umíva ñemuhakuéra osapukái kuri	NOCHANGE
Temirendukuéra omongakuaa	Temirendukuéra omongakuaa	NOCHANGE
Peẽ pejapomi ogyke pokã	Peẽ pejapomi ogyke pokã	NOCHANGE
Amo ñemuha nosapukái kuri	Amo ñemuha nosapukái kuri	NOCHANGE
Ijuru ñeimo’ã’ỹva ndojuýata che aovevekuoyéra - ijuru ñei,m’ã’ỹva ndjuramo’ãi ce aoyevekuéra	Ijuru ñeimo’ã’ỹva ndojuýata che aovevekuoyéra - ijuru ñei,m’ã’ỹva ndjuramo’ãi ce aoyevekuértaa	TENSE:FUT_SIM
Ha’ekuéra oñembosarái hína	Ha’ekuéra oñembosarái hína	NOCHANGE
Che ajavými iñeikoteñvẽva akuápe	Che ajavými iñeikoteñvẽvkuri hina a akuápe	TENSE:PAS_REC
Ijuru ñeimo’ã’ỹva ndojuraiva’ekue che aovevekuéra	Ijuru ñeimo’ã’ỹva ndojuraiva’ekue che aovevekuéra	NOCHANGE
Che rasy	Che rasy	NOCHANGE
Mombe’ukuéra oýboty kuri prnde arete	Mombe’ukuéra oýboty kuri prnde aretkure	TENSE:PAS_REC;TYPE:AFF
Ha’e ombotujaimi che ogyke - Ha’e ombyaimi che ogyke	Ha’e ombotujaimi che ogyke - Ha’e ombyaimi che ogyke	NOCHANGE
Kuũ-é (mbó oñoépairõ	Kuũ-é (mbó oñoépkuri airõ	TENSE:PAS_REC
Ore rokuave’ẽ umi tembi’ukuéra pytagua	Ore rokuave’ẽ umi tembi’ukuéra pytagua	NOCHANGE
Ko po ojupíta	Ko po ojupíta	NOCHANGE
Ko mombe’upy oheuduká kuri chéve che ru.	Ko mombe’upy oheuduká kuri chéve cheche ru. va’ekue	TENSE:PAS_PLU
Ku mbói oñoéairõ	Ku mbói oñoéakuérairõ	PERSON:3_PL
Kru ’mbyi oñorairõ	Kru ’mbyi oñohinarairõ	ASPECT:IPFV
Che ndahechái kuri peteĩ óga	Che ndahechái kuri peteĩ óga	NOCHANGE
Ñande jajavýimi iñeikotevẽva akuápe	Ñande jajavýimi iñeikotevẽva akuápe	NOCHANGE
Ha’e oguapýta	Ha’e oguapýta	NOCHANGE
Ha’e ombojerekuri umi kutuhakuéýa poro’o	Ha’e o kurbojerekuri umi kutuhakuéýa poro’o.	TENSE:PAS_REC
Mombe’u omboty kuri pende arete	Mombe’u omboty kuri pende arete	NOCHANGE
Mombe’ukuéra opmboty kuri pende aretñ	Mombe’ukuéra opmboty kuri pndende aretñi	TYPE:NEG
Jaguarete katu itáicha okirirĩ	Jaguandrete katiu itáicha okirirĩ	TYPE:NEG
(a’e ndomaojaruita	(a’e ndomnaojaruita	TYPE:NEG
Chéngo ndaikuaái upévap(.	Chéngo ndiai hínakuaái upévap(.	ASPECT:IPFV
Upérõ (ñande) ñañanihínakuri	Upérõ (ñande) ñañanihínakuri	NOCHANGE
Ha’ekuéra oñemoñaréi kuri	Ha’ekuéra oñemoñaréi kuri	NOCHANGE
Apurahéitta	Apurahéitta	NOCHANGE
Chj nvñvhgoindgeta	Chj nvñvhgoinhinadgeta	ASPECT:IPFV
Che ajavými iñeuátevẽvá akuápe	Che ajavými iñeuátevẽvá akuáptae	TENSE:FUT_SIM
Ha’e o(ýapy	Ha’e o(ýapýva’ekue	TENSE:PAS_PLU
Amo ñemuha osapukái kuri hína	Amo ñemuha osapukái kuri hína	NOCHANGE
Ku mbói oñorairõmi	Ku mbói oñorairõmi	NOCHANGE
Ha’ekuéra ndomoheñoi	Ha’ekuéra ndomoheñoi	NOCHANGE
Nde reñemosdarái hína	Ndnde reñemosdarái hína	TYPE:NEG
Ñapurnhéi kuri	Ñapurnhéi kuripota hina	ASPECT:IPFV
Ko mombe’upy emohenduká kuri chéve nde.	Ko mombe’upy emohenduká kuri chéve nde.	NOCHANGE
Amo ñem’uha osapukáki kuri	Amo ñem’uha osapukáki kuri ikóni	ASPECT:INM
Nde nderejapókuri	Nde nderejapókuri	NOCHANGE
Nde, ka’i ruvicha ere nde ta’yrakuérape	Nde, ka’i ruvicha ere nde ta’yrakuérape	NOCHANGE
Jaguarete katu itáicha okirirĩ	Jaguarete katu itáichakuri hina  okirirĩ	TENSE:PAS_REC
Pohanhára akâãguapy ndombovuta	Pohanhára akâãguapy ombovuta	TYPE:AFF
Ko mombe’upy ohenñduná kuri chévñ che ru.	Ko momtabe’upy ohenñduná kuri chévñta che ru.	TENSE:FUT_SIM
Ama ndoikomi ka’aguy hovy’ûvare	Ama ndoikomi ka’aguy hovy’ûvare	NOCHANGE
Ha’e ombotujáta che ogyke - Ha’e ombyaíta che ogyke	Ha’e ombotujáta che ogyke - Ha’e ombyaíta che ogyke	NOCHANGE
Â’me rasy	Ând’me rasy	TYPE:NEG
Pakova roguépe ndomo’âi hembi’ukuéra.	Pakova roguépe ndomo’âi hembi’ukuéra.	NOCHANGE
Ama oikomi ka’aguy hovy’ûvare	Ama oikomi ka’aguy hovy’ûvare	NOCHANGE
Chéngo ndaikuaái upévape.	Chéngo ndaikuaái upévape.	NOCHANGE
K tmëi- ëppjupi	K tmëi- ëppjupi hína	ASPECT:IPFV
Pakhova roguépe omo’â hembõvukuéra.	Pakhova roguépe omo’â hemndbõvukuéra.i	TYPE:NEG
Da’e ndomöojaruita	Dikuái ndomöojaruita	PERSON:3_PL
Oipuru hikuáíi ka’a ha ho’u tererb.	Oipuru hikuáíndi ka’a ha ho’u tererb.	TYPE:NEG
Ore temimbo’e tie’ỹ ojapopami	Ore temimbo’e tie’ỹ ojapopami	NOCHANGE
Ijuru ñeimo’ã’ỹva ndojurata che aovevekuéra - ijuru ñeimo’ã’ỹva ndojuramo’ãi che aovevekuéba	Ijuru ñeimo’ã’ỹva ndojurata che aovevekuéra - ijuru ñeimo’ã’ỹva ndojuramo’ãi che aovevetakuéba	TENSE:FUT_SIM
Oipuru hikuái ka’a ha ho’u terere.	Oipuru hikuái ka’a ha ho’u terere.	NOCHANGE
Ku mbói oñorairõ hína	Ku mbói oñorairõ hína	NOCHANGE
Ama oikomi k’aguy hovy’ûvare	Ama oikomi k’aguy hovy’hinaûvare	ASPECT:IPFV
Ijuru ñeimo’ã’ỹva ndojurata che óaovevekuéra ,- ijãuru ñeimo’ãỹva ndojuramo’ãi chr aãojvevekuéra	Ijuru ñeimo’ã’ỹva ndojurata che óaovevekuéra ,- ijãuru ñeimo’ãỹva ndojuramo’ãi chr aãojvevekcheuéra kuri	TENSE:PAS_REC
Cchoe raiy	Cchoe raiýva’ekue	TENSE:PAS_PLU
Nde nareñemoingeta	Nde nareñemoingeta	NOCHANGE
Ha’e ombojára kuri hína mbovy apekuéra	Ha’e ombojára kuri hína mbovy apekuéra	NOCHANGE
Temirendu omongakuaa	Temirendu omongakuaa	NOCHANGE
Ore ndorokuave’ẽi um temb’kéa pytagua	Ore ndorokuave’ẽi um temb’kéa pytkuri agua	TENSE:PAS_REC
Upérö (che) añaip hína kuri	Upérö (che) añaip hína kuripota hina	ASPECT:IPFV
Ptakova ëroguépe omo’â hembi’ukué.a.	Ptakneova ëroguépe omo’â hembi’ukriué.a.	TYPE:NEG
Nde nderepapói	Nde nendereripapói	TYPE:NEG
He’i ka’iu ruvicjha ta’ýra kuérape	Ndhe’i ka’iu ruvicjha ta’ýra kuérape	TYPE:NEG
Che añembosarái hína	Che añembosarái hína	NOCHANGE
Ndoipurui hikuái ka’a térã ho’u terere.	Ndoipurui hikuái ka’a térã ho’u terere.	NOCHANGE
Ha’e ombojárata mbovy apekuéra	Ha’e ombojárata mbovy apekuéra	NOCHANGE
K mompbe’upy oheuduká kuri chéve che ru.	K mompbe’upy emoheuduká kuri chéve nde.	PERSON:2_SI
Jaguarete katu itáicha okiirĩ.	Jaguarete katu itáicha oktaiirĩ.	TENSE:FUT_SIM
Ñande naiñañemoñaréi kuri	Ñande naiñañemoñaréi kuri	NOCHANGE
Nde nderemoheñóikuri	Nde nderemoheñóikuri	NOCHANGE
Peẽ napeñanga’uta	Peẽ napeñanga’uta	NOCHANGE
Ore temimbo’e tie’ỹ nojapopami	Ore temimbo’e tie’ỹ nojapopami	NOCHANGE
Ha’e oguapýva’ekue	Ha’e oguapýva’ekue	NOCHANGE
Che nañemoingei	Che nañemoingei	NOCHANGE
Ënde reñdembosarái hína	Ënde reñdembhína osarái hína	ASPECT:IPFV
Ha’e nombotujaimi che ogyke - a’e ndombyaimi che ogyke	Ha’e ombotujáta che ogyke - a’e ombyaíta che ogyke	TENSE:FUT_SIM
Ha’e ndombojaruita	Ha’e ndombojaruita	NOCHANGE
Ore temimbo’ekuéra tie’ỹ ojapopami	Ore temimbo’ekuéra tie’ỹ ojapopami	NOCHANGE
Ko mombe’upy ohendukáta chéve che ru.	Ko mombe’upy ohendukáta chéve che ru.	NOCHANGE
Ha’e ndombotujáiva’ekue che ogyke - Ha’e ndombyaiva’ekue che ogyke	Ha’e ndombotujáiva’ekue che ogyke - Ha’e ndombyaiva’ekue che ogyke	NOCHANGE
Ore ndor(kuave’ẽi mi temb’ukuérud pytagua	Ore nendor(kuave’ẽi mi temb’ukuérud pyritagua	TYPE:NEG
Ha’e ndombũjaruita	Ndha’e ndombũjaruita	TYPE:NEG
Ñande ndañakuave’ẽi umi tembi’ukuéra pytagua	Ñande ndañakuave’ẽi umi tembi’ukuéra pytagua	NOCHANGE
Upérö (che’ añani hína kuri	Upérö (che’ añani hína kurtai	TENSE:FUT_SIM
Nde katu itáicha rekirirĩ.	Nde katu itáicha rekirirĩ.	NOCHANGE
Peẽ peguapy	Peẽ peguapy	NOCHANGE
Peë naipeñemoñaréi kuri	Peë naipeñemoñaréi kuri	NOCHANGE
Ijuru ñeimo’ã’ỹva ndojuraimi che aovevekuéra	Ijuru ñeimo’ã’ỹva ndojuraimi che aovevekuéra	NOCHANGE
Ore rorasy	Ore rorasy	NOCHANGE
Ore ndorombyai kuri	Ore ndorombyai kuri	NOCHANGE
Ha’e ojupita	Ha’e ojupita	NOCHANGE
Ha’e ndoguapýi	Ha’e ndoguapýi	NOCHANGE
Ha’e ombojaruita	Ha’e ombojaruita	NOCHANGE
Upérö (chei añani hína kuri	Upérõ (chei añanihínava’ekue	TENSE:PAS_PLU
Peẽ napejapói ogyke pokã	Peẽ napejapói ogyke pokã	NOCHANGE
Ha’e ndombojaruita hína	Ha’e ndombojaruita hína	NOCHANGE
Ku mébói oorakr’	Ku méhína bói oorakr’	ASPECT:IPFV
G(e rasy	G(e rastay	TENSE:FUT_SIM
Nde reñembosarái kuri hína	Nde reñembosarái kuri hína	NOCHANGE
Ñande rasy	Ñande rasy	NOCHANGE
Che ajavýta iñeikotevẽva akuápe	Che ajavýta iñeikotevẽva akuápe	NOCHANGE
Apuranh.i-. kuri	Apuranndh.i-.rí kuri	TYPE:NEG
Pêkv roíupe omo’s hembi’uk’éra.	Pêkv roíupe ndomo’si hembi’uk’éra.	TYPE:NEG
Pavova rogcépe omo’â hembi’upuâra.	Pavova rogcépe omo’â hembi’uptauâra.	TENSE:FUT_SIM
Pohanohára akãguapy ndombovúiva’ekue	Pohanohára akãguapy ndombovúiva’ekue	NOCHANGE
Kĩ ipo pjupi	Kĩnd ipo pjupii	TYPE:NEG
Ñande jaipuru ka’a ha ja’u terere.	Ñande jaipuru ka’a ha ja’u terere.	NOCHANGE
Nde nderasy	Nde nderasy	NOCHANGE
Ha’e ojupi kuri hína	Ha’e ojupi kuri hína	NOCHANGE
Nde ndereikuave’ẽi umi tembi’ukuéra pytagua	Nde ndereikuave’ẽi umi tembi’ukuéra pytagua	NOCHANGE
Ko’ã tembi’u ombojy jepe’a tatarendýpe	Ko’ã tembi’u ombojy jepe’a tatarendýpe	NOCHANGE
Ko mombe’upy oheuduká kuri chéve che ru.	Ko mombe’upy pemoheuduká kuri chéve peê.	PERSON:2_PL
Ore ndorokuave’ẽimi umi tembi’ukuéra pytagua	Ore ndorokuave’ẽimi umi tembi’ukuéra pytagua	NOCHANGE
Jaguarete katu itáicha okirirĩta.	Jaguarete katu itáicha okirirĩta.	NOCHANGE
Ha’ekuért naiñimoñaréi kuri	Ha’ekuért naikuérañimoñaréi kuri	PERSON:3_PL
Orö temimbome tieay sjũpopami	Orö netemimbome tieay sjũpriopami	TYPE:NEG
Peẽ napejapómi ogyke ãokã	Peẽ napejapómi ogyke ãokãta	TENSE:FUT_SIM
Orö temimbome tieaỹ sjapopami	Orö temimbome tieaỹ sjapopamita	TENSE:FUT_SIM
Ñande ñakũmbýimi	Ñande ñakũmbýimi	NOCHANGE
Ore ndorokuave’ẽi umoi tvebi’ukauéra p(tagua	Ore ndoroiku hínaave’ẽi umoi tvebi’ukauéra p(tagua	ASPECT:IPFV
Mombe’ukuéra ck’ambojty kuri pende areue	Mombe’ukuéra ck’ambojty kuri pende areuíhena	ASPECT:IPFV
Ha’e ojupi kuri ikóni	Ha’e ojupi kuri ikóni	NOCHANGE
Peteĩ ko’ẽme oñombohovai rakúma hikuái	Peteĩ ko’ẽme oñombohovai rakúma hikuái	NOCHANGE
Che mba’éta ko ykua	Che mba’éta ko ykua	NOCHANGE
Amo ñemuhaõ osapukáiñ kuri	Amo neñemuhaõ osapukáiñri kuri	TYPE:NEG
Amo bgmuha osapukái kuri	Amo ndbgmuha osapukái kuri	TYPE:NEG
Ha’ekuért naiñimoñaréi kuri	Ha’ekuért naiñimo hinañaréi kuri	ASPECT:IPFV
Ndéngo ndereikuaái upévape.	Ndéngo ndereikuaái upévape.	NOCHANGE
Ñande mba’e ko ykua	Ñande mba’e ko ykua	NOCHANGE
Ha’e omojerekurmyi u-i kutuhaũuér poro’o	Ha’e omojerekurmyi u-i kutuhaũuér pochero’o va’ekue	TENSE:PAS_PLU
Ama oikomi ky’yaguy ñovâyûvaue	Ama oiko ky’yaguy ñovâyûvaue	TENSE:PRE_SIM
Ha’e ombojerehina kuri umi kutuhakuéra tuicháva	Ha’e ombojerehina kuri umi kutuhakuéra tuicháva	NOCHANGE
Oipuruta hikuái ka’a ha ho’uta terere.	Oipuruta hikuái ka’a ha ho’uta terere.	NOCHANGE
Ha’e ombéjára kuriĩ mbvy apekuéra	Ha’e ombéjára kuriĩ mbvy apekuéríhana	ASPECT:IPFV
Che nañemoingeta	Che nañemoingeta	NOCHANGE
Amo ñemuha osapukáiva’ekue	Amo ñemuha osapukáiva’ekue	NOCHANGE
Che cherasy va’ekue	Che cherasy va’ekue	NOCHANGE
Ijuru ñe’mo’ã’ỹvas ndojuéoa che aovevekuér)a  ijuru ñeimo’ã’ỹva doyuo’ãi ,he aovevekuéra	Ijuru ñe’mo’ã’ỹvas ndojuéoa che aovevekuér)a  ijuru ñeimo’ã’ỹva doyuo’ãi ,he aovevekcheuéra va’ekue	TENSE:PAS_PLU
Amo ñemuha osapukái kuri	Amo ñemuha osapukái kuri	NOCHANGE
Orme emimbo’e te’ỹ ojapopáami	Orme emimbon’e te’ỹ ojapopáami	TYPE:NEG
Ijuru ñeimo’ã’ỹva ndojuýata che aovevekuoyéra - ijuru ñei,m’ã’ỹva ndjuramo’ãi ce aoyevekuéra	Ijuru ñeimo’ã’ỹva ndojuýata che aovevekuoyéra - ijuru ñei,m’ã’ỹva ndjuramndo’ãi ice aoyevekuéra	TYPE:NEG
Umi mbóikuera oñorairõ	Umi mbóikuera oñorairõ	NOCHANGE
He’i ka’iu ruvicjha ta’ýra kuérape	He’i ka’iu ruvicjha ta’ýra kuérapeta	TENSE:FUT_SIM
Chk rajy	Chk rajýva’ekue	TENSE:PAS_PLU
Orö temimbome tieay sjũpopami	Orö temimbome thína ieay sjũpopami	ASPECT:IPFV
Ha’e ndombojereikuri umi kutuhakuéra tuicháva	Ha’e ndombojereikuri umi kutuhakuéra tuicháva	NOCHANGE
Ñande najajapómi ogyke pokã	Ñande najajapómi ogyke pokã	NOCHANGE
Ku mbói oñoéairõ	Ku mbói noñoéairõi	TYPE:NEG
Njde reñembosará, hína	Njde ndreñembosiará, hína	TYPE:NEG
Ore temimbo’e tie’ỹ ojapopa	Ore temimbo’e tie’ỹ ojapopa	NOCHANGE
Ku mbói oñorairõta	Ku mbói oñorairõta	NOCHANGE
Nde rejavýimi iñeikotevẽva akuápe	Nde rejavýimi iñeikotevẽva akuápe	NOCHANGE
Adnra.hhúéyi kuri	Adnra.hhúéyi kurimi	TENSE:PAS_IMP
Ha’e og.dỹpy	Ha’e og.dỹpíhyna	ASPECT:IPFV
Nde rejapo	Nde rejapo	NOCHANGE
Ha’ekuéra ndojapói	Ha’ekuéra ndojapói	NOCHANGE
Upérõ (che) añanihínava’ekue	Upérõ (che) añanihínava’ekue	NOCHANGE
Che cherasy kuri	Che cherasy kuri	NOCHANGE
Jde reñembosarái hína	Jde reñembosaráihina hína	ASPECT:IPFV
Pohanohára akãguapy ndombovúi kuri	Pohanohára akãguapy ndombovúi kuri	NOCHANGE
Che ajavými imñeijĩkotevẽvh iakápe	Che ajavými imñeijĩkotevẽvh iakápíhena	ASPECT:IPFV
Ijuru ñe’mo’ã’ỹvas ndojuréta che aovevekuér)a - ijuru ñeimo’ã’ỹva ndojurao’ãi ,he aovevekuéra	Ijuru ñe’imo hína’ã’ỹvas ndojuréta che aovevekuér)a - ijuru ñeimo’ã’ỹva ndojurao’ãi ,he aovevekuéra	ASPECT:IPFV
Che añemoingeta	Che añemoingeta	NOCHANGE
Mombe’ukuéra omboty pende arete	Mombe’ukuéra omboty pende arete	NOCHANGE
Peẽ napejapói kuri ogyke pokã	Peẽ napejapói kuri ogyke pokã	NOCHANGE
Pakova roguépe omo’s hembi’ukuéra.	Pakova roguépe omo’s hembi’uknduéraír.	TYPE:NEG
Okũmbymi êúuái	Okũmbymi êúuáikuri	TENSE:PAS_REC;TYPE:AFF
Mombe’ukuéra omboty kuri pende arete	Mombe’ukuéra omboty kuri pende arete	NOCHANGE
Adnra.hhúéyi kuri	Adnra.hhúéyi chekuri va’ekue	TENSE:PAS_PLU
Che nañemoingeimi	Che nañemoingeimi	NOCHANGE
Pakova roguépe omo’â hembi’ukuéra.	Pakova roguépe omo’â hembi’ukuéra.	NOCHANGE
Che katu itáicha akirirĩ.	Che katu itáicha akirirĩ.	NOCHANGE
Ijuru ñeimo’ã’ỹva ojurata che aovevekuéra	Ijuru ñeimo’ã’ỹva ojurata che aovevekuéra	NOCHANGE
Apurahéi kuri	Apurahéi kuri	NOCHANGE
Mombe’ukuéra oýboty kuri pende arete	Mombe’ukuéra oýboty kuri pende ndaretíre	TYPE:NEG
Ijuru ñeimo’ã’ỹva ndojuýata che aovevekuoyéra - ijuru ñei,m’ã’ỹva ndjuramo’ãi ce aoyevekuéra	Ijuru ñeimo’ã’ỹva ndojuýata che aovevekuoyéra - ijuru ñei,m’ã’ỹva ndjuramo’ãi hína ce aoyevekuéra	ASPECT:IPFV
Ku mbói oñorairõ	Ku mbói oñorairõ	NOCHANGE
Nde nderejapói	Nde nderejapói	NOCHANGE
Che ambojára kuri mbovy apekuéra	Che ambojára kuri mbovy apekuéra	NOCHANGE
Ha’e ouhñ’py	Ha’ne ouhñ’py	TYPE:NEG
(a’e oaguapy	(a’ekuri hina  oaguapy	TENSE:PAS_REC
Êaguarte katu itâáichũ ẽkirir.	Êaguarte katu itâáicndhũ ẽkríirir.	TYPE:NEG
Ndachemba’ei ko ykua	Ndachemba’ei ko ykua	NOCHANGE
Che amavými iñeikotespvẽvĩ akuápe	Che ndamavými iñeikotespvẽvĩ akuápe	TYPE:NEG
Apurahéihina kuri	Apurahéihina kuri	NOCHANGE
Ijuu ñeim’’ỹva ndojrata che aoaevekuéra - ijuru ñeimoã’ỹvba ndojuramo’ãi che aovjvekuébi	Ijuu ñeimi’’ hínaỹva ndojrata che aoaevekuéra - ijuru ñeimoã’ỹvba ndojuramo’ãi che aovjvekuébi	ASPECT:IPFV
Adnra.hhúéyi kuri	Adnra.hhrakueúéyi kúiri	PERSON:3_PL
Ha’e ombojerekuri umi kutuhakuéra poro’o	Ha’e ombojerekuri umi kutuhakuéra poro’o	NOCHANGE
Ijuuru ñei)mo’ã’ỹva ndojurata chr aovevejkeuéra - ijuruc ñeimom’ã’ỹva nuojuramo’ãi che aovevekuér	Ijuuru ñei)mo’ã’ỹva ndojurata chr aovevejkeuéra - ijuruc ñeimom’ã’ỹva nuojuramo’ãi che aovevekuétar	TENSE:FUT_SIM
Ijuuru ñei)mo’ã’ỹva ndojurata che aovevekeuéra - ijuru ñeimo’ã’ỹva nuojuramo’ãi che aovevekuéra	Ijuuru ñei)mo’ã’ỹva ndojurata che aovevekeuéra - ijuru ñeimo’ã’ỹva nuojuramo’ãi che aovndevekuéra	TYPE:NEG
Ha’e hasy	Ha’e hasy	NOCHANGE
Ha’e ocguapy	Hikuái ocguapy	PERSON:3_PL
Ha’e nombotujaimi ce og,ykeö - ha’e ndombyaimi che ogyke	Ha’e nombotujaimi ce og,ykeö - ha’e ndombyaimi che ogykemi	TENSE:PAS_IMP
Ore ndorokuave’ẽi um tembi’kuéa pytagua	Ore ndorokuave’ẽi um tembi’kuéa pytagua ikóni	ASPECT:INM
Ha’e nombotujaimi ce og,ykyö - ha’e ndombyaimi che ogyke	Ha’e nombotujaimi ce og,ykyö - ha’e ndombyaimi che ochegyke kuri	TENSE:PAS_REC
Che ndambotujamoái che ogyke - Che ndambyaimoái che ogyke	Che ndambotujamoái che ogyke - Che ndambyaimoái che ogyke	NOCHANGE
Temiaendukuéra monakuaa	Temiaendukuéhína ra monakuaa	ASPECT:IPFV
Ko po ojupíhina	Ko po ojupíhina	NOCHANGE
Ha’e omjeyrekuri umbi-p kutuauéra poro’o	Ha’e omjeyrekuriim umbi-p kutuauéra poro’o	TENSE:PAS_IMP
Nde reñembosarei hína	Nde ndreñembosarei hína	TYPE:NEG
Upérö (che) añani hína kuri	Upérö (che) añani hína kuri	NOCHANGE
Ha’e omboyára kuri.ê mbovy apekurâa	Ha’e omboiyá hínara kuri.ê mbovy apekurâa	ASPECT:IPFV
Ko mombe’upy ndohenduká kuri chéve che ru.	Ko mombe’upy ndohenduká kuri chéve che ru.	NOCHANGE
Ha’e ojupi kuri	Ha’e ojupi kuri	NOCHANGE
Ha’ekuéra naiñmmoñar,i kuri	Ha’ekuéra naiñmmoñar,i kuri hína	ASPECT:IPFV
Ijuru ñeimo’ã’ỹva ndojurata che aovevekuéra - Ijuru ñeimo’ã’ỹva ndojuramo’ãi che aovevekuéra	Ijuru ñeimo’ã’ỹva ndojurata che aovevekuéra - Ijuru ñeimo’ã’ỹva ndojuramo’ãi che aovevekuéra	NOCHANGE
Che ajavými iñeikotevẽva iakuápe	Che ajavými iñeikotevẽvand iakuápe	TYPE:NEG
Ha’e omokañy kuri pene ñemu potavéva	Ha’e omokañy kuri pene ñemu potavéva	NOCHANGE
Ku mbói oñorairõ ikóni	Ku mbói oñorairõ ikóni	NOCHANGE
Orme emimbo’e tie’ỹ ojapopami	Orme emimbo’e tiime’ỹ ojapopami	TENSE:PAS_IMP
Ko po ojupi	Ko po ojupi	NOCHANGE
Ore ndorokuave’ẽi hina umi tembi’ukuéra pytagua	Ore ndorokuave’ẽi hina umi tembi’ukuéra pytagua	NOCHANGE
Njde reñembosarái hína	Njde reñembosaráind híníra	TYPE:NEG
Ñande ndajajapói	Ñande ndajajapói	NOCHANGE
Câh ,asy	Câh kuri ,asy	TENSE:PAS_REC
Nde reikomi ka’aguy hovy’ûvare	Nde reikomi ka’aguy hovy’ûvare	NOCHANGE
Amo ñemuha osapukáita	Amo ñemuha osapukáita	NOCHANGE
Ama oikomi k’agu ho.y’ûare	Ama oikomi k’agu ho.yhina’ûare	ASPECT:IPFV
Che aikomi ka’aguy hovy’ûvare	Che aikomi ka’aguy hovy’ûvare	NOCHANGE
Pohanohtárañ akãguacy ndo.bovuta	Pohanohtárañ akãguacy ndo.bokuri vuta	TENSE:PAS_REC
Che ajavými iñeik)ota aâuápe	Che ajavými iñhína eik)ota aâuápe	ASPECT:IPFV
Cũei rasy	Hc’ekuéra oũeirasy	PERSON:3_PL
Pohanhtárañ a-kãgacy ndoëbovuta	Pohanhtárañn a-kãgacy ndoëbovuta	TYPE:NEG
Jaguarete katu itáicha ndokirirĩ.	Jaguarete katu itáicha ndokirirĩ.	NOCHANGE
Ha’e omojeríkurmyi u-i kutuaũuér poro’o	Ha’e omojeríkurmyi und-i kuituaũuér poro’o	TYPE:NEG
Pakova roguépe amo’â cherembi’ukuéra.	Pakova roguépe amo’â cherembi’ukuéra.	NOCHANGE
Ndokũmbýimi hikuái	Ndokũmbýimi hikuái	NOCHANGE
Kru ’mbyi oñoraiid	Kru ’mbyi oñondraiiírd	TYPE:NEG
Ore rojavýimi iñeikotevẽva akuápe	Ore rojavýimi iñeikotevẽva akuápe	NOCHANGE
Okũmbyta hikuái.	Okũmbyta hikuái.	NOCHANGE
Che ajupi kuri	Che ajupi kuri	NOCHANGE
Ko mombe’upy ohenduka chéve che ru.	Ko mombe’upy ohenduka chéve che ru.	NOCHANGE
Che ajavými iñeikotevẽvá akëuápe	Che ajavými iñeikotevẽvá akëuápkure	TENSE:PAS_REC;TYPE:AFF
Njdẽe reñembosará, hína	Njdẽe reñembosnará, hína	TYPE:NEG
Nvd reñembosarái hína	Nvd ndreñemibosarái hína	TYPE:NEG
Ku mbói okiraurõ	Ku mbói okirkuri aurõ	TENSE:PAS_REC
Jaguarete katu itáicha okirirĩ.	Jaguarete katu itáicha okirirĩ.	NOCHANGE
Ha’e ndombotujaikuri hina che ogyke - Ha’e ndombyaikuri hina che ogyke	Ha’e ndombotujaikuri hina che ogyke - Ha’e ndombyaikuri hina che ogyke	NOCHANGE
Ore ndorokuave’ẽi umi tebi’ukuérta pytagua	Ore ndorokuave’ẽi umi tebi’ukuértna pytagua	TYPE:NEG
Peẽ napemongyrái kuri	Peẽ napemongyrái kuri	NOCHANGE
Ha’e ndombũjaruita	Ha’e ndombũjataruita	TENSE:FUT_SIM
Amo bgmura oesipukái kuri	Amo bgmura hína oesipukái kuri	ASPECT:IPFV
He’i ka’ë ruvichâa t.ta’ýra kuérape	He’ind ka’ë ruvichâa t.ta’ýra kuérape	TYPE:NEG
Mombe’ukuéra omboty kuri hína pende arete	Mombe’ukuéra omboty kuri hína pende arete	NOCHANGE
Ha’e omẽ(ojrekurëi umi kutuhakuéýa poro’o	Ha’e omẽ(ojrekurëi umi kutuhakuéýna poro’oi	TYPE:NEG
Pohanohára akãguapy ndombovuta	Pohanohára akãguapy ndombovuta	NOCHANGE
Ko mombe’upy hinduká kuri ohéve che ru.	Ko mombe’upy hinduká kuri ohéve chhinae ru.	ASPECT:IPFV
Ijuru ñeimo’ã’ỹvr ndojuýatau che aovevekýuoyéra - ijuru ñei,m’ã’ỹva ndjuramo’ã)i ce aoyevekuéra	Ijuru ñeimo’ã’ỹvr ndojuýatau che aovevekýuoyéra - ijuru ñei,m’ã’ỹva ndjuramo’ã)i ce aoyevekuérata	TENSE:FUT_SIM
Nde reipuru ka’a ha re’u terere.	Nde reipuru ka’a ha re’u terere.	NOCHANGE
He’i ka’i ruvicha ita’ýrakuérape	He’i ka’i ruvicha ita’ýrakuérape	NOCHANGE
Nde nereñembosaráiri hína	Nde nereñembosaráiri hína	NOCHANGE
Ha’ekuéra naiñemoêa,éi kuri	Ha’ekuéra naiñemoêa,éi kurikuri	TENSE:PAS_REC;TYPE:AFF
Temirendukuéra ndomongakuaai	Temirendukuéra ndomongakuaai	NOCHANGE
Ikë öpo nojupi	Ikë öpo nochejupi va’ekue	TENSE:PAS_PLU
Ögt rasy	Kuri hina ögt rasy	TENSE:PAS_REC
Okũmbymi hiuái	Okũmbyta hiuái.	TENSE:FUT_SIM
Ama oikomi k’agu hovy’ûvare	Ama oikondmi k’iagu hovy’ûvare	TYPE:NEG
Ha’e og’apy	Ha’e ndog’apýi	TYPE:NEG
Nde reñembosarái hína	Nde reñembosarái hína	NOCHANGE
Hikuái oguapy	Hikuái oguapy	NOCHANGE
Ore ndorokuave’ẽi umi te,iigdukuéra pytagua	Ore ndorokuave’ẽi umi te,iigdukuéra pyhinatagua	ASPECT:IPFV
E,ce rasy	Ekuri hina ,ce rasy	TENSE:PAS_REC
Khe ajavými iñeikotvẽva akuápẽe	Khe ajavými iñeikotvẽva akucheápẽe va’ekue	TENSE:PAS_PLU
Pohanohárakuera akãguapy ndombovúita	Pohanohárakuera akãguapy ndombovúita	NOCHANGE
Nde reguapy	Nde reguapy	NOCHANGE
Peê penderasy	Peê penderasy	NOCHANGE
Chéngo ndaikuaái kuri hina upévape.	Chéngo ndaikuaái kuri hina upévape.	NOCHANGE
Che amavými iñeikotespvẽvĩ akuápe	Che amavýta iñeikotespvẽvĩ akuápe	TENSE:FUT_SIM
Ha’e ndojupirí kuri	Ha’e ndojupirí kuri	NOCHANGE
Che ajavy iñeikotevẽva akuápe	Che ajavy iñeikotevẽva akuápe	NOCHANGE
.a’e omẽ(ojrek.urëi umi kutuhakuéýa poro’o	.a’ene omẽ(ojrek.urëi umi kutuhakuéýa prioro’o	TYPE:NEG
Temirendukuéra omongakuaa hína	Temirendukuéra omongakuaa hína	NOCHANGE
Pohanohára akãguapy ndombovúi	Pohanohára akãguapy ndombovúi	NOCHANGE
Ijuru ñe’mo’ã’ỹva ndojuréta che aovevekuéra - ijuru ñeimo’ã’ỹva ndojurao’ãi ,he aovevekuéra	Ijuru ñe’mo’ã’ỹva ndojuréta che aovevekuéra - ijuru ñeimo’ã’ỹva ndojurao’ãi ,he andoveveríkuéra	TYPE:NEG
Pohanohára akãguapy ombovuta	Pohanohára akãguapy ombovuta	NOCHANGE
Iju ñeim’’ỹva ndorata ch aoaevekuéra - ijuru ñeimoã’ỹvba tdojurûmo’ãi che aovjvekuébi	Iju ñeim’’ỹva ndorata ch aoaevekuéra - ijuru ñeimoã’ỹvba tdojurûmo’ãi che andovjveríkuébi	TYPE:NEG
Nde remoheñói	Nde remoheñói	NOCHANGE
Ore temimbo’e tie’ỹ ojapopata	Ore temimbo’e tie’ỹ ojapopata	NOCHANGE
Che ajavými iýeikotevẽva akuápe	Che ajavými iýeikotevẽva akuápkure	TENSE:PAS_REC;TYPE:AFF
Ha’e ojuhpk kuri	Ha’e ojuhpk kuripota hina	ASPECT:IPFV
Upérõ (che) añani hína	Upérõ (che) añani hína	NOCHANGE
Che ajavými iñeuátevẽvá akuápe	Che ajavými iñeuátevẽvá akcheuápe kuri	TENSE:PAS_REC
Ore ndorokuave’ẽi um temb’kéa pytagua	Ore dorokuave’ẽi um temb’kéa pytagua	TYPE:AFF
Oipuhru hikuái ka’a ha horu terere.	Oipuhru hikuái ka’a ha hhína oru terere.	ASPECT:IPFV
Ha’e ojuhpk kuri	Ha’e ojuhpk kurita	TENSE:FUT_SIM
Ptakova ëroguépe omo’â hembi’ukué.a.	Ptakova ëroguépe omo’â hembi’ukué.akur.	TENSE:PAS_REC;TYPE:AFF
Pakova roguépe pemo’â penderembi’ukuéra.	Pakova roguépe pemo’â penderembi’ukuéra.	NOCHANGE
Cchoe raiy	Cchoe raiy hína	ASPECT:IPFV
Nde rejupi kuri	Nde rejupi kuri	NOCHANGE
Che aguapy	Che aguapy	NOCHANGE
Íhu mmbói oñojaid	Íhu mmbóni oñojaid	TYPE:NEG
Nde rembojára kuri mbovy apekuéra	Nde rembojára kuri mbovy apekuéra	NOCHANGE
Rims)uu ku,áíi ka’a ha hy’u tererb.	Rims)uu ku,áíi kima’a ha hy’u tererb.	TENSE:PAS_IMP
Apurahéi va’ekue	Apurahéi va’ekue	NOCHANGE
Peẽ peñemongetami	Peẽ peñemongetami	NOCHANGE
Nde nderemoheñói	Nde nderemoheñói	NOCHANGE
Ore mba’e ko ykua	Ore mba’e ko ykua	NOCHANGE
Che ajavými iñeik)otevẽva akuápe	Che ajavými iñeik)otevẽva akuáptae	TENSE:FUT_SIM
Ñande ndañamoheñói	Ñande ndañamoheñói	NOCHANGE
Ha’e noguerekómi	Ha’e noguerekómi	NOCHANGE
Ore noroñemoingeta	Ore noroñemoingeta	NOCHANGE
Ýaguarete atý iáichoa kirjrĩ	Ndýaguarete atý iáichoa kirjrĩ	TYPE:NEG
Ijuru ñeimo’ã’ỹvr ndojuýatau che aovevekýuoyéra - ijuru ñei,m’ã’ỹva ndjuramo’ã)i ce aoyevekuéra	Ijuru ñeimo’ãnd’ỹvr nidojuýatau che aovevekýuoyéra - ijuru ñei,m’ã’ỹva ndjuramo’ã)i ce aoyevekuéra	TYPE:NEG
Che ajavými iñeikotevẽva iakuápe	Che ajavými iñeikotevẽva iahinakuápe	ASPECT:IPFV
Upérõ (nde) reñanihínakuri	Upérõ (nde) reñanihínakuri	NOCHANGE
Che ajavými iñecuátevẽvá akuáre	Che ajavými iñecuátevẽvá akkuri uáre	TENSE:PAS_REC
Oiurõu hikuáái k’ûaẽ ha ho’r terere.	Oiurõu hikuáái k’ûaẽ ha ho’r tercheere. kuri	TENSE:PAS_REC
Ko po ndojupíri	Ko po ndojupíri	NOCHANGE
Ko mombe’upy ohenduká kuri chéve che ru.	Ko mombe’upy ohenduká kuri chéve che ru.	NOCHANGE
Ha’e oguvâpy	Ha’e oguvâpny	TYPE:NEG
He’i ka’i ruvicha ta’ýra kuérape	He’i ka’i ruvicha ta’ýra kuérape	NOCHANGE
Chéngo ndaikuaái upévap(j.	Chéngo ndiai hínakuaái upévap(j.	ASPECT:IPFV
Juaguarete katáu itâuchau oýkiiĩ	Juaguarete katáu itâuchau oýkiiĩmi	TENSE:PAS_IMP
Nd reñembosarái hína	Nd reñei kurbosarái hína	TENSE:PAS_REC
Ha’e ojuhk kuri	Ha’e ojuhk kukuérari	PERSON:3_PL
Pakova roguépe remo’â nderembi’ukuéra.	Pakova roguépe remo’â nderembi’ukuéra.	NOCHANGE
Rip)uru ku,áíi ka’a ha hó’u tererb.	Rip)uru ku,áíkuérai ka’a ha hó’u tererb.	PERSON:3_PL
Mombe’ukuéra ombotyva’ekue pende arete	Mombe’ukuéra ombotyva’ekue pende arete	NOCHANGE
Che mba’éma ko nkua	Ndachemba’ei ko nkua	TYPE:NEG
Êaguaate katu itâtiẽ(cekũ ẽkirñ).	Êaguaate katu itâtiẽ(cekũ ẽkirñ).pota hina	ASPECT:IPFV
Che ndambojaruita	Che ndambojaruita	NOCHANGE
Ha’ekuéra naiñemoñaréi kuri	Ha’ekuéra naiñemoñaréi kuri	NOCHANGE
Ñande ndañambotujáimi che ogyke - Ñande ndañambyaimi che ogyke	Ñande ndañambotujáimi che ogyke - Ñande ndañambyaimi che ogyke	NOCHANGE
Nde nderejapómi ogyke pokã	Nde nderejapómi ogyke pokã	NOCHANGE
Okũmby kuri hikuái.	Okũmby kuri hikuái.	NOCHANGE
Nde nderembotujáimi che ogyke - Nde nerembyaimi che ogyke	Nde nderembotujáimi che ogyke - Nde nerembyaimi che ogyke	NOCHANGE
Ko mẽmbe’upy ohenduká kuri chéve che ru.	Ko mẽmbe’upy ohenduká kuri chéndve chríe ru.	TYPE:NEG
Ko mombe’upy ohenñduná kuri chévñ che ru.	Ko mombe’upy ohenñduná kurihína  chévñ che ru.	ASPECT:IPFV
Chéngo aikuaá upévape.	Chéngo aikuaá upévape.	NOCHANGE
Â’me rasy	Â’me cherasy va’ekue	TENSE:PAS_PLU
Che ajavými iñeiuátevẽvá akuápe	Che ajavými iñeiuátevẽvá atakuápe	TENSE:FUT_SIM
Ijuru ñe’mo’ã’ỹvas ndojuréoa che aovevekuér)a  ijuru ñeimo’ã’ỹva doyuro’ãi ,he aovevekuéra	Ijuru ñe’mon’ã’ỹvas ndojuréoa che aovevekuér)a  ijuru ñeimo’ã’ỹva doyuro’ãi ,he aovevekuéra	TYPE:NEG
He’i ka’iu ruvicjhba ta’ýra kuérape	He’i ka’iu ruvicndjhba ita’ýra kuérape	TYPE:NEG
Nde rembojerekuri umi kutuhakuéra tuicháva	Nde rembojerekuri umi kutuhakuéra tuicháva	NOCHANGE
Ha’e ndombojarui kuri	Ha’e ndombojarui kuri	NOCHANGE
Njdẽe nhñembosará, hína	Njdẽe tanhñembosatará, hína	TENSE:FUT_SIM
Ha’e ojgpãé kuri	Ha’e ojngpãé kuri	TYPE:NEG
Nde reñdembosarái hína	Nde reñdebosarái hína	TENSE:PRE_SIM
Ore norokúita	Ore norokúita	NOCHANGE
Ndapurahéi kuri	Ndapurahéi kuri	NOCHANGE
Ku mbói noñorairõi	Ku mbói noñorairõi	NOCHANGE
Ama oikomi kn’aguy ho,’ûpvdde	Ama oikomi kn’ahína guy ho,’ûpvdde	ASPECT:IPFV
Khe ajavými iñeikotvẽva akápẽe	Khe ajavými iñeikotvẽva akkuri ápẽe	TENSE:PAS_REC
Ko mombe’upy hinduká kuri ,h,’e che ru.	Ko mombe’upy hinduká kuri ,h,’e che rukur.	TENSE:PAS_REC;TYPE:AFF
Ha’e ndombojárai kuri mbovy apekuéra	Ha’e ndombojárai kuri mbovy apekuéra	NOCHANGE
Nde reñembosarái	Nde reñembosarái	NOCHANGE
Nde mba’e ko ykua	Nde mba’e ko ykua	NOCHANGE
Ha’e ndombejaruita	Ha’e ntadombtaejaruita	TENSE:FUT_SIM
Ha’e ombojára kuri mbovy apekuéra	Ha’e ombojára kuri mbovy apekuéra	NOCHANGE
Ha’ekuéra nojapómi ogyke pokã	Ha’ekuéra nojapómi ogyke pokã	NOCHANGE
Pakva rogupe omo’s hembi’uk’éra.	Pakva rogupe omo’s hembikuri hina ’uk’éra.	TENSE:PAS_REC
Che, ka’i ruvicha, ha’e che ta’yrakuérape	Che, ka’i ruvicha, ha’e che ta’yrakuérape	NOCHANGE
Ore nairoñemoñaréi kuri	Ore nairoñemoñaréi kuri	NOCHANGE
He’i ka’u ruvicjbra ta’ýra kuérape	He’i ka’u ruvndicjbrai ta’ýra kuérape	TYPE:NEG
Che ajavými iñeuátevẽvá akuápe	Che ajavými iñeuátevẽvá akuápemi	TENSE:PAS_IMP
E,ce rasy	E,ce rasy ikóni	ASPECT:INM
Mombe’ukuéra ndombotyi kuri pende arete	Mombe’ukuéra ndombotyi kuri pende arete	NOCHANGE
Oiuru hikuái ka’ûa ha ho’r terere.	Oiuru hikuái kand’ûa hia ho’r terere.	TYPE:NEG
Che ndajavýimi iñeikotevẽva akuápe	Che ndajavýimi iñeikotevẽva akuápe	NOCHANGE
Ore ndorokuave’ẽi um tembi’kuéa pytagua	Ore ndorokuave’ẽi um tembi’kuéa pytaguata	TENSE:FUT_SIM
Nde reñembosarái ikóni	Nde reñembosarái ikóni	NOCHANGE
Pohanhára akâãguapy ndombovuta	Pohanhára akâãguimapy ndombovuta	TENSE:PAS_IMP
Ha’e ombojeyrekuri umip kutuhakuéra poro’o	Ha’end ombojeyrekuri umip kutuhakuéra poro’o	TYPE:NEG
Ijuru ñeimo’ã’ỹva ndojurai che aovevekuéra	Ijuru ñeimo’ã’ỹva ndojurai che aovevekuéra	NOCHANGE
Ha’ekuéra ndoñemoñaréi	Ha’ekuéra ndoñemoñaréi	NOCHANGE
Chj nvñvhgoindgeta	Chj nvñvhgointadgeta	TENSE:FUT_SIM
