Omba’apóvape, upéicharõ oñeme’ẽ va’erã oiporúvape tenonderãrupi, umi hembiapo minivévape ha	Omba’apóvape, upéicharõ oñeme’ẽ va’erã oiporúvape tenonderãrupi, umi hembiapo minivévape ha	NOCHANGE
Ndaipóri omo’ãva,	Ndaipóri omo’ãva,	NOCHANGE
Ñande ndajajapói	Ñande ndajajapói	NOCHANGE
Pohanohára akãguapy ndombovúi kuri	Pohanohára akãguapy ndombovúi kuri	NOCHANGE
Apurahéihina kuri	Apurahéihina kuri	NOCHANGE
Mba’asykuérape guarâ.	Mba’asykuérape guarâ.	NOCHANGE
Ore ndorokuave’ẽimi umi tembi’ukuéra pytagua	Ore ndorokuave’ẽimi umi tembi’ukuéra pytagua	NOCHANGE
Rayhupápe ñane retâ tuichakue javeve.	Rayhupápe ñane retâ tuichakue javeve.	NOCHANGE
Nde nderemoheñóikuri	Nde nderemoheñóikuri	NOCHANGE
Ñande ko ñande	Ñande ko ñande	NOCHANGE
Pohanohára akãguapy ndombovúi	Pohanohára akãguapy ndombovúi	NOCHANGE
Pe kosereva oñeñongatu areséramo oñemoĩva’erã pype, oñembosako’i aja, hetave asuka ha eira hũ.	Pe kosereva oñeñongatu areséramo oñemoĩva’erã pype, oñembosako’i aja, hetave asuka ha eira hũ.	NOCHANGE
Umi mba’ekuera arekova apytepe iporãveva, arekogueteri ñe’ê nda’eíva araka’eve.	Umi mba’ekuera arekova apytepe iporãveva, arekogueteri ñe’ê nda’eíva araka’eve.	NOCHANGE
Ojehechakuaa heta mba’e iporãva.	Ojehechakuaa heta mba’e iporãva.	NOCHANGE
Ha’e ohecha ko yvy ári ojehúva,	Ha’e ohecha ko yvy ári ojehúva,	NOCHANGE
Che ndajavýimi iñeikotevẽva akuápe	Che ndajavýimi iñeikotevẽva akuápe	NOCHANGE
Che ajavy iñeikotevẽva akuápe	Che ajavy iñeikotevẽva akuápe	NOCHANGE
Ore temimbo’e tie’ỹ ojapopa	Ore temimbo’e tie’ỹ ojapopa	NOCHANGE
Peju mitã kuéra, peju pevy’a,	Peju mitã kuéra, peju pevy’a,	NOCHANGE
Ojepyta ha mba’épepa ojeguevi	Ojepyta ha mba’épepa ojeguevi	NOCHANGE
Ojupe peñomombarete va’erã	Ojupe peñomombarete va’erã	NOCHANGE
Apurahéitta	Apurahéitta	NOCHANGE
Ha’e ojupi kuri	Ha’e ojupi kuri	NOCHANGE
Ku mbói oñorairõta	Ku mbói oñorairõta	NOCHANGE
Ore temimbo’e tie’ỹ ojapopami	Ore temimbo’e tie’ỹ ojapopami	NOCHANGE
Ajopy ajora amboty avañe’ẽme,	Ajopy ajora amboty avañe’ẽme,	NOCHANGE
Ko peteĩ osẽ háichama osẽva.	Ko peteĩ osẽ háichama osẽva.	NOCHANGE
Ore rokuave’ẽ umi tembi’ukuéra pytagua	Ore rokuave’ẽ umi tembi’ukuéra pytagua	NOCHANGE
Ore mba’e ko ykua	Ore mba’e ko ykua	NOCHANGE
Ñane avañe’ë, ñande purahéi,	Ñane avañe’ë, ñande purahéi,	NOCHANGE
Jepémo ha’ekuéra tekove ñandeichaguánte,	Jepémo ha’ekuéra tekove ñandeichaguánte,	NOCHANGE
Ojejerurehápe, terã opa ary.	Ojejerurehápe, terã opa ary.	NOCHANGE
Peẽ napemongyrái kuri	Peẽ napemongyrái kuri	NOCHANGE
Nde reikomi ka’aguy hovy’ûvare	Nde reikomi ka’aguy hovy’ûvare	NOCHANGE
Ko mombe’upy ohenduka chéve che ru.	Ko mombe’upy ohenduka chéve che ru.	NOCHANGE
Jaikovéva ára ha ára	Jaikovéva ára ha ára	NOCHANGE
Ja’e ichupekuéra pe tavy tuichágui	Ja’e ichupekuéra pe tavy tuichágui	NOCHANGE
Pohanohárakuera akãguapy ndombovúita	Pohanohárakuera akãguapy ndombovúita	NOCHANGE
Amoñe’ẽ marandumbe’uha taryrýipe. pea añoite ha’e temiandugua’u ame’ẽva tapia che jupe	Amoñe’ẽ marandumbe’uha taryrýipe. pea añoite ha’e temiandugua’u ame’ẽva tapia che jupe	NOCHANGE
Che katu itáicha akirirĩ.	Che katu itáicha akirirĩ.	NOCHANGE
- itarovaitéko pe che rembireko, nome’ẽiko chéve piro’y, cheja’óvo oiko ha ko’ágã ndaje oipota viru ha oikose kuñakarai guasúrõ.	- itarovaitéko pe che rembireko, nome’ẽiko chéve piro’y, cheja’óvo oiko ha ko’ágã ndaje oipota viru ha oikose kuñakarai guasúrõ.	NOCHANGE
Ñanderesaraivóve ñandehegui, jajapo mba’ekuéra momba’eguasurã ha mandu’arãpy	Ñanderesaraivóve ñandehegui, jajapo mba’ekuéra momba’eguasurã ha mandu’arãpy	NOCHANGE
Pyhare ha ára reñeha’ãva	Pyhare ha ára reñeha’ãva	NOCHANGE
Kuérape. ijapyte kuéra guágui ojeporavo va’erã peteĩ presidente, oñembopyahúva opa ary.	Kuérape. ijapyte kuéra guágui ojeporavo va’erã peteĩ presidente, oñembopyahúva opa ary.	NOCHANGE
(uicn tembiapohára paraguaigua omba’apo ñane retãme)	(uicn tembiapohára paraguaigua omba’apo ñane retãme)	NOCHANGE
Amo ñemuha osapukái kuri	Amo ñemuha osapukái kuri	NOCHANGE
Ha’ekuéra naiñemoñaréita	Ha’ekuéra naiñemoñaréita	NOCHANGE
Norohepyme’ẽi nde mba’ekuaarã ñandutiguávape jeike. kyta.	Norohepyme’ẽi nde mba’ekuaarã ñandutiguávape jeike. kyta.	NOCHANGE
Umi mbóikuera oñorairõ	Umi mbóikuera oñorairõ	NOCHANGE
Che ndahechái kuri peteĩ óga	Che ndahechái kuri peteĩ óga	NOCHANGE
Umi terarãnguete teroñe’ẽramo oĩva, terarãnguete mba’eva ha terarãnguete kuaa’ỹva, ombojoapy sapy’apy’a ñe’ẽpehẽtai kokatuguigua.	Umi terarãnguete teroñe’ẽramo oĩva, terarãnguete mba’eva ha terarãnguete kuaa’ỹva, ombojoapy sapy’apy’a ñe’ẽpehẽtai kokatuguigua.	NOCHANGE
Oguahẽvo nde ára	Oguahẽvo nde ára	NOCHANGE
Ha’eva’erãmo’ãkuri peteĩ katupyry mbarete	Ha’eva’erãmo’ãkuri peteĩ katupyry mbarete	NOCHANGE
Ha’e omokañy kuri pene ñemu potavéva	Ha’e omokañy kuri pene ñemu potavéva	NOCHANGE
Ha’e kuéra oguereko tembi’u ramo,	Ha’e kuéra oguereko tembi’u ramo,	NOCHANGE
Ndaipokuaái ipore’ỹ.	Ndaipokuaái ipore’ỹ.	NOCHANGE
Ore remikuave’êre, rohenói ára ha pyhare.	Ore remikuave’êre, rohenói ára ha pyhare.	NOCHANGE
Ñande ndañambotujáimi che ogyke - Ñande ndañambyaimi che ogyke	Ñande ndañambotujáimi che ogyke - Ñande ndañambyaimi che ogyke	NOCHANGE
Upérõ (che) añanihínava’ekue	Upérõ (che) añanihínava’ekue	NOCHANGE
Akã jeremi ko tetãre.	Akã jeremi ko tetãre.	NOCHANGE
Amo ñemuha osapukáita	Amo ñemuha osapukáita	NOCHANGE
Upe mba’eguasuete	Upe mba’eguasuete	NOCHANGE
Nde reñembosarái ikóni	Nde reñembosarái ikóni	NOCHANGE
Ore temimbo’e tie’ỹ nojapopami	Ore temimbo’e tie’ỹ nojapopami	NOCHANGE
Upévare ára ha ára	Upévare ára ha ára	NOCHANGE
Mba’ekuéra jaikuaa porãvéva ha’e umi araka’eve jaikuaapyhyvaekue	Mba’ekuéra jaikuaa porãvéva ha’e umi araka’eve jaikuaapyhyvaekue	NOCHANGE
Ñe’ẽriregua -iñe’ẽpehẽtei ha iñe’ẽpehẽ’etáva- ojepuru ha ojehai jave, katuete ohova’erã peteĩ ñe’ẽ rire.	Ñe’ẽriregua -iñe’ẽpehẽtei ha iñe’ẽpehẽ’etáva- ojepuru ha ojehai jave, katuete ohova’erã peteĩ ñe’ẽ rire.	NOCHANGE
Tavaguasu ojeaho’i reboso ñembyasýpe ha itindy, okirirĩ. ha’ete ku hasẽva kirirĩháme, tesay’ỹme. ikatu te’onguety voi ra’e.	Tavaguasu ojeaho’i reboso ñembyasýpe ha itindy, okirirĩ. ha’ete ku hasẽva kirirĩháme, tesay’ỹme. ikatu te’onguety voi ra’e.	NOCHANGE
Ha’e oguapýva’ekue	Ha’e oguapýva’ekue	NOCHANGE
Kuarahymimby ahecha ñe’êmbucu rape rupi.	Kuarahymimby ahecha ñe’êmbucu rape rupi.	NOCHANGE
Ombojopyrúva. ouva’ekue oiko paraguaýpe, omoñe’ẽva	Ombojopyrúva. ouva’ekue oiko paraguaýpe, omoñe’ẽva	NOCHANGE
Ore norojapómi ogyke pokã	Ore norojapómi ogyke pokã	NOCHANGE
. térã yvyra guýpe mymba apytépe	. térã yvyra guýpe mymba apytépe	NOCHANGE
Jasypoapy, ava ñe’ê jasy	Jasypoapy, ava ñe’ê jasy	NOCHANGE
Voto añetegua ome’ẽ va’ekuégui.	Voto añetegua ome’ẽ va’ekuégui.	NOCHANGE
Che mba’éma ko ykua	Che mba’éma ko ykua	NOCHANGE
Upe tesorero ndopagái va’erã mba’eve, ndaha’éirõ contador oipota va’ekue	Upe tesorero ndopagái va’erã mba’eve, ndaha’éirõ contador oipota va’ekue	NOCHANGE
Ñane retã ipytuhê	Ñane retã ipytuhê	NOCHANGE
Mbyjajere itaembo ojeréva kuarahýre.	Mbyjajere itaembo ojeréva kuarahýre.	NOCHANGE
Ha ndaipóri imbojojaha.	Ha ndaipóri imbojojaha.	NOCHANGE
Ore rojavýimi iñeikotevẽva akuápe	Ore rojavýimi iñeikotevẽva akuápe	NOCHANGE
Ha’e ndojupirí kuri	Ha’e ndojupirí kuri	NOCHANGE
Ko mombe’upy ndohenduká kuri chéve che ru.	Ko mombe’upy ndohenduká kuri chéve che ru.	NOCHANGE
Peteĩ yvypóra hemiandu pyahúva ha’e peteĩ tarova hemiandu ijyvytupeve	Peteĩ yvypóra hemiandu pyahúva ha’e peteĩ tarova hemiandu ijyvytupeve	NOCHANGE
Temirendu omongakuaa	Temirendu omongakuaa	NOCHANGE
Ndaha’éiva hesegua.	Ndaha’éiva hesegua.	NOCHANGE
Ijuru ñeimo’ã’ỹva ndojuraimi che aovevekuéra	Ijuru ñeimo’ã’ỹva ndojuraimi che aovevekuéra	NOCHANGE
Ko mombe’upy ohenduká kuri chéve che ru.	Ko mombe’upy ohenduká kuri chéve che ru.	NOCHANGE
Ñembykuarahyresẽ asia	Ñembykuarahyresẽ asia	NOCHANGE
Ha oguereko porundy ary.	Ha oguereko porundy ary.	NOCHANGE
Ñane retã paraguay	Ñane retã paraguay	NOCHANGE
Ha’e hasy	Ha’e hasy	NOCHANGE
Ndaupéichairõ upe veto ojerereko va’erã mba’evérõ.	Ndaupéichairõ upe veto ojerereko va’erã mba’evérõ.	NOCHANGE
Ñande naiñañemoñaréi kuri	Ñande naiñañemoñaréi kuri	NOCHANGE
Aiko porã. mba’e rejapo.	Aiko porã. mba’e rejapo.	NOCHANGE
Táva ndivei kuéra. péicharõ ndaha’evéima diputado, he’i rirérõ guive tenondérupi iñirũnguéra	Táva ndivei kuéra. péicharõ ndaha’evéima diputado, he’i rirérõ guive tenondérupi iñirũnguéra	NOCHANGE
Ha py’ỹi yvate oma’ẽ	Ha py’ỹi yvate oma’ẽ	NOCHANGE
Mba’evete ndaha’éi,	Mba’evete ndaha’éi,	NOCHANGE
Mbo’ehao - kuatiañe’ẽ -jasyteĩ -arateĩ	Mbo’ehao - kuatiañe’ẽ -jasyteĩ -arateĩ	NOCHANGE
Nahániri. ndachéiko. oñembojánteko che rehe.	Nahániri. ndachéiko. oñembojánteko che rehe.	NOCHANGE
Ñeha’ã tetã surasiático rehe	Ñeha’ã tetã surasiático rehe	NOCHANGE
Pohanohára akãguapy ndombovúiva’ekue	Pohanohára akãguapy ndombovúiva’ekue	NOCHANGE
Che aguapy	Che aguapy	NOCHANGE
Peteĩ kavure guasu ho’a ñúhãme.	Peteĩ kavure guasu ho’a ñúhãme.	NOCHANGE
Ore norokúita	Ore norokúita	NOCHANGE
Nde nderemoheñói	Nde nderemoheñói	NOCHANGE
Ha’e ombojára kuri mbovy apekuéra	Ha’e ombojára kuri mbovy apekuéra	NOCHANGE
Ñande rekove.	Ñande rekove.	NOCHANGE
Mbo’eharakuéra ogueraha ñaneñe’ẽ panambi ha guyráicha	Mbo’eharakuéra ogueraha ñaneñe’ẽ panambi ha guyráicha	NOCHANGE
Ñane retãnguérare, ikatu haguã oñemopu’ã mbarete pe jopói ha	Ñane retãnguérare, ikatu haguã oñemopu’ã mbarete pe jopói ha	NOCHANGE
Ñane ava ñe’ẽ jaiporu jevy	Ñane ava ñe’ẽ jaiporu jevy	NOCHANGE
Apurahéi kuri	Apurahéi kuri	NOCHANGE
Ñande rasy	Ñande rasy	NOCHANGE
Ko mombe’upy ohendukáta chéve che ru.	Ko mombe’upy ohendukáta chéve che ru.	NOCHANGE
Tupã ñemoñare jeroviapy.	Tupã ñemoñare jeroviapy.	NOCHANGE
Hi’ãma omyasãi ha tañahendu ñande tetãygua.	Hi’ãma omyasãi ha tañahendu ñande tetãygua.	NOCHANGE
Che ajavými iñeikotevẽva akuápe	Che ajavými iñeikotevẽva akuápe	NOCHANGE
Che nañemoingei	Che nañemoingei	NOCHANGE
Che ñe’ẽmi kuatiápe	Che ñe’ẽmi kuatiápe	NOCHANGE
Ha’e ndombojárai kuri mbovy apekuéra	Ha’e ndombojárai kuri mbovy apekuéra	NOCHANGE
Ko po ojupi	Ko po ojupi	NOCHANGE
Anichéne opuka guaikuru ñande rehe.	Anichéne opuka guaikuru ñande rehe.	NOCHANGE
Tembiguái py’aro ombyaty	Tembiguái py’aro ombyaty	NOCHANGE
Je’ejey ojehu tekotevẽramo ojepurujeyjey peteĩ ñe’ẽ hesakaporãve hagua pe oje’eséva.	Je’ejey ojehu tekotevẽramo ojepurujeyjey peteĩ ñe’ẽ hesakaporãve hagua pe oje’eséva.	NOCHANGE
Ha’ekuéra osãmbyhy	Ha’ekuéra osãmbyhy	NOCHANGE
I py rei pe o ñembosarái.	I py rei pe o ñembosarái.	NOCHANGE
- te’ýi hetahápe, ombohérakuri te’ýi (te’yikuary)	- te’ýi hetahápe, ombohérakuri te’ýi (te’yikuary)	NOCHANGE
Ita’ýrapema he’i	Ita’ýrapema he’i	NOCHANGE
Che ajupi kuri	Che ajupi kuri	NOCHANGE
Hose ndaikatúi ohupyty hogue ojapo hagua tupãsýme hogarãmi. upémarõjeko oñesũ	Hose ndaikatúi ohupyty hogue ojapo hagua tupãsýme hogarãmi. upémarõjeko oñesũ	NOCHANGE
Peteĩ ára ndaje vichokuéra oñomboaty hikuái ka’aguýpe. ha’e oñomongetase ha ombosako’i haguã peteĩ ñani guasu.	Peteĩ ára ndaje vichokuéra oñomboaty hikuái ka’aguýpe. ha’e oñomongetase ha ombosako’i haguã peteĩ ñani guasu.	NOCHANGE
Ore ndorokuave’ẽi hina umi tembi’ukuéra pytagua	Ore ndorokuave’ẽi hina umi tembi’ukuéra pytagua	NOCHANGE
Ijuru ñeimo’ã’ỹva ndojurai kuri che aovevekuéra	Ijuru ñeimo’ã’ỹva ndojurai kuri che aovevekuéra	NOCHANGE
Tembiguái ramo oiko	Tembiguái ramo oiko	NOCHANGE
Nde jyva oha’ãrõva eju haguã remopu’ã.	Nde jyva oha’ãrõva eju haguã remopu’ã.	NOCHANGE
Ha iñakã porãva.	Ha iñakã porãva.	NOCHANGE
Ha’e ndombojarui kuri	Ha’e ndombojarui kuri	NOCHANGE
Ha’ekuéra oñemoñaréi kuri	Ha’ekuéra oñemoñaréi kuri	NOCHANGE
Ha’ekuéra oñembosarái hína	Ha’ekuéra oñembosarái hína	NOCHANGE
Ijuru ñeimo’ã’ỹva ndojurata che aovevekuéra - Ijuru ñeimo’ã’ỹva ndojuramo’ãi che aovevekuéra	Ijuru ñeimo’ã’ỹva ndojurata che aovevekuéra - Ijuru ñeimo’ã’ỹva ndojuramo’ãi che aovevekuéra	NOCHANGE
Nde rembojerekuri umi kutuhakuéra tuicháva	Nde rembojerekuri umi kutuhakuéra tuicháva	NOCHANGE
Tahachi rekópe.	Tahachi rekópe.	NOCHANGE
Ha’e ndombotujaikuri hina che ogyke - Ha’e ndombyaikuri hina che ogyke	Ha’e ndombotujaikuri hina che ogyke - Ha’e ndombyaikuri hina che ogyke	NOCHANGE
Rehegua. mombyry chuguikuéra upe tekojoja. ha’ekuéra ndaha’eivoi tekove.	Rehegua. mombyry chuguikuéra upe tekojoja. ha’ekuéra ndaha’eivoi tekove.	NOCHANGE
Mba’éichapa ha moõ mevépa oho ojopóre mokõive. ko tembiapo	Mba’éichapa ha moõ mevépa oho ojopóre mokõive. ko tembiapo	NOCHANGE
Tetã ñembyatypyre amandaje-mburuvicha rapépe	Tetã ñembyatypyre amandaje-mburuvicha rapépe	NOCHANGE
Ku mbói oñorairõ	Ku mbói oñorairõ	NOCHANGE
Nde nareñemoingeta	Nde nareñemoingeta	NOCHANGE
Ojehaíva, ko’a iguýpe, akýpe guarani ha oejhaíva hovy kângýpe karaiñe’ê.	Ojehaíva, ko’a iguýpe, akýpe guarani ha oejhaíva hovy kângýpe karaiñe’ê.	NOCHANGE
Ndaipóri ñe’ê	Ndaipóri ñe’ê	NOCHANGE
Ko’ẽjúicha iporo’yva - chave upéichante hi’ãva	Ko’ẽjúicha iporo’yva - chave upéichante hi’ãva	NOCHANGE
Mboriahúnte omyatãva ñane retã paraguái.	Mboriahúnte omyatãva ñane retã paraguái.	NOCHANGE
Ame’ẽ jave chupe opa mba’e	Ame’ẽ jave chupe opa mba’e	NOCHANGE
Jaguarete katu itáicha ndokirirĩ.	Jaguarete katu itáicha ndokirirĩ.	NOCHANGE
Ha’e ndombojereikuri umi kutuhakuéra tuicháva	Ha’e ndombojereikuri umi kutuhakuéra tuicháva	NOCHANGE
Añe’ẽse guaraní che mitãmi guive,	Añe’ẽse guaraní che mitãmi guive,	NOCHANGE
Ha’e ombojerekuri umi kutuhakuéra poro’o	Ha’e ombojerekuri umi kutuhakuéra poro’o	NOCHANGE
Mombe’ukuéra ombotyta pende arete	Mombe’ukuéra ombotyta pende arete	NOCHANGE
Nde remoheñói	Nde remoheñói	NOCHANGE
Rekávo ka’aguýpe. upépe osê chupe guaikurukuéra, kyhyjepópe oñani pe	Rekávo ka’aguýpe. upépe osê chupe guaikurukuéra, kyhyjepópe oñani pe	NOCHANGE
Ha’e oguapy	Ha’e oguapy	NOCHANGE
Pohanohára akãguapy ombovuta	Pohanohára akãguapy ombovuta	NOCHANGE
Ha’e ombojárata mbovy apekuéra	Ha’e ombojárata mbovy apekuéra	NOCHANGE
Pakova roguépe pemo’â penderembi’ukuéra.	Pakova roguépe pemo’â penderembi’ukuéra.	NOCHANGE
Ha’e kuéra ndoikuaái.	Ha’e kuéra ndoikuaái.	NOCHANGE
Ha’e oguapýta	Ha’e oguapýta	NOCHANGE
He’iséva akâjere ñembotakuére térâ ambue mba’ére.	He’iséva akâjere ñembotakuére térâ ambue mba’ére.	NOCHANGE
Che ndaikuave’ẽi umi tembi’ukuéra pytagua	Che ndaikuave’ẽi umi tembi’ukuéra pytagua	NOCHANGE
Pe kerana jaipe’aha’ãva’erã ñandejehegui.	Pe kerana jaipe’aha’ãva’erã ñandejehegui.	NOCHANGE
Nde katu itáicha rekirirĩ.	Nde katu itáicha rekirirĩ.	NOCHANGE
Peteĩ ko’ẽme oñombohovai rakúma hikuái	Peteĩ ko’ẽme oñombohovai rakúma hikuái	NOCHANGE
Ñanduti upe guive oñepyrũ omba’apo, opa chugui pe ate’ỹ oguerokóvami ha oipyaha umi mba’e	Ñanduti upe guive oñepyrũ omba’apo, opa chugui pe ate’ỹ oguerokóvami ha oipyaha umi mba’e	NOCHANGE
Umíva ñemuhakuéra osapukái kuri	Umíva ñemuhakuéra osapukái kuri	NOCHANGE
Mombe’ukuéra omboty pende arete	Mombe’ukuéra omboty pende arete	NOCHANGE
Okũmbyta hikuái.	Okũmbyta hikuái.	NOCHANGE
Upégui osêha pe jeiko porãve opa tetãme.	Upégui osêha pe jeiko porãve opa tetãme.	NOCHANGE
Ayvu rapyta rã i oikuaá ma vy ojeupe,	Ayvu rapyta rã i oikuaá ma vy ojeupe,	NOCHANGE
Omotenonde reve, kerãi tuichague ñemboriko sundaro	Omotenonde reve, kerãi tuichague ñemboriko sundaro	NOCHANGE
He’iséva moõ rupipa ojeguataha, tenda jeguataha.	He’iséva moõ rupipa ojeguataha, tenda jeguataha.	NOCHANGE
Nde nderembotujáimi che ogyke - Nde nerembyaimi che ogyke	Nde nderembotujáimi che ogyke - Nde nerembyaimi che ogyke	NOCHANGE
Ipype omohe’õ	Ipype omohe’õ	NOCHANGE
Ha upéi ñande paraguái	Ha upéi ñande paraguái	NOCHANGE
Umi kuaaukahárakuéra oñemongeta kuri	Umi kuaaukahárakuéra oñemongeta kuri	NOCHANGE
Avyu ha vy’ápe mitã iñapesã	Avyu ha vy’ápe mitã iñapesã	NOCHANGE
Yvypóra reko ha’e ha’ehaícha, noñeha’ãi oñemoambue, térã ijekuaa	Yvypóra reko ha’e ha’ehaícha, noñeha’ãi oñemoambue, térã ijekuaa	NOCHANGE
Maymáva aipota pe jehesarekomi sapy’aite	Maymáva aipota pe jehesarekomi sapy’aite	NOCHANGE
Roguerohory. iporã chéve. hechapyrã.	Roguerohory. iporã chéve. hechapyrã.	NOCHANGE
Okũmbymi hikuái	Okũmbymi hikuái	NOCHANGE
Pakova roguépe ndomo’âi hembi’ukuéra.	Pakova roguépe ndomo’âi hembi’ukuéra.	NOCHANGE
Ñe’ẽriregua jaipurukuaa opaichagua ñe’ẽ ndive ha omohesakã mba’éicha, araka’e, mamo, mba’ére ojehu ñe’ẽ ijykeregua omoandúva.	Ñe’ẽriregua jaipurukuaa opaichagua ñe’ẽ ndive ha omohesakã mba’éicha, araka’e, mamo, mba’ére ojehu ñe’ẽ ijykeregua omoandúva.	NOCHANGE
Ha’e ndombojaruita	Ha’e ndombojaruita	NOCHANGE
Ku mbói oñorairõ hína	Ku mbói oñorairõ hína	NOCHANGE
Che ndambojaruita	Che ndambojaruita	NOCHANGE
Ku avave oikuaa’ỹva	Ku avave oikuaa’ỹva	NOCHANGE
Nde reipuru ka’a ha re’u terere.	Nde reipuru ka’a ha re’u terere.	NOCHANGE
Mombe’ukuéra ndombotyi kuri pende arete	Mombe’ukuéra ndombotyi kuri pende arete	NOCHANGE
Oveve ápe ha pépe	Oveve ápe ha pépe	NOCHANGE
Joyke’y paraguái, iporãma,	Joyke’y paraguái, iporãma,	NOCHANGE
Ore ndorokuave’ẽi ikóni umi tembi’ukuéra pytagua	Ore ndorokuave’ẽi ikóni umi tembi’ukuéra pytagua	NOCHANGE
Peẽ napejapómi ogyke pokã	Peẽ napejapómi ogyke pokã	NOCHANGE
Chéngo ndaikuaái upévape.	Chéngo ndaikuaái upévape.	NOCHANGE
Ha’e ombojára kuri hína mbovy apekuéra	Ha’e ombojára kuri hína mbovy apekuéra	NOCHANGE
Ore ndorokuave’ẽi umi tembi’ukuéra pytagua	Ore ndorokuave’ẽi umi tembi’ukuéra pytagua	NOCHANGE
Nde nereñembosaráiri hína	Nde nereñembosaráiri hína	NOCHANGE
Ha’e ojupita	Ha’e ojupita	NOCHANGE
Ha’ekuéra naiñemoñaréi kuri	Ha’ekuéra naiñemoñaréi kuri	NOCHANGE
Ku jepérõ oikotevẽ, ha’ekuérante oikuaáva	Ku jepérõ oikotevẽ, ha’ekuérante oikuaáva	NOCHANGE
Ha’e ombotujaimi che ogyke - Ha’e ombyaimi che ogyke	Ha’e ombotujaimi che ogyke - Ha’e ombyaimi che ogyke	NOCHANGE
Me (jaipurukuaáva ñe’ẽ tĩgua ndive)	Me (jaipurukuaáva ñe’ẽ tĩgua ndive)	NOCHANGE
Apurahéi va’ekue	Apurahéi va’ekue	NOCHANGE
Yvytuturusu pyatangy. che ha’e peteĩ yvyturusu.	Yvytuturusu pyatangy. che ha’e peteĩ yvyturusu.	NOCHANGE
Ha’ekuéra he’i oĩha sa’ieterei pe ñana ndoguerekóiva pohã ha umívape ohenói ka’amarãmba’e.	Ha’ekuéra he’i oĩha sa’ieterei pe ñana ndoguerekóiva pohã ha umívape ohenói ka’amarãmba’e.	NOCHANGE
Peteĩ ára ko’ẽme che rupágui apu’ãvo	Peteĩ ára ko’ẽme che rupágui apu’ãvo	NOCHANGE
Ombohetia’éva	Ombohetia’éva	NOCHANGE
Ñande jajapo ichupe.	Ñande jajapo ichupe.	NOCHANGE
Nde rembojára kuri mbovy apekuéra	Nde rembojára kuri mbovy apekuéra	NOCHANGE
Pahápe umi apañuãi ñemyatyrõ, ýrõ katu oñemyesakã umi mba’e ñemimby.	Pahápe umi apañuãi ñemyatyrõ, ýrõ katu oñemyesakã umi mba’e ñemimby.	NOCHANGE
Ñande ypykuéra ka’aguygua ojesarekóva iñe’ê rehe.	Ñande ypykuéra ka’aguygua ojesarekóva iñe’ê rehe.	NOCHANGE
Ore táva rérape roiméva ha ore táva pu’aka roguerekóva,	Ore táva rérape roiméva ha ore táva pu’aka roguerekóva,	NOCHANGE
Peẽ napejapói ogyke pokã	Peẽ napejapói ogyke pokã	NOCHANGE
Jaguarete katu itáicha okirirĩ.	Jaguarete katu itáicha okirirĩ.	NOCHANGE
Umi mba’e jahasáva rupive jahechakuaa	Umi mba’e jahasáva rupive jahechakuaa	NOCHANGE
Representante terã abogado de empresa reheguárõ, omba’apóva hepyrehe tetãguasu, tetãmini ha	Representante terã abogado de empresa reheguárõ, omba’apóva hepyrehe tetãguasu, tetãmini ha	NOCHANGE
Jaguarete katu itáicha okirirĩta.	Jaguarete katu itáicha okirirĩta.	NOCHANGE
Upérõ (che) añanita hína	Upérõ (che) añanita hína	NOCHANGE
Ha ñanepytuhê avei.	Ha ñanepytuhê avei.	NOCHANGE
Nde rejupi kuri	Nde rejupi kuri	NOCHANGE
Pakova roguépe remo’â nderembi’ukuéra.	Pakova roguépe remo’â nderembi’ukuéra.	NOCHANGE
Kuña porã resa para.	Kuña porã resa para.	NOCHANGE
Oporomomembýva, oñembohérava partéra chae, oipytyvõva kuña hyeguasúvape imemby	Oporomomembýva, oñembohérava partéra chae, oipytyvõva kuña hyeguasúvape imemby	NOCHANGE
Ha’e ojupi kuri hína	Ha’e ojupi kuri hína	NOCHANGE
Pũrũrũgui (tyapu oikóva ñande jurúpe ñamongu’írõ tembi’u atã).	Pũrũrũgui (tyapu oikóva ñande jurúpe ñamongu’írõ tembi’u atã).	NOCHANGE
Ha ani orerejátei roñepy’ara’ã,	Ha ani orerejátei roñepy’ara’ã,	NOCHANGE
Che ñe’ë osëséva ombokua yvytu.	Che ñe’ë osëséva ombokua yvytu.	NOCHANGE
Y ñe’ẽ opararã ohasávo yvykuáre	Y ñe’ẽ opararã ohasávo yvykuáre	NOCHANGE
Avei topopo umi ñe’ẽ topo toikove	Avei topopo umi ñe’ẽ topo toikove	NOCHANGE
Ko po ojupíta	Ko po ojupíta	NOCHANGE
Ku mbói noñorairõi	Ku mbói noñorairõi	NOCHANGE
- nde tuja pituva, sonseraiténgo peteĩ ña’ẽ pyahu, mba’eháiko nderejeruré pe pira’ípe ñande róga pyahurã.	- nde tuja pituva, sonseraiténgo peteĩ ña’ẽ pyahu, mba’eháiko nderejeruré pe pira’ípe ñande róga pyahurã.	NOCHANGE
Ndaha’éi itavýva ñe’ẽ che ñe’ẽ porãite,	Ndaha’éi itavýva ñe’ẽ che ñe’ẽ porãite,	NOCHANGE
Ha oikytĩ ñande resa	Ha oikytĩ ñande resa	NOCHANGE
Rape guasu apytépe, ha imba’éva avei, umi ypa’ũ ñe’ẽ me’ẽ jehaipyre tetãguasu argentina	Rape guasu apytépe, ha imba’éva avei, umi ypa’ũ ñe’ẽ me’ẽ jehaipyre tetãguasu argentina	NOCHANGE
Ojepuru sa’y pytãngy péva ha’égui kuña sa’y ko yvóra tuichakue javeve.	Ojepuru sa’y pytãngy péva ha’égui kuña sa’y ko yvóra tuichakue javeve.	NOCHANGE
Puerto montt táva	Puerto montt táva	NOCHANGE
Che rasy	Che rasy	NOCHANGE
Hi’ánte chéve apay	Hi’ánte chéve apay	NOCHANGE
Ñande jepokuaa ha ñane ñe’ënga	Ñande jepokuaa ha ñane ñe’ënga	NOCHANGE
Ñe’ẽ ha rekotee oñemombareteve	Ñe’ẽ ha rekotee oñemombareteve	NOCHANGE
Jepiveguáicha oñongatu sapy’arei oujeýrõ omba’ejerure. py’ỹinte niko	Jepiveguáicha oñongatu sapy’arei oujeýrõ omba’ejerure. py’ỹinte niko	NOCHANGE
Oipytyvõ va’erã abogado oikuaháva mitã ha okakuaháva derecho rehegua, oñepyrũ guive	Oipytyvõ va’erã abogado oikuaháva mitã ha okakuaháva derecho rehegua, oñepyrũ guive	NOCHANGE
Omimbi nomimbipáiva kuarahy rata omo’ã,	Omimbi nomimbipáiva kuarahy rata omo’ã,	NOCHANGE
Peẽ peguapy	Peẽ peguapy	NOCHANGE
Tesa’ỹi korápe ndapu’a rehóvo.	Tesa’ỹi korápe ndapu’a rehóvo.	NOCHANGE
Hi’ãnte (chéve) oguahẽ ko’ãga.	Hi’ãnte (chéve) oguahẽ ko’ãga.	NOCHANGE
Nde reñembosarái	Nde reñembosarái	NOCHANGE
Ndacherásyi	Ndacherásyi	NOCHANGE
Akóinte ipore’ỹ.	Akóinte ipore’ỹ.	NOCHANGE
Peẽ napejapói kuri ogyke pokã	Peẽ napejapói kuri ogyke pokã	NOCHANGE
Tembipu isâva, hi’ýva ha hete yvyráva, oñembopu haguâ ojeporu ñane kuâ.	Tembipu isâva, hi’ýva ha hete yvyráva, oñembopu haguâ ojeporu ñane kuâ.	NOCHANGE
Poguypópe oiko ko tetã.	Poguypópe oiko ko tetã.	NOCHANGE
Ñe’ẽñemi ñangarekoha	Ñe’ẽñemi ñangarekoha	NOCHANGE
Che añemoingeta	Che añemoingeta	NOCHANGE
Ojeipe’a ichugui pe ikyrakue ha pe iso’okue hembývape oñemoĩ upe naranjahái rykue ha avei juky. kóva oñembojy jevy oreko sa’y pytãngy.	Ojeipe’a ichugui pe ikyrakue ha pe iso’okue hembývape oñemoĩ upe naranjahái rykue ha avei juky. kóva oñembojy jevy oreko sa’y pytãngy.	NOCHANGE
Ha’ekuéra ndoñemoñaréi	Ha’ekuéra ndoñemoñaréi	NOCHANGE
Oipuru hikuái ka’a ha ho’u terere.	Oipuru hikuái ka’a ha ho’u terere.	NOCHANGE
Ñande jajavýimi iñeikotevẽva akuápe	Ñande jajavýimi iñeikotevẽva akuápe	NOCHANGE
Oguereko añetete ojekuaha va’erã opárupi, umi omba’apo haguépe ha ombopyhau va’erã opa ary.	Oguereko añetete ojekuaha va’erã opárupi, umi omba’apo haguépe ha ombopyhau va’erã opa ary.	NOCHANGE
Temirendukuéra omongakuaa	Temirendukuéra omongakuaa	NOCHANGE
Nde reguapy	Nde reguapy	NOCHANGE
Peẽ pejapomi ogyke pokã	Peẽ pejapomi ogyke pokã	NOCHANGE
Ama oiko ka’aguy hovy’ûvare	Ama oiko ka’aguy hovy’ûvare	NOCHANGE
Ha mitã mimi opurahéi,	Ha mitã mimi opurahéi,	NOCHANGE
Ore nairoñemoñaréi kuri	Ore nairoñemoñaréi kuri	NOCHANGE
Ko mombe’upy emohenduká kuri chéve nde.	Ko mombe’upy emohenduká kuri chéve nde.	NOCHANGE
Che ndambotujamoái che ogyke - Che ndambyaimoái che ogyke	Che ndambotujamoái che ogyke - Che ndambyaimoái che ogyke	NOCHANGE
Ha’e ndombotujáiva’ekue che ogyke - Ha’e ndombyaiva’ekue che ogyke	Ha’e ndombotujáiva’ekue che ogyke - Ha’e ndombyaiva’ekue che ogyke	NOCHANGE
(hetave tera sa’ive yvyramatakuéra)	(hetave tera sa’ive yvyramatakuéra)	NOCHANGE
Mokõivéva tetã ñe’ẽ tee ha upéichape	Mokõivéva tetã ñe’ẽ tee ha upéichape	NOCHANGE
Peẽ peñemongetami	Peẽ peñemongetami	NOCHANGE
Ñande ndañamoheñói	Ñande ndañamoheñói	NOCHANGE
Aguyje, ndaikuaái kuri.	Aguyje, ndaikuaái kuri.	NOCHANGE
Che añembosarái hína	Che añembosarái hína	NOCHANGE
Mávapa oimo’ãta oĩha ñande rapicha ohayhuasýva guaraní ñe’ẽ, ahendu he’ihikuái, ñane retã rembe’ýpe, omomba’eguasúvo umi nerembiapo.	Mávapa oimo’ãta oĩha ñande rapicha ohayhuasýva guaraní ñe’ẽ, ahendu he’ihikuái, ñane retã rembe’ýpe, omomba’eguasúvo umi nerembiapo.	NOCHANGE
Nde ára jarohory.	Nde ára jarohory.	NOCHANGE
Ha’ekuéra nojapómi ogyke pokã	Ha’ekuéra nojapómi ogyke pokã	NOCHANGE
Mandi’o, avati, kurapepẽ ha karanda’y ru’ã omomimói ýrõ katu ombichy. mymba kamby ndo’úi, oimo’ãgui ovataha hesekuéra upe mymba reko.	Mandi’o, avati, kurapepẽ ha karanda’y ru’ã omomimói ýrõ katu ombichy. mymba kamby ndo’úi, oimo’ãgui ovataha hesekuéra upe mymba reko.	NOCHANGE
Mba’éicha hesukirito	Mba’éicha hesukirito	NOCHANGE
Che cherasy va’ekue	Che cherasy va’ekue	NOCHANGE
Ore temimbo’e tie’ỹ ojapopata	Ore temimbo’e tie’ỹ ojapopata	NOCHANGE
Nde nderejapói	Nde nderejapói	NOCHANGE
Ojapo yvy ñemboja’o oñemba’apo porãve haguã administración-pe.	Ojapo yvy ñemboja’o oñemba’apo porãve haguã administración-pe.	NOCHANGE
Che sýpente ndaipotái remombe’u pa’i.	Che sýpente ndaipotái remombe’u pa’i.	NOCHANGE
Oguãhẽ ára ajedekitávo nde rehe.	Oguãhẽ ára ajedekitávo nde rehe.	NOCHANGE
Ama oikomi ka’aguy hovy’ûvare	Ama oikomi ka’aguy hovy’ûvare	NOCHANGE
Okũmby kuri hikuái.	Okũmby kuri hikuái.	NOCHANGE
Ha’e opovyvy kuri	Ha’e opovyvy kuri	NOCHANGE
Pe pu’ã ñamoñe’ẽ ñande poyvi potĩ sakãme,	Pe pu’ã ñamoñe’ẽ ñande poyvi potĩ sakãme,	NOCHANGE
Kane’õ reikuaa’ỹva	Kane’õ reikuaa’ỹva	NOCHANGE
Nde mba’e ko ykua	Nde mba’e ko ykua	NOCHANGE
Pende ru kokuépe ohova’erã	Pende ru kokuépe ohova’erã	NOCHANGE
Chéngo ndaikuaái kuri hina upévape.	Chéngo ndaikuaái kuri hina upévape.	NOCHANGE
Ñande jaipuru ka’a ha ja’u terere.	Ñande jaipuru ka’a ha ja’u terere.	NOCHANGE
Ndokũmbýimi hikuái	Ndokũmbýimi hikuái	NOCHANGE
Upérõ (ñande) ñañanihínakuri	Upérõ (ñande) ñañanihínakuri	NOCHANGE
Ku mbói oñorairõmi	Ku mbói oñorairõmi	NOCHANGE
Mombe’u omboty kuri pende arete	Mombe’u omboty kuri pende arete	NOCHANGE
Jukyrýre osyrýva upépe ombe’úva ijapyra’ỹva ñande rekove	Jukyrýre osyrýva upépe ombe’úva ijapyra’ỹva ñande rekove	NOCHANGE
Ko po ojupíhina	Ko po ojupíhina	NOCHANGE
Peẽ napeñanga’uta	Peẽ napeñanga’uta	NOCHANGE
Yso. tr. ha’e ningo panambi térâ mberu ra’y osê ramóva tupi’águi ha okarúva ka’avóre oñembopepo mboyve.	Yso. tr. ha’e ningo panambi térâ mberu ra’y osê ramóva tupi’águi ha okarúva ka’avóre oñembopepo mboyve.	NOCHANGE
Upe riremínte oguahẽ tujami ra’ykuéra ha ohechakuaávo hikuái mávapa itúva jukahare, oñondivepa osẽ omuña ha ojuka hikuái chavukúpe.	Upe riremínte oguahẽ tujami ra’ykuéra ha ohechakuaávo hikuái mávapa itúva jukahare, oñondivepa osẽ omuña ha ojuka hikuái chavukúpe.	NOCHANGE
Ko arapy kuápe.	Ko arapy kuápe.	NOCHANGE
Peteĩ mba’e neporãva ojejapóva ha’e	Peteĩ mba’e neporãva ojejapóva ha’e	NOCHANGE
Peẽ peko’õimi	Peẽ peko’õimi	NOCHANGE
Nde nderejapókuri	Nde nderejapókuri	NOCHANGE
Pyhare, ku ijapyra’ỹva	Pyhare, ku ijapyra’ỹva	NOCHANGE
Ha nde tyvyta ku jasy ra’y	Ha nde tyvyta ku jasy ra’y	NOCHANGE
Ñemenda kuña rehayhúvare ha ha’e nderayhúva, ha’e ñeha’ã hendive jahecha mávapa ohayhu poi raẽve	Ñemenda kuña rehayhúvare ha ha’e nderayhúva, ha’e ñeha’ã hendive jahecha mávapa ohayhu poi raẽve	NOCHANGE
Ha’e nombotujaimi che ogyke - Ha’e ndombyaimi che ogyke	Ha’e nombotujaimi che ogyke - Ha’e ndombyaimi che ogyke	NOCHANGE
Pakova roguépe omo’â hembi’ukuéra.	Pakova roguépe omo’â hembi’ukuéra.	NOCHANGE
Ñande ndañakuave’ẽi umi tembi’ukuéra pytagua	Ñande ndañakuave’ẽi umi tembi’ukuéra pytagua	NOCHANGE
Ija’e’y rupi pe mitâkuña ndojejuhúi.	Ija’e’y rupi pe mitâkuña ndojejuhúi.	NOCHANGE
Ijuru ñeimo’ã’ỹva ojurata che aovevekuéra	Ijuru ñeimo’ã’ỹva ojurata che aovevekuéra	NOCHANGE
Upéicha avei oiko umi teroja moteĩva techaukarã tovake’ỹguágui.	Upéicha avei oiko umi teroja moteĩva techaukarã tovake’ỹguágui.	NOCHANGE
Mombe’ukuéra omboty kuri pende arete	Mombe’ukuéra omboty kuri pende arete	NOCHANGE
Nde rejavykýirö ñe’ëpotýpe	Nde rejavykýirö ñe’ëpotýpe	NOCHANGE
Nde nderasy	Nde nderasy	NOCHANGE
Ha’e ndombojaruita hína	Ha’e ndombojaruita hína	NOCHANGE
Tembipuru ojejapova’ekue	Tembipuru ojejapova’ekue	NOCHANGE
Ha’ekuéra ndomoheñoi	Ha’ekuéra ndomoheñoi	NOCHANGE
Ha’e ndoguapýi	Ha’e ndoguapýi	NOCHANGE
Nde nderejapómi ogyke pokã	Nde nderejapómi ogyke pokã	NOCHANGE
Ko tekove ha’e peteĩ tasyo ha mayma hasývare oñembojara tembipotapy omoambuehaguã hupa	Ko tekove ha’e peteĩ tasyo ha mayma hasývare oñembojara tembipotapy omoambuehaguã hupa	NOCHANGE
Che ambojára kuri mbovy apekuéra	Che ambojára kuri mbovy apekuéra	NOCHANGE
Ore ndorombyai kuri	Ore ndorombyai kuri	NOCHANGE
Temirendukuéra ndomongakuaai	Temirendukuéra ndomongakuaai	NOCHANGE
Nda’ipóri avaréicha ohayhúva yvypóra	Nda’ipóri avaréicha ohayhúva yvypóra	NOCHANGE
Nde ndereikuave’ẽi umi tembi’ukuéra pytagua	Nde ndereikuave’ẽi umi tembi’ukuéra pytagua	NOCHANGE
Ñande jajupi kuri	Ñande jajupi kuri	NOCHANGE
Che cherasy kuri	Che cherasy kuri	NOCHANGE
Nde rejapo	Nde rejapo	NOCHANGE
Nde nderembojarui mo’ãi	Nde nderembojarui mo’ãi	NOCHANGE
Nde reñembosarái kuri hína	Nde reñembosarái kuri hína	NOCHANGE
Ñande mba’e ko ykua	Ñande mba’e ko ykua	NOCHANGE
Topytánte ha’ekuéra	Topytánte ha’ekuéra	NOCHANGE
Mbo’eharakuéra ateneoguápe aheja che ñe’ãpoty morotĩva	Mbo’eharakuéra ateneoguápe aheja che ñe’ãpoty morotĩva	NOCHANGE
Ore noroñemoingeta	Ore noroñemoingeta	NOCHANGE
Maymáva rape.	Maymáva rape.	NOCHANGE
Ha’e ombojerehina kuri umi kutuhakuéra tuicháva	Ha’e ombojerehina kuri umi kutuhakuéra tuicháva	NOCHANGE
Nde rejavýimi iñeikotevẽva akuápe	Nde rejavýimi iñeikotevẽva akuápe	NOCHANGE
Táva ñemohenda.	Táva ñemohenda.	NOCHANGE
Ore temimbo’ekuéra tie’ỹ ojapopami	Ore temimbo’ekuéra tie’ỹ ojapopami	NOCHANGE
Ha’ekuéra ojekoha oñemiha	Ha’ekuéra ojekoha oñemiha	NOCHANGE
Ojereraha tupão ka’akupépe. ko’ága peve pe ta’anga oime tupão ka’akupépe ha upepeve	Ojereraha tupão ka’akupépe. ko’ága peve pe ta’anga oime tupão ka’akupépe ha upepeve	NOCHANGE
Ko mombe’upy pemohenduká kuri chéve peê.	Ko mombe’upy pemohenduká kuri chéve peê.	NOCHANGE
Va’ekue, ha’e gui ajapo va’ekue guive.	Va’ekue, ha’e gui ajapo va’ekue guive.	NOCHANGE
Ha’e ojupi kuri ikóni	Ha’e ojupi kuri ikóni	NOCHANGE
Ñe’ẽngatujára kuimba’e ha kuña omýiva tesape oguerúva	Ñe’ẽngatujára kuimba’e ha kuña omýiva tesape oguerúva	NOCHANGE
Sãmbyhy nde’isei pu’aka, hákatu mboajekatu peteĩ tembiaporã	Sãmbyhy nde’isei pu’aka, hákatu mboajekatu peteĩ tembiaporã	NOCHANGE
Upérõ (nde) reñanihínakuri	Upérõ (nde) reñanihínakuri	NOCHANGE
Che akũmbymi	Che akũmbymi	NOCHANGE
Ore temimbo’e tie’ỹ ojapopava’ekue	Ore temimbo’e tie’ỹ ojapopava’ekue	NOCHANGE
Mitã rehe’ỹ ndaikatúi jaiko	Mitã rehe’ỹ ndaikatúi jaiko	NOCHANGE
Peteĩ karia’y marangatu	Peteĩ karia’y marangatu	NOCHANGE
Che nañemoingeta	Che nañemoingeta	NOCHANGE
(aháma che chína)	(aháma che chína)	NOCHANGE
Ama ndoikomi ka’aguy hovy’ûvare	Ama ndoikomi ka’aguy hovy’ûvare	NOCHANGE
Nde reñembosarái hína	Nde reñembosarái hína	NOCHANGE
Ñamoingovemínga ñande avañe’ê.	Ñamoingovemínga ñande avañe’ê.	NOCHANGE
Káso ñemombe’u ha kavure, areguápe	Káso ñemombe’u ha kavure, areguápe	NOCHANGE
Oguahẽma pytu’u ichupe.	Oguahẽma pytu’u ichupe.	NOCHANGE
Tekopykuaa apopýpe, ohupyty haguã ko’ã mba’e.	Tekopykuaa apopýpe, ohupyty haguã ko’ã mba’e.	NOCHANGE
Oñembosako’i guarani ñe’ẽaty, ñe’ẽasa ha ñe’ẽjere ára peteĩha	Oñembosako’i guarani ñe’ẽaty, ñe’ẽasa ha ñe’ẽjere ára peteĩha	NOCHANGE
Hagua omanóvape), hembipurukuéra yvy, ita ha kanguégui ijapopyréva.	Hagua omanóvape), hembipurukuéra yvy, ita ha kanguégui ijapopyréva.	NOCHANGE
Ha’e ombotujáta che ogyke - Ha’e ombyaíta che ogyke	Ha’e ombotujáta che ogyke - Ha’e ombyaíta che ogyke	NOCHANGE
He’i ka’i ruvicha ta’ýra kuérape	He’i ka’i ruvicha ta’ýra kuérape	NOCHANGE
Ñande rekove	Ñande rekove	NOCHANGE
Ña’e chararã, mbohyapuha - pires.	Ña’e chararã, mbohyapuha - pires.	NOCHANGE
Ku mbói oñorairõ ikóni	Ku mbói oñorairõ ikóni	NOCHANGE
Temirendukuéra omongakuaami	Temirendukuéra omongakuaami	NOCHANGE
- che ndévente rohayhu che memby, ndaha’éi avavépe- he’i isy.-	- che ndévente rohayhu che memby, ndaha’éi avavépe- he’i isy.-	NOCHANGE
(mba’apo ha ñeipytyvõ panamá pe)	(mba’apo ha ñeipytyvõ panamá pe)	NOCHANGE
Añemboheko guaraní ñe’ẽme	Añemboheko guaraní ñe’ẽme	NOCHANGE
Peë naipeñemoñaréi kuri	Peë naipeñemoñaréi kuri	NOCHANGE
Mbo’ehára ikatupyryveva’ekue	Mbo’ehára ikatupyryveva’ekue	NOCHANGE
Che, ka’i ruvicha, ha’e che ta’yrakuérape	Che, ka’i ruvicha, ha’e che ta’yrakuérape	NOCHANGE
Upéicha avei ñande	Upéicha avei ñande	NOCHANGE
Mba’apo araka’eve ndojapoiva’erã tembiguái avavégui.	Mba’apo araka’eve ndojapoiva’erã tembiguái avavégui.	NOCHANGE
Pe techakuaa, ñepysyrõ, jehechauka ha ñeñangareko umi arandu yma	Pe techakuaa, ñepysyrõ, jehechauka ha ñeñangareko umi arandu yma	NOCHANGE
Pakova roguépe amo’â cherembi’ukuéra.	Pakova roguépe amo’â cherembi’ukuéra.	NOCHANGE
Ha’e oguapýkuri	Ha’e oguapýkuri	NOCHANGE
Che ajavýimi hína iñeikotevẽva akuápe	Che ajavýimi hína iñeikotevẽva akuápe	NOCHANGE
Ndaipóri mba’eve re’aguyjeveme’ê hagua.	Ndaipóri mba’eve re’aguyjeveme’ê hagua.	NOCHANGE
Amo ñemuha osapukáiva’ekue	Amo ñemuha osapukáiva’ekue	NOCHANGE
Mitãkuña omoheñói peteĩ mitãkuña’íme ha omano. upe mitãkuña’i, hérava mani, ombovy’a kuri oĩháicha avakuérape.	Mitãkuña omoheñói peteĩ mitãkuña’íme ha omano. upe mitãkuña’i, hérava mani, ombovy’a kuri oĩháicha avakuérape.	NOCHANGE
Investigaciones administrativas oñepyrũ va’erã omba’apo hembiapokuérape añetehápe, ha	Investigaciones administrativas oñepyrũ va’erã omba’apo hembiapokuérape añetehápe, ha	NOCHANGE
Mokõi pu’ae atã ohóva ojoapykuéri ñe’ẽpehẽme, ara-ka’eve nomoheñóiva pukõi.	Mokõi pu’ae atã ohóva ojoapykuéri ñe’ẽpehẽme, ara-ka’eve nomoheñóiva pukõi.	NOCHANGE
Ñande ñakũmbýimi	Ñande ñakũmbýimi	NOCHANGE
Upérö (che) añani hína kuri	Upérö (che) añani hína kuri	NOCHANGE
Guive ojerereko va’erã ambue asunto-rõ ha opytáne upéicha oñemba’apo haguã hese oimeraẽva	Guive ojerereko va’erã ambue asunto-rõ ha opytáne upéicha oñemba’apo haguã hese oimeraẽva	NOCHANGE
Ndaipórirõ sapy’ánte	Ndaipórirõ sapy’ánte	NOCHANGE
Che aikomi ka’aguy hovy’ûvare	Che aikomi ka’aguy hovy’ûvare	NOCHANGE
Ha’ekuéra opurahéikuri	Ha’ekuéra opurahéikuri	NOCHANGE
Ombohory nde sýpe ne ñe’ê.	Ombohory nde sýpe ne ñe’ê.	NOCHANGE
Ikatu hupytyrã ndaha’ei ko’árape jeikua mba’epa ñande, hákatu ñembotove pe ñande ha’eva	Ikatu hupytyrã ndaha’ei ko’árape jeikua mba’epa ñande, hákatu ñembotove pe ñande ha’eva	NOCHANGE
Poyvi imara’ỹva	Poyvi imara’ỹva	NOCHANGE
Jesús ha itúva peteĩ persónante.	Jesús ha itúva peteĩ persónante.	NOCHANGE
Ndachemba’ei ko ykua	Ndachemba’ei ko ykua	NOCHANGE
Oipuruta hikuái ka’a ha ho’uta terere.	Oipuruta hikuái ka’a ha ho’uta terere.	NOCHANGE
Temirendukuéra omongakuaata	Temirendukuéra omongakuaata	NOCHANGE
Che nañemoingeimi	Che nañemoingeimi	NOCHANGE
Ha peteĩ rósape ijapaitérõ jasyrundy	Ha peteĩ rósape ijapaitérõ jasyrundy	NOCHANGE
Ary, akóinte oñemboyke guarani ñe’ẽ	Ary, akóinte oñemboyke guarani ñe’ẽ	NOCHANGE
Ijuru ñeimo’ã’ỹva ndojurai che aovevekuéra	Ijuru ñeimo’ã’ỹva ndojurai che aovevekuéra	NOCHANGE
Táva guasu argentino hesâi.	Táva guasu argentino hesâi.	NOCHANGE
Ha ani orerejátei roñepy’ara’ã	Ha ani orerejátei roñepy’ara’ã	NOCHANGE
Ndéngo ndereikuaái upévape.	Ndéngo ndereikuaái upévape.	NOCHANGE
Che mba’éta ko ykua	Che mba’éta ko ykua	NOCHANGE
Che ajavýta iñeikotevẽva akuápe	Che ajavýta iñeikotevẽva akuápe	NOCHANGE
Ñande kóga purahéi.	Ñande kóga purahéi.	NOCHANGE
Ndoipurui hikuái ka’a térã ho’u terere.	Ndoipurui hikuái ka’a térã ho’u terere.	NOCHANGE
Ndikatúi va’erã oñembojo’a mokõi terã hetave tetãmini rehegua tembiapo ojepagáva,	Ndikatúi va’erã oñembojo’a mokõi terã hetave tetãmini rehegua tembiapo ojepagáva,	NOCHANGE
Hikuái oguapy	Hikuái oguapy	NOCHANGE
Hina tau ha kerana ñemoñare irundyha. ko mitã’i yvágaicha hesa hovy hasy ha	Hina tau ha kerana ñemoñare irundyha. ko mitã’i yvágaicha hesa hovy hasy ha	NOCHANGE
Okáguio ojeporu kangue rasýpe guarâ ha mba’asykuéra ñande pire reheguápe.	Okáguio ojeporu kangue rasýpe guarâ ha mba’asykuéra ñande pire reheguápe.	NOCHANGE
Tetãvore joapykuéra pegua	Tetãvore joapykuéra pegua	NOCHANGE
Ha’e ombojaruita	Ha’e ombojaruita	NOCHANGE
Mombe’ukuéra ombotyva’ekue pende arete	Mombe’ukuéra ombotyva’ekue pende arete	NOCHANGE
Ñande najajapómi ogyke pokã	Ñande najajapómi ogyke pokã	NOCHANGE
Ñaimo’ã’ỹva’erã	Ñaimo’ã’ỹva’erã	NOCHANGE
Ha’e noguerekómi	Ha’e noguerekómi	NOCHANGE
Tupã, ñande jára, nde irũnamo oiko imombe’u katupýra nde kuña pavẽgui.	Tupã, ñande jára, nde irũnamo oiko imombe’u katupýra nde kuña pavẽgui.	NOCHANGE
Pohanohára akãguapy ndombovuta	Pohanohára akãguapy ndombovuta	NOCHANGE
Ñeñemitỹko maymáva ndaha’ei nemba’erã.	Ñeñemitỹko maymáva ndaha’ei nemba’erã.	NOCHANGE
Térã yvy puru’ã ru’ãre pyhare omburea,	Térã yvy puru’ã ru’ãre pyhare omburea,	NOCHANGE
Nde, ka’i ruvicha ere nde ta’yrakuérape	Nde, ka’i ruvicha ere nde ta’yrakuérape	NOCHANGE
Omoĩ ka’i ijyva guýpe ha oipykúi hóga rape.	Omoĩ ka’i ijyva guýpe ha oipykúi hóga rape.	NOCHANGE
Amo ñemuha nosapukái kuri	Amo ñemuha nosapukái kuri	NOCHANGE
Opavave mitãkuimba’e,mitãkuña ha ikakuavéva rehe oñeha’ãva	Opavave mitãkuimba’e,mitãkuña ha ikakuavéva rehe oñeha’ãva	NOCHANGE
Hikuái kokuépe. mandyju ha manduvi niko umi mba’e oñemitỹkakuaavéva, ohepyme’ẽ	Hikuái kokuépe. mandyju ha manduvi niko umi mba’e oñemitỹkakuaavéva, ohepyme’ẽ	NOCHANGE
Ko po ndojupíri	Ko po ndojupíri	NOCHANGE
Hógape opyta itúva ha isy	Hógape opyta itúva ha isy	NOCHANGE
Upérõ (che) añani hína	Upérõ (che) añani hína	NOCHANGE
Nde reñembosaráita hína	Nde reñembosaráita hína	NOCHANGE
Ñangarekoha rehegua.	Ñangarekoha rehegua.	NOCHANGE
Hi’ãnte chéve ohendu	Hi’ãnte chéve ohendu	NOCHANGE
Ko’ã tembi’u ombojy jepe’a tatarendýpe	Ko’ã tembi’u ombojy jepe’a tatarendýpe	NOCHANGE
Ndapurahéi kuri	Ndapurahéi kuri	NOCHANGE
Chéngo aikuaá upévape.	Chéngo aikuaá upévape.	NOCHANGE
(mba’e vai itenonde haguâ tekotevênte yvyporakuéra hekokatúva ndojapói mba’eve).	(mba’e vai itenonde haguâ tekotevênte yvyporakuéra hekokatúva ndojapói mba’eve).	NOCHANGE
Ñande ypykuéra ojapo mboguaha ha ombohéra yrupê.	Ñande ypykuéra ojapo mboguaha ha ombohéra yrupê.	NOCHANGE
Amo ñemuha osapukái kuri hína	Amo ñemuha osapukái kuri hína	NOCHANGE
Jajapovaiva’ekue ha jajevy ñande jehe. mba’e tuichavéva ojejapova’ekue tekombo’épe	Jajapovaiva’ekue ha jajevy ñande jehe. mba’e tuichavéva ojejapova’ekue tekombo’épe	NOCHANGE
Ko aty ha’e upe ojehe’avéva ndaha’éiva heseguáre, ambue aty te’ỹi rehegua oikóva chaco yvytuaku gotyogua napéichai.	Ko aty ha’e upe ojehe’avéva ndaha’éiva heseguáre, ambue aty te’ỹi rehegua oikóva chaco yvytuaku gotyogua napéichai.	NOCHANGE
Ñasaindy perepere pa’ũ rupi oñemboja mbeguekatu oúvo ava oguerúva poyvi pytã, morotĩ ha hovy ijapére.	Ñasaindy perepere pa’ũ rupi oñemboja mbeguekatu oúvo ava oguerúva poyvi pytã, morotĩ ha hovy ijapére.	NOCHANGE
Ñakyrã oreve opurahéi,	Ñakyrã oreve opurahéi,	NOCHANGE
Oĩ oimeraẽ apỹinguéra kimi rehegua ojejuhúva tekoháre ha oĩ oimeraẽ ambuéva yvypórante ojapo.	Oĩ oimeraẽ apỹinguéra kimi rehegua ojejuhúva tekoháre ha oĩ oimeraẽ ambuéva yvypórante ojapo.	NOCHANGE
Tyapu ojoguáva ñe’ẽme.	Tyapu ojoguáva ñe’ẽme.	NOCHANGE
Mombe’ukuéra omboty kuri hína pende arete	Mombe’ukuéra omboty kuri hína pende arete	NOCHANGE
Ko’ã ñe’ẽriregua ojoaju’arã ñe’ẽ ijykereguáre.	Ko’ã ñe’ẽriregua ojoaju’arã ñe’ẽ ijykereguáre.	NOCHANGE
Ombohape va’erã pe tekopykuaa mba’e porã jejapo, ñemyasãi ha	Ombohape va’erã pe tekopykuaa mba’e porã jejapo, ñemyasãi ha	NOCHANGE
Ñande rape pyahurã.	Ñande rape pyahurã.	NOCHANGE
Ha’ekuéra ndojapói	Ha’ekuéra ndojapói	NOCHANGE
Jekupyty niko oĩ peteĩ pukavýpe,	Jekupyty niko oĩ peteĩ pukavýpe,	NOCHANGE
He’i ka’i ruvicha ita’ýrakuérape	He’i ka’i ruvicha ita’ýrakuérape	NOCHANGE
Temirendukuéra omongakuaa hína	Temirendukuéra omongakuaa hína	NOCHANGE
Nde poyvi araháta ko che pyti’ápe tomimbirei.	Nde poyvi araháta ko che pyti’ápe tomimbirei.	NOCHANGE
Va’ekuépe guarã oiko rire guive ra’e upéicha.	Va’ekuépe guarã oiko rire guive ra’e upéicha.	NOCHANGE
Ijuru ñeimo’ã’ỹva ndojuraiva’ekue che aovevekuéra	Ijuru ñeimo’ã’ỹva ndojuraiva’ekue che aovevekuéra	NOCHANGE
Ore rorasy	Ore rorasy	NOCHANGE
Ndaikatúi ojepurumeme guarani ñe’ẽ	Ndaikatúi ojepurumeme guarani ñe’ẽ	NOCHANGE
(aty guasu rupive oñemba’apo arapytu rehe)	(aty guasu rupive oñemba’apo arapytu rehe)	NOCHANGE
Che rasypota hina	Che rasypota hina	NOCHANGE
Ha ojejapóva oku’eva’erãha tetã ñe’ẽ	Ha ojejapóva oku’eva’erãha tetã ñe’ẽ	NOCHANGE
Tapicha marina-guápe.	Tapicha marina-guápe.	NOCHANGE
Peê penderasy	Peê penderasy	NOCHANGE
