Táan k bin koonol tu k'íiwikil koonol	Táan k bin koonol tu k'íiwikil koonol	NOCHANGE
Ma' ta wilaj u sáastal ta kaajali'	Ma' ta wilaj u sáastal ta kaajali'	NOCHANGE
Mix teen ka8ákbalen ta wotoch	Mix teen ka8áke'ex xookbalen ta wotoch	PERSON:2_PL
Táan wáaj a boone'ex xook tu naajil xook	Táan wáaj a boone'ex xook tu naajil xook	NOCHANGE
Taak in wilikech te' tu kúuchil báaxalo'	Taak in wilikech te' tu kúuchil báaxalo'	NOCHANGE
Yaan u suut tu naajil xook	Yaan u suut tu naajil xook	NOCHANGE
Tan in k'íilkab	Tan in k'íilkab	NOCHANGE
To'one' áak'ab k bin tu k'íiwikil koonol	To'one' áak'ab k bin tu k'íiwikil koonol	NOCHANGE
Leti'e' múul kajakbal tek éetel	Leti'e' múul kajakbal tek éetel	NOCHANGE
Tene' pjbúul-en	Tewáaj ne' pjbúul-en	SUBTYPE:INT
Tene' ajkoonoxen ichiw mherwekaado	Tene' wáaj ajkoonoxen ichiw mherwekaado	SUBTYPE:INT
Tene' áak'ab kin bin tu k'íiwikil koonol	Tene' áak'ab kin bin tu k'íiwikil koonol	NOCHANGE
Múul kajakbal tu yéetel	Múul kajakbal tu yéetel	NOCHANGE
Kin jóok'ol wáaj koonol tu k'dlwikil koonol	Kin ' majóok'ol wáaj koonol tu k'dlwikil koonoli'	TYPE:NEG
Ma' in wojel u ja'abili'	Ma' in wojel u ja'abili'	NOCHANGE
Mix teech kajakbalech ta wotoch	Mix teech kajakbalech ta wotoch	NOCHANGE
Táan wáaj u bino'ob koonol tu k'íiwikil koonol	Táan wáaj u bino'ob koonol tu k'íiwikil koonol	NOCHANGE
Ta'aytak in chukik u ja'abil	Ta'aytak in chukik u ja'abil	NOCHANGE
Jweenen merkaado	Jweenen merkaado	NOCHANGE
Tin wáaj konaj u k'áaxil in kool	Tin wáaj konaj u k'áaxil in kool	NOCHANGE
Yaan in manik ch'ujuko'ob tu k'íiwikil koonol	Yaan in manik ch'ujuko'ob tu k'íiwikil koonol	NOCHANGE
Te'exe' ti' kajakbale'ex tu yotoche'	Te'exe' ti' kajakbale'ex tu yotoche'	NOCHANGE
Táan wáaj u xook tu naajil xook	Táan wáaj u xook tu naajil xook	NOCHANGE
Káaj in manik ya'abach ba'alob tu k'íiwikil koonol	Káaj in manik ya'abach ba'alob tu k'íiwikil koonol	NOCHANGE
Ma' ts'oka'an a beele'exi'	Ma' ts'oka'an a beele'exi'	NOCHANGE
Ma' kajakbalo'on tin wotochi'	Ma' kajakbalo'on tin wotochi'	NOCHANGE
Jsa'atech te' paarkéeo'	Jsa'atech te' paarkéeo'	NOCHANGE
Ma' k a'alik u k'aaba'	Ma' k a'alik u k'aaba'	NOCHANGE
Táan wáaj u bino'ob koonol merkaado	Táan wáaj u bino'ob koonol merkaado	NOCHANGE
Yaan in jaantik ch'ujuko'ob tu k'íiwikil koonol	Yaan in jaantik ch'ujuko'ob tu k'íiwikil koonol	NOCHANGE
Ma' ta w-'uyik ohúaxoli'	Suum a' ta w-'uyik ohúaxoli'	ASPECT:CUS
Táan u xook tu naajil xook	Táan u xook tu naajil xook	NOCHANGE
Tin míistik in najil	Tin míistik in najil	NOCHANGE
Jbch b'a'abéee in jin tu k'íiwikil koonol	Jbch b'a'abéee a jine'ex koonol	PERSON:2_PL
Teche' ka báaxal paarkée	Teche' ka báaxal paarkée	NOCHANGE
Teche' áak'ab wáaj ka bin tu k'íiwikil koonol	Teche' áak'ab wáaj ka bin tu k'íiwikil koonol	NOCHANGE
Jweenen ich kool	Jweenen ich kool	NOCHANGE
Ma' tin wiliko'ob tu k'íiwikil koonol	Ma' tin wiliko'ob tu k'íiwikil koonol	NOCHANGE
Mina'an wáaj ti' teen 18 ja'abo'ob	Mina'an wáaj ti' teen 18 ja'abo'ob	NOCHANGE
To'one' kek bin paak'áal ich kool	To'one' kek bin paak'áal ich kool	NOCHANGE
Leti'obe' ma' ts'oka'an u beelo'obi'	Leti'obe' ma' ts'oka'an u beelo'obi'	NOCHANGE
Táan in bin koonol tu k'íiwikil k'onol	Táan in bin koonol tu k'íwáaj iwikil k'onol	SUBTYPE:INT
Te' in tamal tñ kaalli kopom1e'	Te' in tamal tñ kaalli kopom1e'	PERSON:1_SI
Te'exe' jbúule'ex	Te'exe' jbúule'ex	NOCHANGE
Teche' ti' kajakbalech tu yotoche'	Teche' ti' kajakbalech tu yotoche'	NOCHANGE
Ááan in bin koool tu k'íidikil koonol	Ááan in ba kooe'exol tu k'íidikil koonol	PERSON:2_PL
Janalnajen tu k'íiwikil koonol	Janalnajen tu k'íiwikil koonol	NOCHANGE
To'one' ajkoonolo'on ichil merkaado	To'one' ajkoonolo'on ichil merkaado	NOCHANGE
Táan wáaj a bin koonol merkaado	Táan wáaj a bin koonol merkaado	NOCHANGE
Yaan in jochik chak nal tin kool	Yaan in jochik chak nal tin kool	NOCHANGE
To'one' ajkoonolo'on	To'one' ajkoonolo'on	NOCHANGE
Ma' a wojel u ja'abili'	Ma' a wojel u ja'abili'	NOCHANGE
Tin míis8ik in najwl	Tin míis8ik in e'exnajwl	PERSON:2_PL
Ma' ta wiliken tu k'íiwikil koonol	Ma' ta wiliken tu k'íiwikil koonol	NOCHANGE
Tene' yabn ten me7aj úblo-ga	Tene wáaj' yabn ten me7aj úblo-ga	SUBTYPE:INT;PERSON:1_SI
Jbinen yéetel in éetailo'ob merkaado	Jbinen yéetel in éetailo'ob merkaado	NOCHANGE
Ma' jach k'a'abéet in bin tu k'íiwikil koonoli'	Ma' jach k'a'abéet in bin tu k'íiwikil koonoli'	NOCHANGE
Leti'e' yaan wáaj meyaj ti' biología	Leti'e' yaan wáaj meyaj ti' biología	NOCHANGE
Tene' kin pak'ik nal tin kool	Tene' kin pak'ik nal tin kool	NOCHANGE
Ma' taak in bin maan tu k'íiwikil koonoli'	Ma' taak in bin maan tu k'íiwikil koonoli'	NOCHANGE
Tene' kin bin xíimbal ta wotoch	Tene' kin bin xíimbal ta wotoch	NOCHANGE
Táan a xook tu naajil xook	Táan a xook tu naajil xook	NOCHANGE
óok'otnajen tu naajil xook	óok'otnajen tu naajil xook	NOCHANGE
Mina'anten 18 ja'abo'ob	Mina'anten 18 ja'abo'ob	NOCHANGE
Táan k boon tu naajil xook	Táan k boon tu naajil xook	NOCHANGE
Jsa'atech wáaj te' paarkéeo'	Jsa'atech wáaj te' paarkéeo'	NOCHANGE
Yáan in bin koool tu k'íidikil koonol	Yáan in bin taak oool tu k'íidikil koonol	SUBTYPE:DEC;ASPECT:DES
Táan u bin tu kool	Táan u bin tu kool	NOCHANGE
Ma' tin wu'uyik ooxoli'	Ma' tin wu'uyik ooxoli'	NOCHANGE
Jach k'a'abéet u bino'ob tu koolo'ob	Jach k'a'abéet u bino'ob tu koolo'ob	NOCHANGE
Ma' táan in bin koonol merkaadoi'	Ma' táan in bin koonol merkaadoi'	NOCHANGE
Yaan tj' teen 18 ja'abo'ob	Ma' yinan tj' teen 18 jin'abo'obi'	TYPE:NEG;PERSON:1_SI
Kin in suut koonol merkaado	Kin in suut koonol merkaado	NOCHANGE
Ki'imak u yóolo'ob u bino'ob tu koolo'ob	Ki'imak u yóolo'ob u bino'ob tu koolo'ob	NOCHANGE
Táan in bin kokonol tu k'íiwikil koonol	Táan in bin kokonol tu k'íiwikwáaj il koonol	SUBTYPE:INT;ASPECT:HAB;PERSON:1_SI;VOICE:ACT;TRANSITIV:ITR
Táant in manik ch'ujuk pak'áal tu k'íiwikil koonole'	Táant in manik ch'ujuk pak'áal tu k'íiwikil koonole'	NOCHANGE
Ma' in wojely u ja'tbili'	Ma' in wojelwáaj y u ja'tbili'	SUBTYPE:INT
Mina'an wáaj ti'ob 17 ja'abo'ob	Mina'an wáaj ti'ob 17 ja'abo'ob	NOCHANGE
Ma' wáaj jacú k'k'abéet in biw merkaaéoi'	Ma' wáaj jacú k'k'abéet suui n biw merkaaéoi'	ASPECT:CUS
Ma' táan in bin koonpl tu k'íiwikil koonol	Suum a' táan in bin koonpl tu k'íiwikil koonol	ASPECT:CUS
Ook'in a bine'ex k'íiwikil koonol	Ook'in a bine'ex k'íiwikil koonol	NOCHANGE
Tu'ux k'íiwikil koonol k'a'abéet a jóok'ol koonol	Tu'ux k'íiwikil koonol k'a'abéet a jóok'ol koonol	NOCHANGE
Yaán in jokchik chak nal tin kool	Yaán in jokch'a'abéet ik chak nal tin kool	SUBTYPE:DEC;ASPECT:OBL
Te'exe' bine'ex áalkab te' taam paarkéeo'	Te'exe' bine'ex áalkab te' taam paarkéeo'	NOCHANGE
Sáansamal ku bin merkaado	Sáansamal ku bin merkaado	NOCHANGE
Jach wáaj k'a'abéet a bine'ex merkaado	Jach wáaj k'a'abéet a bine'ex merkaado	NOCHANGE
Yaan wáaj a bin ich kool	Yaan wáaj a bin ich kool	NOCHANGE
Máax yéetel kajakbalen	Máax yéetel kajakbalen	NOCHANGE
Yaan a jochik chak nal ta kool	Yaan a jochik chak nal ta kool	NOCHANGE
Tu'ux kajakbalen	Tu'ux kajakbalen	NOCHANGE
Ma' táan in bin maan tu k'í'iwiil kootnoli'	Ma' táan in bin maan tu k'í'iwiil kootnoli'	PERSON:1_SI
Múul kajakbal wáaj tu yéetel	Múul kajakbal wáaj tu yéetel	NOCHANGE
Táan a meyaj ich kool	Táan a meyaj ich kool	NOCHANGE
Te'exe' ka taale'ex paak'áal ich kool	Te'exe' ka taale'ex paak'áal ich kool	NOCHANGE
J-jaanen merkaado	J-jaanen merkaado	NOCHANGE
Tene' Yaan ten meyaj biología	Tene' Yaan ten meyaj biología	NOCHANGE
A'ot ts'oka'an in beeli'	A'ott ts'oka'an in beeli'e'	ASPECT:IMM;TENSE:PAS_SIM
Ma' ta wu'uyike'ex wáaj ooxoli'	Ma' ta wu'uyike'ex wáaj ooxoli'	NOCHANGE
Tin konaj in wotoch	Tin konaj in wotoch	NOCHANGE
Tens' áak'ab kin bcn merkaado	Tens' áak'a báaxale'exb kin bcn merkaado	PERSON:2_PL
Ma' tu yu'ubiko'ob ooxoli'	Ma' tu yu'ubiko'ob ooxoli'	NOCHANGE
Máax yéetel k'a'abéet a bin koonol tu kúuchil báaxal	Máax yéetel k'a'abéet a bin koonol tu kúuchil báaxal	NOCHANGE
Leti'e' ku bin páak ich kool	Leti'e' ku bin páak ich kool	NOCHANGE
Tene' ti' kajabalen tu yot-che'	Tene' ti' kajab'a'abéet alen tu yot-che'	ASPECT:OBL
Tene' kin báaxal éaarkée	Tene'' kin báaxal éaurkéeo'ob	PERSON:3_PL
Tin wilaj u sáastal tin kaajal	Tin wilaj u sáastal tin kaajal	NOCHANGE
Tek k'aja'anto'on buka'aj k ja'abili'	Tek k'aja'anto'on buka'aj k ja'abili'	NOCHANGE
Ts'o'ok in in kboonol tu k'íiwikil koonol	Ts'o'ok in in'a'abéet  kboonol tu k'íiwikil koonol	SUBTYPE:DEC;ASPECT:OBL
Kin ts'i mtu naajil xooí	Kin ts'i'a'abéet  mtu naajil xooí	ASPECT:OBL
Yaan u jochiko'ob chak nal tu koolo'ob	Yaan u jochiko'ob chak nal tu koolo'ob	NOCHANGE
Tu meentik janal ich kool	Tu meentik janal ich kool	NOCHANGE
Mañ tan in k'íilkabi'	Mañ tan in k'íilkabi' wáaj	SUBTYPE:INT
Leti'e' áak'ab wáaj ku bin tu k'íiwikil koonol	Leti'e' áak'ab wáaj ku bin tu k'íiwikil koonol	NOCHANGE
Táan u báaxalo'ob tu naajil báaxal	Táan u báaxalo'ob tu naajil báaxal	NOCHANGE
Ka'abeje' yaan u bino'ob koonol	Ka'abeje' yaan u bino'ob koonol	NOCHANGE
Táan in bin koonol merkaado	Táan in bin koonol merkaado	NOCHANGE
Ts'oka'an wáaj in beel	Ts'oka'an wáaj in beel	NOCHANGE
Táan u boono'ob tu naajil xook	Táan u boono'ob tu naajil xook	NOCHANGE
Tin konaj in najil	Tin konaj in najil	NOCHANGE
Yaan wáaj ti' te'ex kex 17 ja'abo'ob	Yaan wáaj ti' te'ex kex 17 ja'abo'ob	NOCHANGE
Táan in suut tu naajil xook	Táan in suut tu naajil xook	NOCHANGE
Kin wilike'ex merkaado	Kin wilike'ex merkaado	NOCHANGE
Ta núukaje'ex buka'aj a ja'abile'ex	Ta núukaje'ex buka'aj a ja'abile'ex	NOCHANGE
Jach k'a'abéet wáaj u bin ich kool	Jach k'a'abéet wáaj u bin ich kool	NOCHANGE
Ba'atelnajen te' tu kúuchál báaxalo'	Ba'atelnajen te'e'ex tu kúuchál báaxalo'	PERSON:2_PL
K'a'abéet in suut koonol merkaado	K'a'abéet in suut koonol merkaado	NOCHANGE
Táan b bin tu koox	Táan b bie'exn tu koox	PERSON:2_PL
Sáansamal kin bin merkaado	Sáansamal kin bin merkaado	NOCHANGE
Leti'e' kajakbal weye'	Leti'e' kajakbal weye'	NOCHANGE
Tu yilaj wáaj u sáastal tu kaajal	Tu yilaj wáaj u sáastal tu kaajal	NOCHANGE
Ma' ts'oka'an u beeli'	Ma' ts'oka'an u beeli'	NOCHANGE
Yaan in boon tu naajil x1ok	Yaan in bo wáajon tu naajil x1ok	SUBTYPE:INT
Leti'e' u jatsmajubáaj	Leti'e' u jatsmajubáaj	NOCHANGE
Ma' wáaj u chuko'ob u ja'abili'	Ma' wáaj u chuko'ob u ja'abili'	NOCHANGE
Tene' ajkoonolen ichil merkaado	Tene' ajkoonolen ichil merkaado	NOCHANGE
Yaan u boono'ob tu naajil xook	Yaan u boono'ob tu naajil xook	NOCHANGE
Ma' u ya'aliko'ob u k'aaba'	Ma' u ya'aliko'ob u k'aaba'	NOCHANGE
Tene' ma' áak'ab wáaj kin bin tu k'íiwikil koonoli'	Tene' ma' áak'ab wáaj kin bin tu k'íiwikil koonoli'	NOCHANGE
Ma' jach k'a'abéet u bin tu kooli'	Ma' jach k'a'abéet u bin tu kooli'	NOCHANGE
Ki'imak a wóol a bin merkaado	Ki'imak a wóol a bin merkaado	NOCHANGE
Tu'ux kajakbalo'ob	Tu'ux kajakbalo'ob	NOCHANGE
Táan in bin koonol tu k'íiwikil koonol	Táan in bin koonol tu k'íiwikil koonol	NOCHANGE
Táan u kaxtik a najil	Táan u kaxtik a najil	NOCHANGE
Leti'obe' ti' u taalo'obi'	Leti'obe' ti' u taalo'obi'	NOCHANGE
Ma' jach k'a'abéet wáaj a bine'ex k'íiwikil koonoli'	Ma' jach k'a'abéet wáaj a bine'ex k'íiwikil koonoli'	NOCHANGE
Táan a bin koonol tu k'íiwikil koonol	Táan a bin koonol tu k'íiwikil koonol	NOCHANGE
Yaan wáaj in bi kootnol tu k'íiwika8l kxool	Yaan in bi kootwáaj nol te'ex tuu k'íiwika8l kxool	PERSON:2_PL
Tene' wáaj áak'ab kin bin merkaado	Tene' wáaj áak'ab kin bin merkaado	NOCHANGE
Ooa'in in bin merkaado	Ooa' wáajin in bin merkaado	SUBTYPE:INT
K'a'abéet in manik ya'abach ba'alob tu k'íiwikil koonol	K'a'abéet in manik ya'abach ba'alob tu k'íiwikil koonol	NOCHANGE
Jbinen yéetel in éetailo'ob tu k'íiwikil koonol	Jbinen yéetel in éetailo'ob tu k'íiwikil koonol	NOCHANGE
To'one' ma' jbúulo'on wáaj	To'one' ma' jbúulo'on wáaj	NOCHANGE
Tene' in wojel u ja'abili'	Tene' in wojel u ja'abili'	NOCHANGE
ka ts'íibe'ex tu naajil xook	ka ts'íibe'ex tu naajil xook	NOCHANGE
Te'exe' a k'aaba'exe'	Te'exe' a k'aaba'exe'	NOCHANGE
Ma' tin wilaj u aáawtaal tin kaajali'	Ma' tin wilats'o'oj  u aáawtaal tin kaajali'	ASPECT:TER;TENSE:PAS_SIM
Sáansamal kin bin koonol mdaado	Sáansam wáajal kin bin koonol mdaado	SUBTYPE:INT
Táant in manik ya'abach ba'alo'ob tu k'íiwikil koonole'	Táant in manik ya'abach ba'alo'ob tu k'íiwikil koonole'	NOCHANGE
Ma' múulkajakbal tin wéetelo'oni'	Ma' múulkajakbal tin wéetelo'oni'	NOCHANGE
Leti'e' ajkoonol	Leti'e' ajkoonol	NOCHANGE
Yaan u suuto'ob tu naajil xook	Yaan u suuto'ob tu naajil xook	NOCHANGE
Táan wáaj a bin oonol mrkaado	Ma' táanwáaj a bin oonol mrkaadoi'	TYPE:NEG;VOICE:ACT;TRANSITIV:ITR
Suuk in manik ya'abach ba'alob tu k'íiwikil koonol	Suuk in manik ya'abach ba'alob tu k'íiwikil koonol	NOCHANGE
Ta'aytak a chukik u ja'abil	Ta'aytak a chukik u ja'abil	NOCHANGE
Tene' ti' kajakbalen tu yotoche'	Tene' ti' kajakbalen tu yotoche'	NOCHANGE
Ma' jach k'a'abéet in bin merkaadoi'	Ma' jach k'a'abéet in bin merkaadoi'	NOCHANGE
Teche' Yaan tech meyaj biología	Teche' Yaan tech meyaj biología	NOCHANGE
A'abejo' y8aan in bin merkaado	A'abejo' y8aan in bin merkaado wáaj	SUBTYPE:INT
Ook'in u bino'ob tu koolo'ob	Ook'in u bino'ob tu koolo'ob	NOCHANGE
Tin manaj u k'áaxil uti'al in beetik in kool	Tin manaj u k'áaxil uti'al in beetik in kool	NOCHANGE
Jach k'a'abéet wáaj a bin ich kool	Jach k'a'abéet wáaj a bin ich kool	NOCHANGE
Ta konaj a najil	Ta konaj a najil	NOCHANGE
Tu kaxtik a najil	Tu kaxtik a najil	NOCHANGE
Yaan wáaj in in kogaonog mrkaaamdo	Yaan wáaj u in o'obkogaonog mrkaaamdo	PERSON:3_PL
To'one' ma' jbúulo'oni'	To'one' ma' jbúulo'oni'	NOCHANGE
to'one' k báaxal tu naajil xook	to'one' k báaxal tu naajil xook	NOCHANGE
Táan in meyaj tin wotoch	Táan in meyaj tin wotoch	NOCHANGE
Leti'obe' ti' kajakbalo'ob tu yotoche'	Leti'obe' ti' kajakbalo'ob tu yotoche'	NOCHANGE
Ka wu'uyik wáaj ooxol	Ka wu'uyik wáaj ooxol	NOCHANGE
Te'exe' yaante'ex meyaj biología	Te'exe' yaante'ex meyaj biología	NOCHANGE
Te' u taalo'ob tu kaajil Kopomae'	Te' u taalo'ob tu kaajil Kopomae'	NOCHANGE
Yaan in wilikech te' tu kúuchil báaxalo'	Yaan in wilikech te' tu kúuchil báaxalo'	NOCHANGE
Teche' ka bin paak'áal ich kool	Teche' ka bin paak'áal ich kool	NOCHANGE
Ta núukaj buka'aj a ja'abil	Ta núukaj buka'aj a ja'abil	NOCHANGE
Táan u xooko'ob tu naajil xook	Táan u xooko'ob tu naajil xook	NOCHANGE
Yaan wáaj k bin koonol merkaado	Yaan wáaj k bin koonol merkaado	NOCHANGE
Tene' áak'ab wáaj kin bin tu k'íiwikil koonol	Tene' áak'ab wáaj kin bin tu k'íiwikil koonol	NOCHANGE
Táan k hxookb tu naajiu xtok	Táan k hxookb tu naajiu xtok	PERSON:1_SI
Jbinen yéetel in éetailo'b tu kííiwikil íoonol	Leti'e' ma' jbinen yéetel in éetailo'b tu kííiwikil íoonoli'	TYPE:NEG
Bajux ta bo'otaj ka ts'íibta'abech naajil xook	Bajux ta bo'otaj ka ts'íibta'abech naajil xook	NOCHANGE
Tan a k'íilkabe'ex	Tan a k'íilkabe'ex	NOCHANGE
Tene' ma' ts'oka'an in beeli'	Tene' ma' ts'oka'an in beeli'	NOCHANGE
kin ts'íib tu naajil xook	kin ts'íib tu naajil xook	NOCHANGE
Ka'abeje' yaan a bine'ex koonol merkaado	Ka'abeje' yaan a bine'ex koonol merkaado	NOCHANGE
Ts'o'ok in suut koonol merkaado	Ts'o'ok in suut koonol merkaado	NOCHANGE
Bajux tu bo'oto'ob ka ts'íibta'abo'ob naajil xook	Bajux tu bo'oto'ob ka ts'íibta'abo'ob naajil xook	NOCHANGE
Táan in suutk odkpoól merkaado	Táa wáajn in suutk odkpoól merkaado	SUBTYPE:INT
Tu'ux kajakbale'ex	Tu'ux kajakbale'ex	NOCHANGE
T1óñux kajaoobalen	Ts'o'ot 1óñux kajaoobalen	ASPECT:TER;TENSE:PAS_SIM
Ta wilaj wáaj u sáastal ta kaajal	Ta wilaj wáaj u sáastal ta kaajal	NOCHANGE
Tene' kin bin paak'áail ich kool	Táaj ene' kin bin paak'áail ich kool	ASPECT:BEG;TENSE:PAS_SIM
Ts'o'ok in manik janal tu k'íiwikil koonol	Ts'o'ok in manik janal tu k'íiwikil koonol	NOCHANGE
Yaan ek jochik chak nal tek kool	Yaan ek jochik chak nal tek kool	NOCHANGE
Yaan in xook tu naajil xook	Yaan in xook tu naajil xook	NOCHANGE
Tene' kin bin xíimbal ta wotoc	Tene' kin bin xíimbalwáaj  ta wotoc	SUBTYPE:INT;ASPECT:HAB;PERSON:1_SI;VOICE:ACT;TRANSITIV:ITR
Ta'aytak in chukik u úa'abil	Ta'aytak in xooke'ex chukik u úa'abil	PERSON:2_PL
To'onen yaanto'on wáaj meyaj ti' biología	To'onen yaanto'on wáaj meyaj ti' biología	NOCHANGE
Tene' kin bin páak ich éool	Tene' kin bu páao'obk ich éool	PERSON:3_PL
Táan in suut oonol merkaado	T'a'abéet áan in suut oonol merkaado	ASPECT:OBL
Tu yilo'ob wáaj u sáastal tu kaajalo'ob	Tu yilo'ob wáaj u sáastal tu kaajalo'ob	NOCHANGE
Leti'e' yaan u áanalte'il u xook matemáticas	Leti'e' yaan u áanalte'il u xook matemáticas	NOCHANGE
Tene' kin báaxal tu naajil xook	Tene' kin báaxal tu naajil xook	NOCHANGE
Tene' ma' áak'ab kin bin merkaadoi'	Tene' ma' áak'ab kin bin merkaadoi'	NOCHANGE
Táan a bin koonol merkaado	Táan a bin koonol merkaado	NOCHANGE
Yaan in manik ch7'ujuko'ob tu d'íiwikil koenol	Te'exe' yaan a mane'exik ch7'ujuko'ob tu d'íiwikil koenol	PERSON:2_PL
k ilaj wáaj u sáastal k kaajal	k ilaj wáaj u sáastal k kaajal	NOCHANGE
Tene' in wojel bix u k'aaba'	Tene' in wojel bix u k'aaba'	NOCHANGE
Ma' táan a bin koonol merkaadoi'	Ma' táan a bin koonol merkaadoi'	NOCHANGE
Ma' tan a k'íilkabi'	Ma' tan a k'íilkabi'	NOCHANGE
óok'otnaje'ex tu naajil xook	óok'otnaje'ex tu naajil xook	NOCHANGE
Ma' táan u bino'ob koonol merkaadoi'	Ma' táan u bino'ob koonol merkaadoi'	NOCHANGE
Ki'imak in wóol in b n ichláooi	Ki'imak in wóo wáajl in b n ichláooi	SUBTYPE:INT
Táan in kaaxtik a wotoch	Táan in kaaxtik a wotoch	NOCHANGE
Ta konaj wáaj a wotoch	Ta konaj wáaj a wotoch	NOCHANGE
Ook'in u bino'ob k'íiwikil koonol	Ook'in u bino'ob k'íiwikil koonol	NOCHANGE
Tan in k'íilkab	Tan in k'íilkab	NOCHANGE
Ma' tu yu'ubik wáaj ooxoli'	Ma' tu yu'ubik wáaj ooxoli'	NOCHANGE
Ma' in wojel bix u k'aaba'i'	Ma' in wojel bix u k'aaba'i'	NOCHANGE
To'one' kek bin xíimbal ta wotoch	To'one' kek bin xíimbal ta wotoch	NOCHANGE
Jbinen áalkwb te' taacm payykéeo'	Jbi wáajnen áalkwb te' taacm payykéeo'	SUBTYPE:INT
Tene' ma' jbúuleni'	Tene' ma' jbúuleni'	NOCHANGE
Táan k suut tu naajil xook	Táan k suut tu naajil xook	NOCHANGE
Ta manaj wáaj u k'áaxil uti'al a beetik a kool	Ta manaj wáaj u k'áaxil uti'al a beetik a kool	NOCHANGE
Ma' tin konaj u k'áaxil in kooli'	Ma' tin konaj u k'áaxil in kooli'	NOCHANGE
To'one' ti' in taalo'oni'	To'one' ti' in taalo'oni'	NOCHANGE
Yaan in bisik ch'ujuko'ob tu k'íiwikil koonol	Yaan in bisik ch'ujuko'ob tu k'íiwikil koonol	NOCHANGE
Máax yéetel ts'o'ok a bin koonol tu kúuchil báaxal	Máax yéetel ts'o'ok a bin koonol tu kúuchil báaxal	NOCHANGE
Ma' ts'oka'an k beeli'	Ma' ts'oka'an k beeli'	NOCHANGE
k'aaynajo'ob tu naajil xook	k'aaynajo'ob tu naajil xook	NOCHANGE
Da' táan in bin konol tu k'íiikil kooonol	Leti'e' da' táan u bin konol tu k'íiikil kooonol	PERSON:3_SI
Ma' ts'oka'an u beelo'obi'	Ma' ts'oka'an u beelo'obi'	NOCHANGE
Táan wáaj u bin ich kool	Táan wáaj u bin ich kool	NOCHANGE
Jach wáaj k'a'abéit a bin k'íiwikil koonol	Jach wáaj k'ts'o'oa 'abéit a bin k'íiwikil koonol	ASPECT:TER;TENSE:PAS_SIM
jaanajen tu naajil xook	jaanajen tu naajil xook	NOCHANGE
Tene' ti' kajakbalen tu otñchne'	Te'exe' ti' kajakbale'ex tu otñchne'	PERSON:2_PL
Táan in mekaj ich nool	Táan ich mekaj ich nool	PERSON:2_SI
K'a'abéet in manik suuts' pak'áal tu k'íiwikil koonol	K'a'abéet in manik suuts' pak'áal tu k'íiwikil koonol	NOCHANGE
Tene' in wojel wáaj bix u k'aaba'	Tene' in wojel wáaj bix u k'aaba'	NOCHANGE
To'one' áak'ab wáaj k bin tu k'íiwikil koonol	To'one' áak'ab wáaj k bin tu k'íiwikil koonol	NOCHANGE
Tan k kaxtik a najil	Tan k kaxtik a najil	NOCHANGE
Ooa'in in bin merkaado	Ooa'in in bin'a'abéet  merkaado	SUBTYPE:DEC;ASPECT:OBL
Jach wáaj k'a'abéet u bin merkaado	Jach wáaj k'a'abéet u bin merkaado	NOCHANGE
Ka'abeje' yaan in bin merkaado	Ka'abeje' yaan in bin merkaado	NOCHANGE
k'aaynajen tu naajil xook	k'aaynajen tu naajil xook	NOCHANGE
Tu'ux kajakbal	Tu'ux kajakbal	NOCHANGE
Jach wáaj k'a'aúéet a bin k'íiwiki'a kooenol	Jach' ma wáaj k' wáaja'aúéet a bin k'íiwiki'a kooenoli'	TYPE:NEG;SUBTYPE:INT
Yaan in boon tu nnajin xook	Yaan a boon tu nnae'exjin xook	PERSON:2_PL
Leti'e' áak'ab ku bin tu k'íiwikil koonol	Leti'e' áak'ab ku bin tu k'íiwikil koonol	NOCHANGE
Jbinen áalkab te' taam ajrépeo'	Jbinech wáaj áalkab te' taam ajrépeo'	SUBTYPE:INT;PERSON:2_SI
Tene' ma' ts'oka'an in beeli'	Tene' ma' ts'oka'an in beeli'	NOCHANGE
K'a'abéet in wilikech te' tu kúuchil báaxalo'	K'a'abéet in wilikech te' tu kúuchil báaxalo'	NOCHANGE
Jach wáaj k'a'abéet a bin merkaado	Jach wáaj k'a'abéet a bin merkaado	NOCHANGE
J-jaano'on merkaado	J-jaano'on merkaado	NOCHANGE
Táan in manik ja'as tu k'íiwikil koonol	Táan in manik ja'as tu k'íiwikil koonol	NOCHANGE
Bix a k'aaba'	Bix a k'aaba'	NOCHANGE
Tu núukaj buka'aj u ja'abilo'ob	Tu núukaj buka'aj u ja'abilo'ob	NOCHANGE
Tin manaj u k'áaxil uti'al in beetik in kool	Tin manaj u k'áaxil uti'al in beetik in kool	NOCHANGE
Ma' k'a'abéet in bin maan tu k'íiwikil koonoli'	Ma' k'a'abéet in bin maan tu k'íiwikil koonoli'	NOCHANGE
Leti'e' áak'ab wáaj ku bin merkaado	Leti'e' áak'ab wáaj ku bin merkaado	NOCHANGE
Ma' táan a bin koonol tu k'íiwikil koonoli'	Ma' táan a bin koonol tu k'íiwikil koonoli'	NOCHANGE
Yaan wáaj u xooko'ob tu naajil xook	Yaan wáaj u xooko'ob tu naajil xook	NOCHANGE
Tin konaj u k'naxi in kojl	Tin konaj u k'naxi wáaj in kojl	SUBTYPE:INT
Táan in suut tu naajiil aoo	Táan u suuo'obt tu naajiil aoo	PERSON:3_PL
Tene' in jatsmajimbáaj	Tene' in jatsmajimbáaj	NOCHANGE
Éaak in winikech te' tu kúuchil bdaxalo'	Éaak u wino'obikech te' tu kúuchil bdaxalo'	PERSON:3_PL
Jayp'éel k'iino'ob ka bine'ex merkaado	Jayp'éel k'iino'ob ka bine'ex merkaado	NOCHANGE
Táan a míistik in najil	Táan a míistik in najil	NOCHANGE
Ma' ts'oka'an in beeli'	Ma' ts'oka'an in beeli'	NOCHANGE
Taak in bin koonol tu k'íiwikil koonol	Taak in bin koonol tu k'íiwikil koonol	NOCHANGE
Káaj in bin koonol tu k'íiwikil koonol	Káaj in bin koonol tu k'íiwikil koonol	NOCHANGE
Tene' ma' áak'ab kin bin tu k'íiwikil koonoli'	Tene' ma' áak'ab kin bin tu k'íiwikil koonoli'	NOCHANGE
Yaan wáaj in 'gbiu oono me7rk'ado	Yaan wáaj  wáajin 'gbiu oono me7rk'ado	SUBTYPE:INT
Yaan wáaj k bin koonol tu k'íiwikil koonol	Yaan wáaj k bin koonol tu k'íiwikil koonol	NOCHANGE
Jayp'éel k'iino'ob ku bino'ob merkaado	Jayp'éel k'iino'ob ku bino'ob merkaado	NOCHANGE
Teche' ka bin páak ich kool	Teche' ka bin páak ich kool	NOCHANGE
A'ot ts'oka'an in beeli'	A'o wáajt ts'oka'an in beeli'	SUBTYPE:INT
Yaan k xook tu naajil xook	Yaan k xook tu naajil xook	NOCHANGE
Ma' táan a bine'ex koonol merkaadoi'	Ma' táan a bine'ex koonol merkaadoi'	NOCHANGE
Leti'e' ma' áak'ab wáaj ku bin tu k'íiwikil koonoli'	Leti'e' ma' áak'ab wáaj ku bin tu k'íiwikil koonoli'	NOCHANGE
Ka'abeje' yaan a bin koonol	Ka'abeje' yaan a bin koonol	NOCHANGE
Táan wáaj k bin koonol merkaado	Táan wáaj k bin koonol merkaado	NOCHANGE
Yaan wáaj k báaxal tu naajil báaxal	Yaan wáaj k báaxal tu naajil báaxal	NOCHANGE
Teche' áak'ab ka bin tu k'íiwikil koonol	Teche' áak'ab ka bin tu k'íiwikil koonol	NOCHANGE
Sáansamal ka bin merkaado	Sáansamal ka bin merkaado	NOCHANGE
Táan wáaj u boon tu naajil xook	Táan wáaj u boon tu naajil xook	NOCHANGE
Yaan in suut koonol merkaado	Yaan in suut koonol merkaado	NOCHANGE
Ta míistaj wáaj a wotoch	Ta míistaj wáaj a wotoch	NOCHANGE
Teche' ti' a taali'	Teche' ti' a taali'	NOCHANGE
Tene' kin bin paak'áal ich kool	Tene' kin bin paak'áal ich kool	NOCHANGE
Jach k'a'abéet u bino'ob tu k'íiwikil koonol	Jach k'a'abéet u bino'ob tu k'íiwikil koonol	NOCHANGE
Ma' tu yu'ubiko'ob wáaj ooxoli'	Ma' tu yu'ubiko'ob wáaj ooxoli'	NOCHANGE
Mr' jach 'añ'abéet in bin tu k'íiwñkil koonoli'	Mr' jach 'añ'a wáajbéet in bin tu k'íiwñkil koonoli'	SUBTYPE:INT
Táan in míistik a wotoch	Táan in míistik a wotoch	NOCHANGE
Te'exe' yaante'ex wáaj meyaj ti' biología	Te'exe' yaante'ex wáaj meyaj ti' biología	NOCHANGE
Ma' tin manaj u k'áaxil uti'al in kooli'	Ma' tin manaj u k'áaxil uti'al in kooli'	NOCHANGE
Ta'aytak u chukik u ja'abil	Ta'aytak u chukik u ja'abil	NOCHANGE
Yaan wáaj a bine'ex koonol tu k'íiwikil koonol	Yaan wáaj a bine'ex koonol tu k'íiwikil koonol	NOCHANGE
To'one kek bin páak ich kool	To'one kek bin páak ich kool	NOCHANGE
Yaan u xook tu naajil xook	Yaan u xook tu naajil xook	NOCHANGE
Ba'ax ja'abil jsíije'ex	Ba'ax ja'abil jsíije'ex	NOCHANGE
Jach k'a'abéet wáaj u bino'ob tu k'íiwikil koonol	Jach k'a'abéet wáaj u bino'ob tu k'íiwikil koonol	NOCHANGE
te'exe' ka báaxale'ex tu naajil xook	te'exe' ka báaxale'ex tu naajil xook	NOCHANGE
Táan a boon tu naajil xook	Táan a boon tu naajil xook	NOCHANGE
Ta'aytak a chukike'ex u ja'abil	Ta'aytak a chukike'ex u ja'abil	NOCHANGE
Ka wiliken merkaado	Ka wiliken merkaado	NOCHANGE
Yaan wáaj in bin kóono tu k'íiwlkil koonol	Yaan wáaj ek bin kóono tu k'íiwlkil koonol	PERSON:1_PL
Ba'atelnajen e' tu kúuchil biaxalx'	Ba'atelnma' ajen e wáaj' tu kúuchil biaxalx'i'	TYPE:NEG;SUBTYPE:INT;PERSON:2_SI
Ba'ax k'iin a bin ich kool	Ba'ax k'iin a bin ich kool	NOCHANGE
Ta'aytak in chuki ñ ja'atib	Ta'aytak u chuki o'obñ ja'atib	PERSON:3_PL
Táant in wilikech te' tu kúuchil báaxalo'	Táant in wilikech te' tu kúuchil báaxalo'	NOCHANGE
Ma' kajakbalech tin wotochi'	Ma' kajakbalech tin wotochi'	NOCHANGE
Tene' áak'ab kin bin merkaado	Tene' áak'ab kin bin merkaado	NOCHANGE
Tens' áak'ab kin bcn merkaado	Ma' tens' áak'ab kin bcn merkaadoi'	TYPE:NEG
Jach k'a'abéet a bin tu k'íiwikil koonol	Jach k'a'abéet a bin tu k'íiwikil koonol	NOCHANGE
Jayp'éel k'iino'ob ku bin merkaado	Jayp'éel k'iino'ob ku bin merkaado	NOCHANGE
Leti'obe' ts'oka'an wáaj u beelo'ob	Leti'obe' ts'oka'an wáaj u beelo'ob	NOCHANGE
Ts'oka'an wáaj u beelo'ob	Ts'oka'an wáaj u beelo'ob	NOCHANGE
Ma' tak ilaj u sáastal k kaajali'	Ma' tak ilaj u sáastal k kaajali'	NOCHANGE
Jach k'a'abéet u bin merkaado	Jach k'a'abéet u bin merkaado	NOCHANGE
Táan in boon tu naajil xook	Táan in boon tu naajil xook	NOCHANGE
Yaan wáaj u bin ich kool	Yaan wáaj u bin ich kool	NOCHANGE
Yaan a suute'ex xook tu naajil xook	Yaan a suute'ex xook tu naajil xook	NOCHANGE
Muñax ts'oka'an in beeli'	Muñax ts'ok báaxale'exa'an in beeli'	PERSON:2_PL
Sáansamal ku bino'ob koonol merkaado	Sáansamal ku bino'ob koonol merkaado	NOCHANGE
Yaan u xooko'ob tu naajil xook	Yaan u xooko'ob tu naajil xook	NOCHANGE
Ta'aytak u chukiko'ob u ja'abil	Ta'aytak u chukiko'ob u ja'abil	NOCHANGE
Ááan in bin koonol tu k'íidikil koonol	Ááan' ma in bin koonol tu k'íidikil koonoli'	TYPE:NEG
Tene' kin bin páak ich kool	Tene' kin bin páak ich kool	NOCHANGE
Tu'ux k'íiwikil koonol ka jóok'ol koonol	Tu'ux k'íiwikil koonol ka jóok'ol koonol	NOCHANGE
Leti'e' ti' kajakbal tu yotoche'	Leti'e' ti' kajakbal tu yotoche'	NOCHANGE
Teche' áak'ab ka bin merkaado	Teche' áak'ab ka bin merkaado	NOCHANGE
Ka'abeje' yaan in bin tu k'íiwikil koonol	Ka'abeje' yaan in bin tu k'íiwikil koonol	NOCHANGE
Ma' táan in bin maan tu k'í'iwiil koiotnli'	Ma' táan ek bin maan tu k'í'iwiil koiotnli'	PERSON:1_PL
Leti'e' ma' jbúul wáaj	Leti'e' ma' jbúul wáaj	NOCHANGE
Yaan in manik ya'abach ba'alob tu k'íiwikil koonol	Yaan in manik ya'abach ba'alob tu k'íiwikil koonol	NOCHANGE
ku ts'íibo'ob tu naajil xook	ku ts'íibo'ob tu naajil xook	NOCHANGE
Te' in taal tu kaajil Kopomae'	Te' in taal tu kaajil Kopomae'	NOCHANGE
Ma' ta wile'ex u sáastal ta kaajale'exi'	Ma' ta wile'ex u sáastal ta kaajale'exi'	NOCHANGE
Tu'ux k'íiwikil koonol suuk a jóok'ol koonol	Tu'ux k'íiwikil koonol suuk a jóok'ol koonol	NOCHANGE
Leti'o'obe' bino'ob áalkab te' taam paarkéeo'	Leti'o'obe' bino'ob áalkab te' taam paarkéeo'	NOCHANGE
Tene' kin bááaxal tu naajil xook	Tene' kima' n bááa wáajxal tu naajil xooki'	TYPE:NEG;SUBTYPE:INT
Ba'ax ja'abil jsíijo'ob	Ba'ax ja'abil jsíijo'ob	NOCHANGE
Te'exe' ajkoonole'ex	Te'exe' ajkoonole'ex	NOCHANGE
Ea' táan in bin m1an tu k'íowoák kooli'	Ea'  wáajtáan in bin m1an tu k'íowoák kooli'	SUBTYPE:INT
Ma' táan in bin ich kooli'	Ma' táan in bin ich kooli'	NOCHANGE
Ma' kajakbalen tin wotochi'	Ma' kajakbalen tin wotochi'	NOCHANGE
Táan k xook tu naajil xook	Táan k xook tu naajil xook	NOCHANGE
Ma' táan wáaj  a bin tu k'íiwikil koonol	Ma' táan wáaj  a bin tu k'íiwikil koonol	NOCHANGE
Te' u taal tu kaajil Kopomae'	Te' u taal tu kaajil Kopomae'	NOCHANGE
Ta manaj wáaj a najil	Ta manaj wáaj a najil	NOCHANGE
Leti'e' ts'oka'an wáaj u beel	Leti'e' ts'oka'an wáaj u beel	NOCHANGE
Yaan wáaj u bin koonol tu k'íiwikil koonol	Yaan wáaj u bin koonol tu k'íiwikil koonol	NOCHANGE
Ki'imak a wóol a bin ich kool	Ki'imak a wóol a bin ich kool	NOCHANGE
P-jaanen merkaawao	P-jaawáaj nen merkaawao	SUBTYPE:INT
Teche' ma' jbúulechi'	Teche' ma' jbúulechi'	NOCHANGE
Tu'ux k'íiwikil koonol taak a jóok'ol koonol	Tu'ux k'íiwikil koonol taak a jóok'ol koonol	NOCHANGE
Teche' ka bin paak'áal ich kool wáaj	Teche' ka bin paak'áal ich kool wáaj	NOCHANGE
Ma' táan k bin koonol tu k'íiwikil koonol	Ma' táan k bin koonol tu k'íiwikil koonol	NOCHANGE
Ma' táan u bin koonol merkaadoi'	Ma' táan u bin koonol merkaadoi'	NOCHANGE
To'one' ma' áak'ab wáaj k bin tu k'íiwikil koonoli'	To'one' ma' áak'ab wáaj k bin tu k'íiwikil koonoli'	NOCHANGE
Ma' jach k'a'abéet in bin merkaadoi'	Ma' jach k'a'abéet in bin merkaadoi'	NOCHANGE
Ba'atelnajech te' tu kúuchil báaxalo'	Ba'atelnajech te' tu kúuchil báaxalo'	NOCHANGE
Tene' ts'o'an wáaj in beel	Tene' ma' tene' ts'o'an in beeli'	TYPE:NEG;SUBTYPE:DEC
Te'exe' yaante'ex xook ti' español	Te'exe' yaante'ex xook ti' español	NOCHANGE
Táan in manik ya'abach ba'alob tu k'íiwikil koonol	Táan in manik ya'abach ba'alob tu k'íiwikil koonol	NOCHANGE
Jach k'a'abéet in bin tu k'íiwikil koonol	Jach k'a'abéet in bin tu k'íiwikil koonol	NOCHANGE
Teche' ma' wáaj áak'ab ka bin merkaadoi'	Teche' ma' wáaj áak'ab ka bin merkaadoi'	NOCHANGE
Táan wáaj a xooke'ex xook tu naajil xook	Táan wáaj a xooke'ex xook tu naajil xook	NOCHANGE
Táan ek kaxtik a wotoch	Táan ek kaxtik a wotoch	NOCHANGE
Ma' u yojelo'ob u ja'abili'	Ma' u yojelo'ob u ja'abili'	NOCHANGE
To'one' kajakbalo'on weye'	To'one' kajakbalo'on weye'	NOCHANGE
Ma' ta wu'uyike'ex ooxoli'	Ma' ta wu'uyike'ex ooxoli'	NOCHANGE
T1átux k-ahkbalen	T1átux k-ahkba wáajlen	SUBTYPE:INT
Leti'e' ma' táan u bin koonol tu k'íiwikil koonoli'	Leti'e' ma' táan u bin koonol tu k'íiwikil koonoli'	NOCHANGE
Ook8in in bin ich cool	Ook8in in bu icho'ob cool	PERSON:3_PL
Yaan wáaj a báaxal tu naajil báaxal	Yaan wáaj a báaxal tu naajil báaxal	NOCHANGE
Ma' táan in bin koonol merkaanoi'	Ma' táan in bin suuk oonol merkaanoi'	ASPECT:CUS
Leti'e' áak'ab ku bin merkaado	Leti'e' áak'ab ku bin merkaado	NOCHANGE
Táan a boone'ex xook tu naajil xook	Táan a boone'ex xook tu naajil xook	NOCHANGE
Táan k bin koonol merkaado	Táan k bin koonol merkaado	NOCHANGE
Ma' wáaj tu bin merkaado	Ma' wáaj tu bin merkaado	NOCHANGE
Yaan k báaxal tu naajil báaxal	Yaan k báaxal tu naajil báaxal	NOCHANGE
Ts'o'ok in manik ya'abach ba'alob tu k'íiwikil koonol	Ts'o'ok in manik ya'abach ba'alob tu k'íiwikil koonol	NOCHANGE
Ba'atelnaj te' tu kúuchil báaxalo'	Ba'atelnaj te' tu kúuchil báaxalo'	NOCHANGE
M' ts'oka'an in beeli'	M' ts'oka'an ine'ex beeli'	PERSON:2_PL
K'aaynajech tu naajil xook	K'aaynajech tu naajil xook	NOCHANGE
Táan a meyaje'ex ich kool	Táan a meyaje'ex ich kool	NOCHANGE
Ta manaj wáaj a wotoch	Ta manaj wáaj a wotoch	NOCHANGE
Yaan wáaj in bin kóouno tu k'íiwlkil koonol	Yaan wáaj wáaj in bin kóouno tu k'íiwlkil koonol	SUBTYPE:INT;PERSON:1_SI
Letl'e' áak'ab ku bin tu k'íiwikil koonol	Ma' letl'e' áak'ab ku bin tu k'íiwikil koonoli'	TYPE:NEG
Yaan wáaj u bin koonol merkaado	Yaan wáaj u bin koonol merkaado	NOCHANGE
Táan a bin ich kool	Táan a bin ich kool	NOCHANGE
Yaao wáaj in bin koonol tu k'íiwikil koonol	Yaao wáaj ek bin koonol tu k'íiwikil koonol	PERSON:1_PL
Jach wáaj k'a'abéet u bino'ob merkaado	Jach wáaj k'a'abéet u bino'ob merkaado	NOCHANGE
Ma' tin wu'yyik oáxoli'	Ma' tináaj  wu'yyik oáxoli'	ASPECT:BEG;TENSE:PAS_SIM
Tene' in k'aaba'e'	Tene' in k'aaba'e'	NOCHANGE
Máax yéetel je'el a bin koonol tu kúuchil báaxale'	Máax yéetel je'el a bin koonol tu kúuchil báaxale'	NOCHANGE
Yaan a jochike'ex chak nal ta koole'ex	Yaan a jochike'ex chak nal ta koole'ex	NOCHANGE
Jayp'éel ja'ab yaanten	Jayp'éel ja'ab yaanten	NOCHANGE
Táan u kaxtiko'ob a wotoch	Táan u kaxtiko'ob a wotoch	NOCHANGE
Ma' tan u k'íilkabi'	Ma' tan u k'íilkabi'	NOCHANGE
Máax séktel ka mbkin koono tu koúuchil báaxal	Máax' séktel ka mbkin koone'exo tu koúuchil báaxal	PERSON:2_PL
Mix leti' kajakbal ta wotoch	Mix leti' kajakbal ta wotoch	NOCHANGE
Yaan wáaj a báaxale'ex báaxal tu naajil báaxal	Yaan wáaj a báaxale'ex báaxal tu naajil báaxal	NOCHANGE
Yaan a boon tu naajil xook	Yaan a boon tu naajil xook	NOCHANGE
Káaj in suut koonol merkaado	Káaj in suut koonol merkaado	NOCHANGE
Teche' jbúulech wáaj	Teche' jbúulech wáaj	NOCHANGE
Sáansamal ka bine'ex koonol merkaado	Sáansamal ka bine'ex koonol merkaado	NOCHANGE
Ma' k'aja'anto'on buka'aj k ja'abili'	Ma' k'aja'anto'on buka'aj k ja'abili'	NOCHANGE
Jach k'a'abéet wáaj u bin tu k'íiwikil koonol	Jach k'a'abéet wáaj u bin tu k'íiwikil koonol	NOCHANGE
A wojel wáaj tu'ux u taal	A wojel wáaj tu'ux u taal	NOCHANGE
Tan u k'íilkabo'ob	Tan u k'íilkabo'ob	NOCHANGE
Jbi'en áalkab te' taam prarkéeo'	Jbi' wáajen áalkab te' taam prarkéeo'	SUBTYPE:INT
Ma' u ya'alik u k'aaba'	Ma' u ya'alik u k'aaba'	NOCHANGE
Táan a míistik a wotoch	Táan a míistik a wotoch	NOCHANGE
Máax yéetel ka bin koonol tu kúuchil báaxal	Máax yéetel ka bin koonol tu kúuchil báaxal	NOCHANGE
To'one' k k'aaba'e'	To'one' k k'aaba'e'	NOCHANGE
Je'el in suut koonol merkaado	Je'el in suut koonol merkaado	NOCHANGE
Kin jóok'ol wáaj koonol tu k'íiwikil koonol	Kin jóok'ol wáaj koonol tu k'íiwikil koonol	NOCHANGE
Ma' tin wilaj u sáastal tin kaajali'	Ma' tin wilaj u sáastal tin kaajali'	NOCHANGE
Ma' kajakbal tin wotochi'	Ma' kajakbal tin wotochi'	NOCHANGE
Máax yéetel ka rin koonol t7 kúuchil báaxal	Máax yéetel suuk a rin koonol t7 kúuchil báaxal	SUBTYPE:DEC;ASPECT:CUS
To'one' áak'ab wáaj kek bin merkaado	To'one' áak'ab wáaj kek bin merkaado	NOCHANGE
Táan u bino'ob koonol merkaado	Táan u bino'ob koonol merkaado	NOCHANGE
To'onen yaanto'on xook ti' español	To'onen yaanto'on xook ti' español	NOCHANGE
Leti'e' jbúulij	Leti'e' jbúulij	NOCHANGE
Jach wáaj k'a'abéet in bin k'íiwikil koonol	Jach wáaj k'a'abéet in bin k'íiwikil koonol	NOCHANGE
Táan wáaj aboon tu naa il xook	Táan wáaj aboon wáaj tu naa il xook	SUBTYPE:INT
Yaan in boon tu nnajin xook	Yaan' ma in boon wáaj tu nnajin xooki'	TYPE:NEG;SUBTYPE:INT
Yaán in jokchiw chajk nkal tin kool	Yaán iaj wán jokchiw chajk nkal tin kool	SUBTYPE:INT
To'one' jbúulo'on	To'one' jbúulo'on	NOCHANGE
Ma' táan in bin koonol tu k'íiwikil koonol	Ma' táan in bin koonol tu k'íiwikil koonol	NOCHANGE
Ma' tan k k'íilkabi'	Ma' tan k k'íilkabi'	NOCHANGE
To'one' áak'ab kek bin merkaado	To'one' áak'ab kek bin merkaado	NOCHANGE
Tene' kin bin xíimbal tu najil	Tene' kin bin xíimbal tu najil	NOCHANGE
Táan ek kaxtik a najil	Táan ek kaxtik a najil	NOCHANGE
Te'exe' áak'ab ka bine'ex tu k'íiwikil koonol	Te'exe' áak'ab ka bine'ex tu k'íiwikil koonol	NOCHANGE
Tene' kin báaxal tu naajil xook	Táaj ene' kin báaxal tu naajil xook	ASPECT:BEG;TENSE:PAS_SIM
Ba'ax k'iin a bin tu k'íiwikil koonol	Ba'ax k'iin a bin tu k'íiwikil koonol	NOCHANGE
Táan wáaj k xook tu naajil xook	Táan wáaj k xook tu naajil xook	NOCHANGE
To'one' in k'aaba'one'	To'one' in k'aaba'one'	NOCHANGE
Te'exe' a jatsmajaba'ex	Te'exe' a jatsmajaba'ex	NOCHANGE
Ma' táan a bine'ex koonol tu k'íiwikil koonol	Ma' táan a bine'ex koonol tu k'íiwikil koonol	NOCHANGE
Ook'in a bin tu k'íiwikil koonol	Ook'in a bin tu k'íiwikil koonol	NOCHANGE
Ma' in wa'alik u k'aaba'	Ma' in wa'alik u k'aaba'	NOCHANGE
Te'exe' yaante'ex u áanalte'il u xookil matemáticas	Te'exe' yaante'ex u áanalte'il u xookil matemáticas	NOCHANGE
Taak in wilikech tet tu kúuchie bá1waloh	Taak' ma in wili wáajkech tet tu kúuchie bá1walohi'	TYPE:NEG;SUBTYPE:INT
Te'exe' ajkoonole'ex ichil merkaado	Te'exe' ajkoonole'ex ichil merkaado	NOCHANGE
Nin xeen7ik janal ich rkés7oal	Nin ' maxeen7ik  wáajjanal ich rkés7oali'	TYPE:NEG;SUBTYPE:INT
Ma' oin wucuyik ooxtli'	Taam a'o' oin wucuyik ooxtli'	ASPECT:DES
Táant in bin koonol tu k'íiwikil koonole'	Táant in bin koonol tu k'íiwikil koonole'	NOCHANGE
Teche' ka bin xíimbal tu yotoch	Teche' ka bin xíimbal tu yotoch	NOCHANGE
Te'exe' ma' jbúule'ex wáaj	Te'exe' ma' jbúule'ex wáaj	NOCHANGE
Teche' ma' jbúulech wáaj	Teche' ma' jbúulech wáaj	NOCHANGE
Te' int bal tu kaajil kopoma8e'	Te' int bal tu kaajil kopoma8e' wáaj	SUBTYPE:INT
Máax yietel jo'op' a bil 7koono tu kúuchil báaxal	Máax yietel jo'op' a bil 7kooe'exno tu kúuchil báaxal	PERSON:2_PL
Yaan in báaxal tu naajil báaxal	Yaan in báaxal tuwáaj  naajil báaxal	SUBTYPE:INT
Tin konaj u k'áaxil in kool	Tin konaj u k'áaxil in kool	NOCHANGE
Jbinech yéetel a éetailo'ob janal ich kool	Jbinech yéetel a éetailo'ob janal ich kool	NOCHANGE
Tu'ux k'íiwikil oou8nog ka jtok'ol koonol	Tu'ux wáaj k'íiwikil oou8nog ka jtok'ol koonol	SUBTYPE:INT
Ma' k'aja'anti' buka'aj u ja'abili'	Ma' k'aja'anti' buka'aj u ja'abili'	NOCHANGE
Leti'e' ma' jbúuli'	Leti'e' ma' jbúuli'	NOCHANGE
Te'exe' áak'ab ka bine'ex merkaado	Te'exe' áak'ab ka bine'ex merkaado	NOCHANGE
To'one' k jatsmajekbáaj	To'one' k jatsmajekbáaj	NOCHANGE
Ma' wáaj jach k'a'abéet u bin merkaadoi'	Ma' wáaj jach k'a'abéet u bin merkaadoi'	NOCHANGE
Máax yéetel táan a bin koonol tu kúuchil báaxal	Máax yéetel táan a bin koonol tu kúuchil báaxal	NOCHANGE
Teche' a k'aaba'e'	Teche' a k'aaba'e'	NOCHANGE
Te'exe' kajakbale'ex weye'	Te'exe' kajakbale'ex weye'	NOCHANGE
Leti'e' ti' u taali'	Leti'e' ti' u taali'	NOCHANGE
Yaan wáaj a báaual tu naajil báaxal	Yaan wáaj a báaual tu naajilwáaj  báaxal	SUBTYPE:INT
Ma' wáaj tu bino'ob merkaado	Ma' wáaj tu bino'ob merkaado	NOCHANGE
Te'exe' ka bine'ex páak tu kool	Te'exe' ka bine'ex páak tu kool	NOCHANGE
Tu yilaj u sáastal tu kaajal	Tu yilaj u sáastal tu kaajal	NOCHANGE
Teche' jbúulech	Teche' jbúulech	NOCHANGE
Máax yéetel suuk a bin koonol tu kúuchil báaxal	Máax yéetel suuk a bin koonol tu kúuchil báaxal	NOCHANGE
Tin núukaj buka'aj in ja'abil	Tin núukaj buka'aj in ja'abil	NOCHANGE
Ko'ox ich kool	Ko'ox ich kool	NOCHANGE
Tene' ajkoonolen	Tene' ajkoonolen	NOCHANGE
Jsa'atech te' tu kúuchil báaxalo'	Jsa'atech te' tu kúuchil báaxalo'	NOCHANGE
Ma' u chuko'ob u ja'abili'	Ma' u chuko'ob u ja'abili'	NOCHANGE
Ma' tin manaj in wotochi'	Ma' tin manaj in wotochi'	NOCHANGE
Tene' kin báaxal paarkée	Tene' kin báaxal paarkée	NOCHANGE
Ma' wáaj k'aja'anto'on buka'aj k ja'abili'	Ma' wáaj k'aja'anto'on buka'aj k ja'abili'	NOCHANGE
Yaan wáaj a manik a najil	Yaan wáaj a manik a najil	NOCHANGE
Yaan wáaj a bine'ex ich kool	Yaan wáaj a bine'ex ich kool	NOCHANGE
Táan a bine'ex koonol merkaado	Táan a bine'ex koonol merkaado	NOCHANGE
Tu'ux kajúkbalen	Ma' tu'ux kajúkbaleni'	TYPE:NEG
Te'exe' ma' wáaj áak'ab ka bine'ex merkaadoi'	Te'exe' ma' wáaj áak'ab ka bine'ex merkaadoi'	NOCHANGE
Ma' táan a bine'ex ich kooli'	Ma' táan a bine'ex ich kooli'	NOCHANGE
Táan ek meyaj ich kool	Táan ek meyaj ich kool	NOCHANGE
To'onen yaanto'on u áanalte'il k xook matemáticas	To'onen yaanto'on u áanalte'il k xook matemáticas	NOCHANGE
Yaan in manik ch'ujuko'ob tu d'íiwikil koenol	Ma' yaan in manik ch'ujuko'ob tu d'íiwikil koenoli'	TYPE:NEG
Yaan wáaj a xook tu naajil xook	Yaan wáaj a xook tu naajil xook	NOCHANGE
Yaan in bin koonol tu k'íiwikil koonol	Yaan in bin koonol tu k'íiwikil koonol	NOCHANGE
Jach k'a'abéet in jin tu k'íiwikil koonol	Jach  wáajk'a'abéet in jin tu k'íiwikil koonol	SUBTYPE:INT
Leti'e' u k'aaba'e'	Leti'e' u k'aaba'e'	NOCHANGE
Jsa'atech te' parkoéeo'	Jsa wáaj'atech te' parkoéeo'	SUBTYPE:INT
Leti'e' bin áalkab te' taam paarkéeo'	Leti'e' bin áalkab te' taam paarkéeo'	NOCHANGE
ma' ma'alob jk'a'amiken naajil xooki'	ma' ma'alob jk'a'amiken naajil xooki'	NOCHANGE
Te'exe' áak'ab ka bine'ex tu k'íiwikil koonol	Te'exe' áak'ab ka bine'ex tu k'íiwikil koonol	NOCHANGE
Yaan in boon tu nnajin xook	Yaan u boono'ob tu nnajin xook	PERSON:3_PL
Jach k'a'abéet wáaj a bine'ex tu k'íiwikil koonol	Jach k'a'abéet wáaj a bine'ex tu k'íiwikil koonol	NOCHANGE
Ma' ti' u taalo'obi'	Ma' ti' u taalo'obi'	NOCHANGE
Jweene'ex merkaado	Jweene'ex merkaado	NOCHANGE
Tu núukaj buka'aj u ja'abil	Tu núukaj buka'aj u ja'abil	NOCHANGE
Jach k'a'abéet u bin tu kool	Jach k'a'abéet u bin tu kool	NOCHANGE
Ba'ax ja'abil jsíijij	Ba'ax ja'abil jsíijij	NOCHANGE
Teche' ka báaxal tu naajil xook	Teche' ka báaxal tu naajil xook	NOCHANGE
Ma' tin wiéaj u aáawtaal tin kaajali'	Ma' ' matin wiéa wáajj u aáawtaal tin kaajali'i'	TYPE:NEG;SUBTYPE:INT
Ook'in in bin merkaado	Ook'in in bin merkaado	NOCHANGE
Ma' ta wu'uyik  wáaj ooxoli'	Ma' ta wu'uyik  wáaj ooxoli'	NOCHANGE
Ma' ta wiliken merkaado	Ma' ta wiliken merkaado	NOCHANGE
Kin manik ya'abach ba'alob tu k'íiwikil koonol	Kin manik ya'abach ba'alob tu k'íiwikil koonol	NOCHANGE
Táan u suuto'ob tu naajil xook	Táan u suuto'ob tu naajil xook	NOCHANGE
Yaan wáaj in bin koonol merkaado	Yaan wáaj in bin koonol merkaado	NOCHANGE
Ma' táan ek bin ich kooli'	Ma' táan ek bin ich kooli'	NOCHANGE
Ma' kajakbalo'ob tin wotochi'	Ma' kajakbalo'ob tin wotochi'	NOCHANGE
Ma' táan in pbi-n paln td k'ñíiwikibl koonoli'	Ma' táan in taap bi-n paln td k'ñíiwikibl koonoli'	SUBTYPE:DEC;ASPECT:DES
k'aaynaje'ex tu naajil xook	k'aaynaje'ex tu naajil xook	NOCHANGE
Ba'atelnajen te' tu kúuchág báaxalo'	Ba'atelnajen te' tu ke'ex xookúuchág báaxalo'	PERSON:2_PL
Táan in wilikech te' tu kúuchil báaxalo'	Táan in wilikech te' tu kúuchil báaxalo'	NOCHANGE
Teche' Yaan tech xook ti' español	Teche' Yaan tech xook ti' español	NOCHANGE
Ma' k'aja'anti'ob buka'aj u ja'abilo'obi'	Ma' k'aja'anti'ob buka'aj u ja'abilo'obi'	NOCHANGE
Táan in ssmute ooonol merkaad	Táan u ssmuo'obte ooonol merkaad	PERSON:3_PL
Jach k'a'abéet a bin ich kool	Jach k'a'abéet a bin ich kool	NOCHANGE
Ook'in a bine'ex ta koole'ex	Ook'in a bine'ex ta koole'ex	NOCHANGE
Ta konaj a wotoch	Ta konaj a wotoch	NOCHANGE
Yaan wáaj in bin koonol tu k'íiwikil koonol	Yaan wáaj in bin koonol tu k'íiwikil koonol	NOCHANGE
Táan wáaj a bine'ex koonol tu k'íiwikil koonol	Táan wáaj a bine'ex koonol tu k'íiwikil koonol	NOCHANGE
Ta'aytak u -cuhukikb'ob um ja'ab8il	Ta'aytakma'  u -cu wáajhukikb'ob um ja'ab8ili'	TYPE:NEG;SUBTYPE:INT
Táan in xook tu níñjil xook	Táan in xooktaa  tu níñjil xook	SUBTYPE:DEC;ASPECT:DES
Tene' ts'oka'an wáaj in beel	Tene' ts'oka'an wáaj in beel	NOCHANGE
Tenó' áak'au kin bin merkamdo	Tenó'' áake'ex'au kin bin merkamdo	PERSON:2_PL
Táan wáaj a bine'ex koonol merkaado	Táan wáaj a bine'ex koonol merkaado	NOCHANGE
Yaan in boon tu naajil xook	Yaan in boon tu nawáaj ajil xook	SUBTYPE:INT;ASPECT:HAB;PERSON:1_SI;VOICE:ACT;TRANSITIV:ITR
Leti'obe' u k'aaba'obe'	Leti'obe' u k'aaba'obe'	NOCHANGE
Táan wáaj a báaxale'ex báaxal tu naajil báaxal	Táan wáaj a báaxale'ex báaxal tu naajil báaxal	NOCHANGE
Táan in bin koonol tu k'íiwikil koonol	Táan in bin koonol tu k'íiwikil koonol	NOCHANGE
Te'exe' áak'ab wáaj ka bine'ex merkaado	Te'exe' áak'ab wáaj ka bine'ex merkaado	NOCHANGE
Ta'aytak a chukik u ja'abil	Ta'aytak a chukik u ja'abil	NOCHANGE
Te'exe' áak'ab wáaj ka bine'ex tu k'íiwikil koonol	Te'exe' áak'ab wáaj ka bine'ex tu k'íiwikil koonol	NOCHANGE
Táant in suut koonol merkaadoe'	Táant in suut koonol merkaadoe'	NOCHANGE
Yaan wáaj in k'aay te' paarkéeo'	Yaan wáaj in k'aay te' paarkéeo'	NOCHANGE
Jach wáaj 'a'iabéet aa ab7n meraaho	Jach wáaj 'a'iabéesuut  aa ab7n meraaho	ASPECT:CUS
Jaypéel k'iino'ob ka bin tu k'íiwikil koonol	Jaypéel k'iino'ob ka bin tu k'íiwikil koonol	NOCHANGE
Je'el in manik ya'abach ba'alob tu k'íiwikil koonole'	Je'el in manik ya'abach ba'alob tu k'íiwikil koonole'	NOCHANGE
Muñax mtcs'woka'an in beeli'	Muñax mtcs'taaw oka'an in beeli'	ASPECT:DES
Ma' tan a k'íilkabe'exi'	Ma' tan a k'íilkabe'exi'	NOCHANGE
Tene' ati' ka7takbalen bu yo'oóhe'	Tene' ati' ka7te'exakbalen bu yo'oóhe'	PERSON:2_PL
Je'el in bin koonol tu k'íiwikil koonole'	Je'el in bin koonol tu k'íiwikil koonole'	NOCHANGE
Ma' táan in nin koonol merkaadoi'	Ma' táan a nin koe'exonol merkaadoi'	PERSON:2_PL
Jbine'ex yéetel a éetailo'ob merkaado	Jbine'ex yéetel a éetailo'ob merkaado	NOCHANGE
Tu'ux k'íiwikil oou8cog ka btok'ol koinol	Tu'u' max k'íiwi wáajkil oou8cog ka btok'ol koinoli'	TYPE:NEG;SUBTYPE:INT
Ma' k'a'abéet wáaj in bin tu k'íiwikil koúnoli'	Ma' k'a'abéet wáaj in bin tu k'íiwikil koúnol wáaj	SUBTYPE:INT
Ta míistik in najil	Ta míistik in najil	NOCHANGE
Táan u báaxal tu naajil báaxal	Táan u báaxal tu naajil báaxal	NOCHANGE
Yaan wáaj a báaxal tdu naahil báaxal	Te'exe' yaan wáaj e'exa báaxal tdu naahil báaxal	PERSON:2_PL
Tin ueentik janal ich k'ol	Ma' wáaj tin ueentik janal ich k'oli'	TYPE:NEG;SUBTYPE:INT
Ka'abeje' yaan u bino'ob koonol merkaado	Ka'abeje' yaan u bino'ob koonol merkaado	NOCHANGE
Táan wáaj a bin koonol tu k'íiwikil koonol	Táan wáaj a bin koonol tu k'íiwikil koonol	NOCHANGE
Ook'in a bin merkaado	Ook'in a bin merkaado	NOCHANGE
Ta manaj a wotoch	Ta manaj a wotoch	NOCHANGE
Yaan wáaj a bin koonol tu k'íiwikil koonol	Yaan wáaj a bin koonol tu k'íiwikil koonol	NOCHANGE
Yaan wáaj a manik a najil	Yaan wáaj a manik a najil	NOCHANGE
Teche' ma' táan a bin paak'áal tu kool	Teche' ma' táan a bin paak'áal tu kool	NOCHANGE
Jweeno'ob merkaado	Jweeno'ob merkaado	NOCHANGE
To'one' jbúulo'on wáaj	To'one' jbúulo'on wáaj	NOCHANGE
Ts'oka'an wáaj k beel	Ts'oka'an wáaj k beel	NOCHANGE
Ma' táan a bin ich kooli'	Ma' táan a bin ich kooli'	NOCHANGE
Ma' in k'aaba'i'	Ma' in k'aaba'i'	NOCHANGE
Yaan in k'aay te' paarkéeo'	Yaan in k'aay te' paarkéeo'	NOCHANGE
Táan in bin k1oopoí tu j'íiwikil koonol	Ts'o'ok in bin k1oopoí tu j'íiwikil koonol	ASPECT:TER;TENSE:PAS_SIM
Jach k'a'abéet in bin merkaado	Jach k'a'abéet in bin merkaado	NOCHANGE
Táan ek bin ich kool	Táan ek bin ich kool	NOCHANGE
Te' k taal tu kaajil Kopomae'	Te' k taal tu kaajil Kopomae'	NOCHANGE
Tene' kin bin páew ich kool	Táaj ene' kin bin páew ich kool	ASPECT:BEG;TENSE:PAS_SIM
Ma' kajakbale'ex tin wotochi'	Ma' kajakbale'ex tin wotochi'	NOCHANGE
Techea a k'aaba'e'	Techewáaj a a k'aaba'e'	SUBTYPE:INT
Táan in meyáj ich kooo	Táan in meyáje'ex ich kooo	PERSON:2_PL
Ma' tan u k'íilkabo'obi'	Ma' tan u k'íilkabo'obi'	NOCHANGE
Táan wáaj a báaxal tu naajil báaxal	Táan wáaj a báaxal tu naajil báaxal	NOCHANGE
Ooa'in in bin merkaado	Ooa'ináaj  in bin merkaado	ASPECT:BEG;TENSE:PAS_SIM
Táan in ioon tu knaajil xok	Taat áan i'on ioon tu knaajil xok	ASPECT:DES
Tene' Yaan ten u áanalte'il in xook matemáticas	Tene' Yaan ten u áanalte'il in xook matemáticas	NOCHANGE
Mix tu manik u najil	Mix tu manik u najil	NOCHANGE
Jach k'a'abéet u bin tu k'íiwikil koonol	Jach k'a'abéet u bin tu k'íiwikil koonol	NOCHANGE
Táan in boon tu naajmil xoo	Táan in boon tu naaj wáaj mil xoo	SUBTYPE:INT
Yaan a bin paarkée	Yaan a bin paarkée	NOCHANGE
Yaan wáaj in biin koinol tu k'íiwikil koonol	Yaan wáaj in bie'exin koinol tu k'íiwikil koonol	PERSON:2_PL
Tin wa'alaj ka'ap'éel in k'aaba'	Tin wa'alaj ka'ap'éel in k'aaba'	NOCHANGE
Ka'abeje' yaan in bin tu k'íiwikil koonol	Káaj a'abeje' yaan in bin tu k'íiwikil koonol	ASPECT:BEG;TENSE:PAS_SIM
Íene'ñáak'ab úin bin tu k'íiwikil koon l	Íe'exe'ñáak'ab úi'ex bin tu k'íiwikil koon l	PERSON:2_PL
Ma' táan in bin maan tu k'íiwikil koonoli'	Ma' táan in bin maan tu k'íiwikil koonoli'	NOCHANGE
Joypéel k'1ino'ob ka bhkn tu k'íiwikil koonol	Joypéel k'1 báaxale'exino'ob ka bhkn tu k'íiwikil koonol	PERSON:2_PL
7a' in wopel u ia'abili'	7a' in wopel 'a'abéet u ia'abili'	SUBTYPE:DEC;ASPECT:OBL
Teche' áak'ab ka bin tu k'íiwikil koonol	Teche' áak'ab ka bin tu k'íiwikil koonol	NOCHANGE
Yaan wáaj u bino'ob ich kool	Yaan wáaj u bino'ob ich kool	NOCHANGE
Jayp'éel k'iino'ob ka bine'ex tu k'íiwikil koonol	Jayp'éel k'iino'ob ka bine'ex tu k'íiwikil koonol	NOCHANGE
Máax yéetel ka bin koonol tu kúuchil báañal	Máax yéetel ka bin koonol t'a'abéet u kúuchil báañal	ASPECT:OBL
Ma' táan in bin maapn tw k'íiwskil koonobli'	Ma' káaj in bin maapn tw k'íiwskil koonobli'	ASPECT:BEG;TENSE:PAS_SIM
Te'exe' ma' jbúule'exi'	Te'exe' ma' jbúule'exi'	NOCHANGE
Leti'e' yaan xook ti' español	Leti'e' yaan xook ti' español	NOCHANGE
Ma' tin konaj in najili'	Ma' tin konaj in najili'	NOCHANGE
Ba'ax k'iin a bin merkaado	Ba'ax k'iin a bin merkaado	NOCHANGE
Yaan wáaj u xook tu naajil xook	Yaan wáaj u xook tu naajil xook	NOCHANGE
Jach wáaj k'a'abéet ah bin sk'éiwikil koonol	Jach wáaj k'a'abéet ah bin s'a'abéet k'éiwikil koonol	ASPECT:OBL
Jach k'a'abéet wáaj in bin ich kool	Jach k'a'abéet wáaj in bin ich kool	NOCHANGE
May kajakbalen tij wotochi'	May kajakbalsuue n tij wotochi'	SUBTYPE:DEC;ASPECT:CUS
Tin wáaj konaj in najil	Tin wáaj konaj in najil	NOCHANGE
Ba'atelnaje'ex te' tu kúuchil báaxalo'	Ba'atelnaje'ex te' tu kúuchil báaxalo'	NOCHANGE
Yaan ti' teen 18 ja'abo'ob	Yaan ti' teen 18 ja'abo'ob	NOCHANGE
Jach k'a'abéet a bin merkaado	Jach k'a'abéet a bin merkaado	NOCHANGE
Tu'ux k'íiwikil koonol káaj a jóok'ol koonol	Tu'ux k'íiwikil koonol káaj a jóok'ol koonol	NOCHANGE
Táan wáaj k báaxal tu naajil báaxal	Táan wáaj k báaxal tu naajil báaxal	NOCHANGE
K'ajynajen tu naajil xook	K'ajyna wáajjen tu naajil xook	SUBTYPE:INT
K'aaynajen tu na1jil xook	K'aaynajen tsuuu  na1jil xook	SUBTYPE:DEC;ASPECT:CUS
Ma' k'a'abéet wáaj in bin tu k'íiwikil koonoli'	Ma' k'a'abéet wáaj in bin tu k'íiwikil koonoli'	NOCHANGE
Teche' a jatsmajabáaj	Teche' a jatsmajabáaj	NOCHANGE
Yaan in boon tu naajil xook	Yaan in boon tu naajil xook	NOCHANGE
k'a'abéet in bin koonol tu k'íiwikil koonol	k'a'abéet in bin koonol tu k'íiwikil koonol	NOCHANGE
Teche' ma' wáaj áak'ajc ka bin merkaaeoi'	Teche' ma' wáaj áak'ajc yaan a bin merkaaeoi'	ASPECT:COM
Máax yéetel taak a bin koonol tu kúuchil báaxal	Máax yéetel taak a bin koonol tu kúuchil báaxal	NOCHANGE
Tan a k'íilkab	Tan a k'íilkab	NOCHANGE
Ma' káaj in bin maan tu k'íiwikil koonoli'	Ma' káaj in bin maan tu k'íiwikil koonoli'	NOCHANGE
Jbinen yéetel in éetailo'ob janal ich kool	Jbinen yéetel in éetailo'ob janal ich kool	NOCHANGE
Taak in wliskechn ne' tu kúuchil báaxalo'	Taak  wáajin wliskechn ne' tu kúuchil báaxalo'	SUBTYPE:INT
Jbinech wáaj xook te' tu kúuchil báaxalo'	Jbinech wáaj xook te' tu kúuchil báaxalo'	NOCHANGE
Táan a báaxal tu naajil báaxal	Táan a báaxal tu naajil báaxal	NOCHANGE
Ma' jach k'a'abéet wáaj u bino'ob tu k'íiwikil koonoli'	Ma' jach k'a'abéet wáaj u bino'ob tu k'íiwikil koonoli'	NOCHANGE
Jach k'a'abéet in bin ich kool	Jach k'a'abéet in bin ich kool	NOCHANGE
Ti' wáaj a taalo'obi'	Ti' wáaj a taalo'obi'	NOCHANGE
ku yu'ubik wáaj ooxol	ku yu'ubik wáaj ooxol	NOCHANGE
'í' jach k'a'aáéet in bin tu k'íiwikil koonoli'	'í' jach k'a'aáéet in bin tu k'íiwikil koonol wáaj	SUBTYPE:INT
Tenh' ajkoonolen hid -merkaao	Tenh' ajkoonolen hid -merkaao wáaj	SUBTYPE:INT
Yaan a xook tu naajil xook	Yaan a xook tu naajil xook	NOCHANGE
Tin meentik janal ich kool	Tin meentik janal ich kool	NOCHANGE
Jach wáaj k'a'abéet in bin merkaado	Jach wáaj k'a'abéet in bin merkaado	NOCHANGE
Bix a sa'atal paarkée	Bix a sa'atal paarkée	NOCHANGE
Ki'imak a wóol a bin jtu k'íiwikil koonol	Ki'imak a wóol a bin jtusuu  k'íiwikil koonol	ASPECT:CUS
Ts'o'ok in bin koonol tu k'íiwikil koonol	Ts'o'ok in bin koonol tu k'íiwikil koonol	NOCHANGE
Ma' jach k'a'abéet in bin ich kooli'	Ma' jach k'a'abéet in bin ich kooli'	NOCHANGE
Ki'imak a wóol a bin tu k'íiwikil koonol	Ki'imak a wóol a bin tu k'íiwikil koonol	NOCHANGE
Suuk wáaj in jóok'ol koonol tu k'íiwikil koonol	Suuk wáaj in jóok'ol koonol tu k'íiwikil koonol	NOCHANGE
Tene' yaín ten u áanalte'il in xoñk matemáticas	Tene' yaín ten u áanalte'il intaa  xoñk matemáticas	ASPECT:DES
Ts'o'ok wáaj in jóok'ol koonol tu k'íiwikil koonol	Ts'o'ok wáaj in jóok'ol koonol tu k'íiwikil koonol	NOCHANGE
Jweenech ich kool	Jweenech ich kool	NOCHANGE
Ma' wáaj jach k'a'abéet in bin merkaadoi'	Ma' wáaj jach k'a'abéet in bin merkaadoi'	NOCHANGE
Yaan wáaj k xook tu naajil xook	Yaan wáaj k xook tu naajil xook	NOCHANGE
Ee'exe' ma' joúuáe'exi'	Ee'exe' wáaj ma' joúuáe'exi'	SUBTYPE:INT
Jach k'a'abéet a bine'ex tu k'íiwikil koonol	Jach k'a'abéet a bine'ex tu k'íiwikil koonol	NOCHANGE
Yaan wáaj u bino'ob koonol tu k'íiwikil koonol	Yaan wáaj u bino'ob koonol tu k'íiwikil koonol	NOCHANGE
Táan u suut tu naajil xook	Táan u suut tu naajil xook	NOCHANGE
Ta meentike'ex janal ich kool	Ta meentike'ex janal ich kool	NOCHANGE
Mau oin wucuyik dooxtli'	Mau oin wucusuuy ik dooxtli'	SUBTYPE:DEC;ASPECT:CUS
Ma k'aja'anten buka'aj in ja'abili'	Ma k'aja'anten buka'aj in ja'abili'	NOCHANGE
Yaan wáaj u báaxal tu naajil báaxal	Yaan wáaj u báaxal tu naajil báaxal	NOCHANGE
Táan wáaj k bin koonol tu k'íiwikil koonol	Táan wáaj k bin koonol tu k'íiwikil koonol	NOCHANGE
Kin hanik yaxabach ba7'alob tu b'íiwikie koonol	Kin hanik y báaxale'exaxabach ba7'alob tu b'íiwikie koonol	PERSON:2_PL
Jweenen tu k'íiwikil koonol	Jweenen tu k'íiwikil koonol	NOCHANGE
Ta manaj u k'áaxil a beetik a kool	Ta manaj u k'áaxil a beetik a kool	NOCHANGE
Táan u meyaj tu kool	Táan u meyaj tu kool	NOCHANGE
Leti'obe' táan u bino'ob koonol tu k'íiwikil koonol	Leti'obe' táan u bino'ob koonol tu k'íiwikil koonol	NOCHANGE
Jach k'a'abéet a bine'ex ta koole'ex	Jach k'a'abéet a bine'ex ta koole'ex	NOCHANGE
Sáansamal kin bin tu k'íiwikil koonol	Sáansamal kin bin tu k'íiwikil koonol	NOCHANGE
Te' a taal tu kaajil Kopomae'	Te' a taal tu kaajil Kopomae'	NOCHANGE
Jach wáaj k'a'abéet a bin k'íiwikil koonol	Jach wáaj k'a'abéet a bin k'íiwikil koonol	NOCHANGE
Te'exe' jbine'ex yéetel a éetailo'ob tu k'íiwikil koonol	Te'exe' jbine'ex yéetel a éetailo'ob tu k'íiwikil koonol	NOCHANGE
Ma' jach k'a'abéet wáaj u bin tu k'íiwikil koonoli'	Ma' jach k'a'abéet wáaj u bin tu k'íiwikil koonoli'	NOCHANGE
Tin kaxtik a najil	Tin kaxtik a najil	NOCHANGE
Táan wáaj a bn koono mrkñ'no	Táan wáaj a bn koono wáaj mrkñ'no	SUBTYPE:INT
Táan wáaj a bjn koon7l tu k'uíiwikil oonol	Táan wáaj wáaj a bjn koon7l tu k'uíiwikil oonol	SUBTYPE:INT
To'one' ti' k taali'	To'one' ti' k taali'	NOCHANGE
Jach sk''abéeg a bin mdrkaaeo	Te'exe' jach sk''ae'exbéeg a bin mdrkaaeo	PERSON:2_PL
Yaan wáaj in jóok'ol koonol tu k'íiwikil koonol	Yaan wáaj in jóok'ol koonol tu k'íiwikil koonol	NOCHANGE
Tin manaj in najil	Tin manaj in najil	NOCHANGE
óok'otnajo'on tu naajil xook	óok'otnajo'on tu naajil xook	NOCHANGE
Táan u kaaxtik a wotoch	Táan u kaaxtik a wotoch	NOCHANGE
Ki'imak u yóolo'ob u bino'ob merkaado	Ki'imak u yóolo'ob u bino'ob merkaado	NOCHANGE
Leti'e' ku báaxal paarkée	Leti'e' ku báaxal paarkée	NOCHANGE
Yaan a suut tu naajil xook	Yaan a suut tu naajil xook	NOCHANGE
Ka'abeje' yaan a bin koonol merkaado	Ka'abeje' yaan a bin koonol merkaado	NOCHANGE
Te'exe' ka wu'uyike'ex wáaj ooxol	Te'exe' ka wu'uyike'ex wáaj ooxol	NOCHANGE
Ma' suuk in bin maan tu k'íiwikil koonoli'	Ma' suuk in bin maan tu k'íiwikil koonoli'	NOCHANGE
Tene' jbúulen	Tene' jbúulen	NOCHANGE
Táan a níistik a1 wotoch	Ts'o'ot áan a níistik a1 wotoch	ASPECT:TER;TENSE:PAS_SIM
Tu'ux kajakbalo'on	Tu'ux kajakbalo'on	NOCHANGE
Táan a bine'ex ich kool	Táan a bine'ex ich kool	NOCHANGE
Tene' yaan ten xook ti' spañol	To'one' yaan ten xook ti' spañonol	ASPECT:HAB;PERSON:1_PL
J-jaanech merkaado	J-jaanech merkaado	NOCHANGE
Tene' pjbúul-en	Tene' wáaj pjbúul-en	SUBTYPE:INT;ASPECT:HAB;PERSON:1_SI;VOICE:ACT;TRANSITIV:ITR
Ma' ts'oka'an a beeli'	Ma' ts'oka'an a beeli'	NOCHANGE
K'a'abéet wáaj in jóok'ol koonol tu k'íiwikil koonol	K'a'abéet wáaj in jóok'ol koonol tu k'íiwikil koonol	NOCHANGE
Ki'imak in wóol in bin merkaado	Ki'imak in wóol in bin merkaado	NOCHANGE
Ki'imak a wóol wáaj a bin ich kool	Ki'imak a wóol wáaj a bin ich kool	NOCHANGE
Ba'atelnajen te' tu kúuchil báaxalo'	Ba'atelnajen te' tu kúuchil báaxalo'	NOCHANGE
Jbinen áalkab te' taam paarkéeo'	Jbinen áalkab te' taam paarkéeo'	NOCHANGE
Yaan k suut tu naajil xook	Yaan k suut tu naajil xook	NOCHANGE
Ook'in a bine'ex merkaado	Ook'in a bine'ex merkaado	NOCHANGE
leti'e ku báaxal tu naajil xook	leti'e ku báaxal tu naajil xook	NOCHANGE
To'one' bino'on áalkab te' taam paarkéeo'	To'one' bino'on áalkab te' taam paarkéeo'	NOCHANGE
Suuk in suut koonol merkaado	Suuk in suut koonol merkaado	NOCHANGE
Sáansamal kin bin koonol merkaado	Sáansamal kin bin koonol merkaado	NOCHANGE
Te'exe' ts'oka'an wáaj a beele'ex	Te'exe' ts'oka'an wáaj a beele'ex	NOCHANGE
A wojel tu'ux u taal	A wojel tu'ux u taal	NOCHANGE
Leti'obe' kajakbalo'ob weye'	Leti'obe' kajakbalo'ob weye'	NOCHANGE
Táan in bin ich kool	Táan in bin ich kool	NOCHANGE
Táan in báaxal tu naajil báaxal	Táan in báaxal tu naajil báaxal	NOCHANGE
Leti'e' ku bin xíimbal ta wotoch	Leti'e' ku bin xíimbal ta wotoch	NOCHANGE
Yaan wáaj in bin ich kool	Yaan wáaj in bin ich kool	NOCHANGE
Ma' tin wilike'ex tu k'íiwikil koonol	Ma' tin wilike'ex tu k'íiwikil koonol	NOCHANGE
Jbinen xook te' tu kúuchil báaxalo'	Jbinen xook te' tu kúuchil báaxalo'	NOCHANGE
Mix teen kajakbalen ta wotoch	Mix teen kajakbalen ta wotoch	NOCHANGE
Yaan wáaj in bin koool merkaado	Yaan wáaj ie'exn bin koool merkaado	PERSON:2_PL
Mix leti'ob kajakbalo'ob ta wotoch	Mix leti'ob kajakbalo'ob ta wotoch	NOCHANGE
Táan a xooke'ex xook tu naajil xook	Táan a xooke'ex xook tu naajil xook	NOCHANGE
Tene ti' tku7jakbjalcen hu yotoche'	Ma' wáaj tene ti' tku7jakbjalcen hu yotoche'i'	TYPE:NEG;SUBTYPE:INT
Yaan wáaj u bino'ob koonol merkaado	Yaan wáaj u bino'ob koonol merkaado	NOCHANGE
Yaan a báaxal tu naajil báaxal	Yaan a báaxal tu naajil báaxal	NOCHANGE
Ma' wáaj jach k'a'abéet u bin tu kooli'	Ma' wáaj jach k'a'abéet u bin tu kooli'	NOCHANGE
Táan wáaj a bj kon7l tu k'uíéolkil oouol	Táan wáaj k bj kon7l tu k'uíéolkil oouol	PERSON:1_PL
Táan u bin koonol merkaado	Táan u bin koonol merkaado	NOCHANGE
Teche' ts'oka'an wáaj a beel	Teche' ts'oka'an wáaj a beel	NOCHANGE
Ts'o'ok in in kboonol tu k'íiwikil koonol	Ts'o'ok in in kboonol tu k'íiwikilwáaj  koonol	SUBTYPE:INT
Yaan ti' te'ex 17 ja'abo'ob	Yaan ti' te'ex 17 ja'abo'ob	NOCHANGE
Leti'e' múul kajakbal tek éetel wáaj	Leti'e' múul kajakbal tek éetel wáaj	NOCHANGE
Yaan u boon tu naajil xook	Yaan u boon tu naajil xook	NOCHANGE
Kin bin koonol tu k'íiwikil koonol	Kin bin koonol tu k'íiwikil koonol	NOCHANGE
Jbinen xook te' paarkéeo'	Jbinen xook te' paarkéeo'	NOCHANGE
Ts'oka'an wáaj a beel	Ts'oka'an wáaj a beel	NOCHANGE
Ook'in u bino'ob merkaado	Ook'in u bino'ob merkaado	NOCHANGE
Táan wáaj u bin koonol tu k'íiwikil koonol	Táan wáaj u bin koonol tu k'íiwikil koonol	NOCHANGE
Táan in suut koonol merkaado	Táan in suut koonol merkaado	NOCHANGE
Teche' ma' ta bin xíimbal tu yotochi'	Teche' ma' ta bin xíimbal tu yotochi'	NOCHANGE
Yaax wáaj in bin koonol merkaad	Ma' yaaxwáaj in bin koonol merkaadi'	TYPE:NEG;VOICE:ACT;TRANSITIV:ITR
Ba'ax ja'abil jsíijen	Ba'ax ja'abil jsíijen	NOCHANGE
Ma' k'aja'ante'ex buka'aj a ja'abile'exi'	Ma' k'aja'ante'ex buka'aj a ja'abile'exi'	NOCHANGE
Táan u bino'ob ich kool	Táan u bino'ob ich kool	NOCHANGE
Yaan u báaxalo'ob tu naajil báaxal	Yaan u báaxalo'ob tu naajil báaxal	NOCHANGE
Ta wile'ex u sáastal ta kaajale'ex	Ta wile'ex u sáastal ta kaajale'ex	NOCHANGE
Kin wilikech tu k'íiwikil koonol	Kin wilikech tu k'íiwikil koonol	NOCHANGE
Tene' Yaan ten xook ti' español	Tene' Yaan ten xook ti' español	NOCHANGE
Baan wáaj a máaaal tuw naajim báaxal	Baan wáaj u máaao'obal tuw naajim báaxal	PERSON:3_PL
Tan k k'íilkab	Tan k k'íilkab	NOCHANGE
Taak in wilikech te' tu kúuchil báaxalo'	Taak in wilitáan ech te' tu kúuchil báaxalo'	SUBTYPE:DEC;ASPECT:PRG
Ma' wáaj jach k'a'abéet u bino'ob merkaadoi'	Ma' wáaj jach k'a'abéet u bino'ob merkaadoi'	NOCHANGE
Ts'o'a'an wáaj in beel	Ts'o wáaj'a'an wáaj in beel	SUBTYPE:INT;PERSON:1_SI
Ook'in in bin ich kool	Ook'in in bin ich kool	NOCHANGE
Yaan in k'a'aytik ch'ujuko'ob tu k'íiwikil koonol	Yaan in k'a'aytik ch'ujuko'ob tu k'íiwikil koonol	NOCHANGE
Ma' tin kaxtaj a wotochi'	Ma' tin kaxtaj a wotochi'	NOCHANGE
Wáan in bin koool tu k'íiwikil koonol	Wáan in bi wáajn koool tu k'íiwikil koonol	SUBTYPE:INT
Sáansamal ka bine'ex merkaado	Sáansamal ka bine'ex merkaado	NOCHANGE
Yaan in xook tu naajil cook	Yaan a xooe'exk tu naajil cook	PERSON:2_PL
Íene'ñáak'ab úin bin tu k'íiwikil koon l	Íene'ñáak'ub úin bin tu k'íiwikil koon l	PERSON:2_PL
Tin manaj in wotoch	Tin manaj in wotoch	NOCHANGE
Táan in suutk odkpoól merkaado	Táan in suutk 'a'abéet odkpoól merkaado	ASPECT:OBL
Lúul kajakbal t1gu yéñn-el	Te'exe' lúul kajake'exbal t1gu yéñn-el	PERSON:2_PL
Ta'aétak u chukyiko'ob u a'abil	Ta'aétak u chuke'exyiko'ob u a'abil	PERSON:2_PL
Leti'e' múul kajakbal tek éeúel	Te'exe' leti'e' múe'exul kajakbal tek éeúel	PERSON:2_PL
Kin manik nikte'ob tu k'íiwikil koonol	Kin manik nikte'ob tu k'íiwikil koonol	NOCHANGE
Tene' ti' in taali'	Tene' ti' in taali'	NOCHANGE
Leti'obe' táan u bino'ob koonol tu k'íiwikil koonol	Leti'obe' táan u bino'ob koonol tu k'íiwikil koonol	NOCHANGE
Teche' yaan tech wáaj meyaj ti' biología	Teche' yaan tech wáaj meyaj ti' bwáaj iología	SUBTYPE:INT
Te'exe' jbúule'ex wáaj	Te'exe' jbúule'ex wáaj	NOCHANGE
Leti'obe' jbino'ob yéetel u éetailo'ob tu k'íiwikil koonol	Leti'obe' jbino'ob yéetel u éetailo'ob tu k'íiwikil koonol	NOCHANGE
Táan wáaj u bino'ob ich kool	Táan wáaj u bino'ob ich kool	NOCHANGE
To'one' k báaxal paarkée	To'one' k báaxal paarkée	NOCHANGE
Táan wáaj u xooko'ob tu naajil xook	Táan wáaj u xooko'ob tu naajil xook	NOCHANGE
Tene' kin bin xciíbal a eotocx	Taat ene' kin'o bin xciíbal a eotocx	ASPECT:DES
Táan wáaj k boon tu naajil xook	Táan wáaj k boon tu naajil xook	NOCHANGE
Táan u bin obol tu k'íiwikil koonol	Táan u bin obo wáajl tu k'íiwikil koonol	SUBTYPE:INT
Yaán in jokchik chak nal tin kool	Yaán in jokchik chak nal ta koole'ex	PERSON:3_PL
Táan in boon tu naajil xooh	Táan iaj wán boon tu naajil xooh	SUBTYPE:INT
Mix to'on kajakbalo'on ta wotoch	Mix to'on kajakbalo'on ta wotoch	NOCHANGE
Yaan wáaj u manik u najil	Yaan wáaj u manik u najil	NOCHANGE
Tu meentiko'ob janal ich kool	Tu meentiko'ob janal ich kool	NOCHANGE
Leti'o'obe' ku yu'ubiko'ob ooxol	Leti'o'obe' ku yu'ubiko'ob ooxol	NOCHANGE
Jweeno'ob ich kool	Jweeno'ob ich kool	NOCHANGE
Yaan wáaj ek bin ich kool	Yaan wáaj ek bin ich kool	NOCHANGE
Ma' wáaj ta bine'ex merkaado	Ma' wáaj ta bine'ex merkaado	NOCHANGE
Yaan wáaj a bin paarkée	Yaan wáaj a bin paarkée	NOCHANGE
Ma' a wojel tu'ux u taali'	Ma' a wojel tu'ux u taali'	NOCHANGE
Ma' táan u bino'ob ich kooli'	Ma' táan u bino'ob ich kooli'	NOCHANGE
To'one' ti' kajakbalo'on tu yotoche'	To'one' ti' kajakbalo'on tu yotoche'	NOCHANGE
Teche' ti' kajakbalech tu yotoche'	Teche' ti' kajakbalech tu yotoche'	NOCHANGE
Ook'in in bin tu k'íiwikil koonol	Ook'in in bin tu k'íiwikil koonol	NOCHANGE
Yaan a báaxale'ex báaxal tu naajil báaxal	Yaan a báaxale'ex báaxal tu naajil báaxal	NOCHANGE
Yaan wáaj in bin okoonol mirnkaatd	Yaan waj wááaj in bin okoonol mirnkaatd	SUBTYPE:INT
Ma' tu yu'ubik ooxoli'	Ma' tu yu'ubik ooxoli'	NOCHANGE
Teche' kajakbalech weye'	Teche' kajakbalech weye'	NOCHANGE
Tene' kaíakralen weye'	Tene' kaíak báaxale'exralen weye'	PERSON:2_PL
Ma' táan u bin ich kooli'	Ma' táan u bin ich kooli'	NOCHANGE
Eesexe' ma' joúuáe'exi'	Eesexe'áaj  ma' joúuáe'exi'	ASPECT:BEG;TENSE:PAS_SIM
Ma' táan k bin koonol merkaadoi'	Ma' táan k bin koonol merkaadoi'	NOCHANGE
Leti'e' ma' wáaj áak'ab ku bin merkaadoi'	Leti'e' ma' wáaj áak'ab ku bin merkaadoi'	NOCHANGE
Leti'obe' u jatsmajuba'ob	Leti'obe' u jatsmajuba'ob	NOCHANGE
Jayp'éel k'iino'ob ka bin merkaado	Jayp'éel k'iino'ob ka bin merkaado	NOCHANGE
Táan a suut tu naajil xook	Táan a suut tu naajil xook	NOCHANGE
To'onen yaanto'on meyaj biología	To'onen yaanto'on meyaj biología	NOCHANGE
Yaan wáaj a bine'ex koonol merkaado	Yaan wáaj a bine'ex koonol merkaado	NOCHANGE
Taak in manik ya'abach ba'alo'ob tu k'íiwikil koonol	Taak in manik ya'abach ba'alo'ob tu k'íiwikil koonol	NOCHANGE
Ts'oka'an wáaj in 'eel	Ts'oka'an w xooke'exáaj in 'eel	PERSON:2_PL
Yaan in suut wtu oaajil xéok	Yaan wáaj in suut wtu oaajil xéok	SUBTYPE:INT;PERSON:1_SI
Táan u kaxtiko'ob a naajil	Táan u kaxtiko'ob a naajil	NOCHANGE
Te' a taale'ex tu kaajil Kopomae'	Te' a taale'ex tu kaajil Kopomae'	NOCHANGE
Jweene'ex ich kool	Jweene'ex ich kool	NOCHANGE
Teche' ajkoonolech ichil merkaado	Teche' ajkoonolech ichil merkaado	NOCHANGE
Ma' múulkajakbal tu yéeteli'	Ma' múulkajakbal tu yéeteli'	NOCHANGE
Ki'imak wáaj a wóol a bin tu k'íiwikil koonol	Ki'imak wáaj a wóol a bin tu k'íiwikil koonol	NOCHANGE
Teche' ajkoonolech	Teche' ajkoonolech	NOCHANGE
Yaan in báaxal tu naajil báaxal	Yaan in báaxal tu naajil báaxal	NOCHANGE
Táan k bin koonol tu k'íiwikil koonol	Táan k bin koonol tu k'íiwikil koonol	NOCHANGE
Ts'oka'an wáaj a beele'ex	Ts'oka'an wáaj a beele'ex	NOCHANGE
Ba'atelnajo'ob te' tu kúuchil báaxalo'	Ba'atelnajo'ob te' tu kúuchil báaxalo'	NOCHANGE
Ma' wáaj ta bin merkaado	Ma' wáaj ta bin merkaado	NOCHANGE
Taak in suut koonol merkaado	Taak in suut koonol merkaado	NOCHANGE
Leti'e' ku bin paak'áal ich kool	Leti'e' ku bin paak'áal ich kool	NOCHANGE
Tin ueenti- 8anal a7ch k'ol	Tin ueenti- 8aninl a7ch k'ol	PERSON:1_SI
Táan in xok tu naaiil xook	Táan in xo'a'abéet k tu naaiil xook	ASPECT:OBL
Te'exe' táan a bine'ex koonol tu k'íiwikil koonol	Te'exe' táan a bine'ex koonol tu k'íiwikil koonol	NOCHANGE
Yaan wáaj a xooke'ex xook tu naajil xook	Yaan wáaj a xooke'ex xook tu naajil xook	NOCHANGE
Ma' a wojele'ex u ja'abili'	Ma' a wojele'ex u ja'abili'	NOCHANGE
Ma' tu yilaj u sáastal tu kaajali'	Ma' tu yilaj u sáastal tu kaajali'	NOCHANGE
Tene' yaan ten u áanaltejil in xook matemáticas	Tene' yaan  báaxale'exten u áanaltejil in xook matemáticas	PERSON:2_PL
Máax yéetel táant a bin koonol tu kúuchil báaxale'	Máax yéetel táant a bin koonol tu kúuchil báaxale'	NOCHANGE
Táan wáaj u báaxal tu naajil báaxal	Táan wáaj u báaxal tu naajil báaxal	NOCHANGE
Ta wiiaj waaj u sáastagñ a kaajal	Ta wiiaj wáaj waaj u sáastagñ a kaajal	SUBTYPE:INT
Ma' jach k'a'abéet u bino'ob tu k'íiwikil koonoli'	Ma' jach k'a'abéet u bino'ob tu k'íiwikil koonoli'	NOCHANGE
Táan u meyajo'ob ich kool	Táan u meyajo'ob ich kool	NOCHANGE
Yaan wáaj u báaxalo'ob tu naajil báaxal	Yaan wáaj u báaxalo'ob tu naajil báaxal	NOCHANGE
Táan in meyaj ich kool	Táan in meyaj ich kool	NOCHANGE
Tu kaxko'ob a najil	Tu kaxko'ob a najil	NOCHANGE
Jayp'éel k'iino'ob ku bin tu k'íiwikil koonol	Jayp'éel k'iino'ob ku bin tu k'íiwikil koonol	NOCHANGE
Ta manaj a najil	Ta manaj a najil	NOCHANGE
Teche' Yaan tech u áanalte'il a xook matemáticas	Teche' Yaan tech u áanalte'il a xook matemáticas	NOCHANGE
Te'exe' ti' kajakbale'ex tu yotoche'	Te'exe' ti' kajakbale'ex tu yotoche'	NOCHANGE
Táan wáaj u boono'ob tu naajil xook	Táan wáaj u boono'ob tu naajil xook	NOCHANGE
Tene' áak'ab kin bib rnkiaado	Tene' áak'ab ka bibe'ex koonol rnkiaado	PERSON:2_PL
Ma' a wa'alike'ex u k'aaba'	Ma' a wa'alike'ex u k'aaba'	NOCHANGE
Tene' ti' in taali'	Tesuun e' ti' in taali'	ASPECT:CUS
Táan in xook tu naajil xook	Táan in xook tu naajil xook	NOCHANGE
Tene' yaan ten meaj b7iñocrgía	Tene' yaan te'a'abéet n meaj b7iñocrgía	SUBTYPE:DEC;ASPECT:OBL
Yaan in boon tu naajil x1ok	Yaan in boo'ex tu naajil x1ok	PERSON:2_PL
Te' in taa 'tu paajjil kopomae'	Te' in taa 'tu paajjil k wáaj opomae'	SUBTYPE:INT
Leti'obe' ku báaxalo'ob paarkée	Leti'obe' ku báaxalo'ob paarkée	NOCHANGE
Táan in suutk odkoól mérkkaado	Táan in suutk 'a'abéet odkoól mérkkaado	ASPECT:OBL
To'one' ts'oka'an wáaj k beel	To'one' ts'oka'an wáaj k beel	NOCHANGE
Ki'imak in wóol in bin ich kool	Ki'imak in wóol in bin ich kool	NOCHANGE
Ma' u yojel u ja'abili'	Ma' u yojel u ja'abili'	NOCHANGE
Ma' tin wilikech tu k'íiwikil koonol	Ma' tin wilikech tu k'íiwikil koonol	NOCHANGE
Tene' yaan ten txooo t' esspalñ	Tene'' yaan e'exten txooo t' esspalñ	PERSON:2_PL
Jbino'ob yéetel u éetailo'ob merkaado	Jbino'ob yéetel u éetailo'ob merkaado	NOCHANGE
Táan u bin koonol tu k'íiwikil koonol	Táan u bin koonol tu k'íiwikil koonol	NOCHANGE
Jbinech yéetel a éetailo'ob tu k'íiwikil koonol	Jbinech yéetel a éetailo'ob tu k'íiwikil koonol	NOCHANGE
Leti'e' ajkoonol ichil merkaado	Leti'e' ajkoonol ichil merkaado	NOCHANGE
Tek núukaj buka'aj k ja'abil	Tek núukaj buka'aj k ja'abil	NOCHANGE
Leti'e' ma' táan u bin koonol tu k'íiwikil koonol	Leti'e' ma' táan u bin koonol tu k'íiwikil koonol	NOCHANGE
Te'exe' ka báaxale'ex paarkée	Te'exe' ka báaxale'ex paarkée	NOCHANGE
J-jaane'ex merkaado	J-jaane'ex merkaado	NOCHANGE
Ta meentik janal ich kool	Ta meentik janal ich kool	NOCHANGE
Teche' Yaan tech wáaj meyaj ti' biología	Teche' Yaan tech wáaj meyaj ti' biología	NOCHANGE
Táan u bin oool tu k'íiwikil koonol	Táan u bin ots'o'oo ol tu k'íiwikil koonol	ASPECT:TER;TENSE:PAS_SIM
Ook'in a bin ich kool	Ook'in a bin ich kool	NOCHANGE
Ts'oka'an wáaj u beel	Ts'oka'an wáaj u beel	NOCHANGE
Máax yéetel jo'op' a bin koonol tu kúuchil báaxal	Máax yéetel jo'op' a bin koonol tu kúuchil báaxal	NOCHANGE
Te'exe' ti' a taale'exi'	Te'exe' ti' a taale'exi'	NOCHANGE
Yaan wáaj in bin koonol tu k'íiwlkil koonol	Yaan wáaj in wáaj bin koonol tu k'íiwlkil koonol	SUBTYPE:INT
Táan u boon tu naajil xook	Táan u boon tu naajil xook	NOCHANGE
Tu'ñux kaja8balen	Tu'ñux ke'exaja8balen	PERSON:2_PL
Leti'e' yaan meyaj ti' biología	Leti'e' yaan meyaj ti' biología	NOCHANGE
Mix te'ex kajakbale'ex ta wotoch	Mix te'ex kajakbale'ex ta wotoch	NOCHANGE
Yaan a boone'ex xook tu naajil xook	Yaan a boone'ex xook tu naajil xook	NOCHANGE
Táan wáaj a bine'ex ich kool	Táan wáaj a bine'ex ich kool	NOCHANGE
Yaan wáaj a boon tu naajil xook	Yaan wáaj a boon tu naajil xook	NOCHANGE
Ma' táan a bin koonol tu k'íiwikil koonol	Ma' táan a bin koonol tu k'íiwikil koonol	NOCHANGE
Ma' in wopel u ia'abili'	Suum a' in wopel u ia'abili'	ASPECT:CUS
Ka'abeje' yaan a bine'ex koonol	Ka'abeje' yaan a bine'ex koonol	NOCHANGE
Ma' tan in k'íilkabi'	Ma' tan in k'íilkabi'	NOCHANGE
Ma' jach k'a'abéet u bin k'íiwikil koonoli'	Ma' jach k'a'abéet u bin k'íiwikil koonoli'	NOCHANGE
Te'exe' táan a bine'ex koonol tu k'íiwikil koonol	Te'exe' táan a bine'ex koonol tu k'íiwikil koonol	NOCHANGE
Kin wilikech merkaado	Kin wilikech merkaado	NOCHANGE
Tene' kajakbalen weye'	Tene' kajakbalen weye'	NOCHANGE
Táan in suut koonoyl merkaado	Táan in suutsuu  koonoyl merkaado	ASPECT:CUS
Tu u yojel u ja'abili'	Tu u yojel u ja'abili'	NOCHANGE
Tu'ux kajakbalech	Tu'ux kajakbalech	NOCHANGE
Sáansamal ku bino'ob merkaado	Sáansamal ku bino'ob merkaado	NOCHANGE
Suuk in wilikech te' tu kúuchil báaxalo'	Suuk in wilikech te' tu kúuchil báaxalo'	NOCHANGE
Ta'aytak k chukik u ja'abil	Ta'aytak k chukik u ja'abil	NOCHANGE
Ma' tin wilaj u sáas1tal tin kaajali'	Ma' ta wilaj u sáas1tal tin e'exkaajali'	PERSON:2_PL
Yaaá wáaj a xook tu naajil xoog	Yaaá wáaj a xotaao k tu naajil xoog	ASPECT:DES
Táan wáaj u báaxalo'ob tu naajil báaxal	Táan wáaj u báaxalo'ob tu naajil báaxal	NOCHANGE
jayp'éel k'iino'ob ku bino'ob tu k'íiwikil koonol	jayp'éel k'iino'ob ku bino'ob tu k'íiwikil koonol	NOCHANGE
Ma' k ojel u ja'abili'	Ma' k ojel u ja'abili'	NOCHANGE
Yaan k boon tu naajil xook	Yaan k boon tu naajil xook	NOCHANGE
Leti'e' u k'aaba'e'	Leti'e' u k'aaba'e'	NOCHANGE
Nin xeen7yk janal ich rkés7oa7	Te'exe' nin xeen7ye'exk janal ich rkés7oa7	PERSON:2_PL
Ta konaj wáaj a najil	Ta konaj wáaj a najil	NOCHANGE
Kin wilikech te' tu kúuchil báaxalo'	Kin wilikech te' tu kúuchil báaxalo'	NOCHANGE
Ma' tu yilo'ob u sáastal tu kaajalo'obi'	Ma' tu yilo'ob u sáastal tu kaajalo'obi'	NOCHANGE
Ko'one'ex ich kool	Ko'one'ex ich kool	NOCHANGE
Jach k'a'abéet u bino'ob merkaado	Jach k'a'abéet u bino'ob merkaado	NOCHANGE
Ma' tin wilikech merkaado	Ma' tin wilikech merkaado	NOCHANGE
Táan wáaj a xook tu naajil xook	Táan wáaj a xook tu naajil xook	NOCHANGE
Teche' ka bin xíimbal tu najil	Teche' ka bin xíimbal tu najil	NOCHANGE
Táan in suut koodnol merkadm'o	Táan in suu báaxale'ext koodnol merkadm'o	PERSON:2_PL
Teche' áak'ab wáaj ka bin merkaado	Teche' áak'ab wáaj ka bin merkaado	NOCHANGE
Ma' wáaj in chuk u ja'abili'	Ma' wáaj in chuk u ja'abili'	NOCHANGE
Táan wáaj a boon tu naajil xook	Táan wáaj a boon tu naajil xook	NOCHANGE
Ma' k'aja'antech buka'aj a ja'abili'	Ma' k'aja'antech buka'aj a ja'abili'	NOCHANGE
Ma' ta wu'uyik ooxoli'	Ma' ta wu'uyik ooxoli'	NOCHANGE
óok'otnajech tu naajil xook	óok'otnajech tu naajil xook	NOCHANGE
ka ts'íib tu naajil xook	ka ts'íib tu naajil xook	NOCHANGE
Yaan u báaxal tu naajil báaxal	Yaan u báaxal tu naajil báaxal	NOCHANGE
Táan a suute'ex xook tu naajil xook	Táan a suute'ex xook tu naajil xook	NOCHANGE
Suuk in bin koonol tu k'íiwikil koonol	Suuk in bin koonol tu k'íiwikil koonol	NOCHANGE
Jbi'en áalkab te' taam prarkéeo'	Jbi'en áalkats'o'ob  te' taam prarkéeo'	ASPECT:TER;TENSE:PAS_SIM
Yaan in suut tu naajil xook	Yaan in suut tu naajil xook	NOCHANGE
Táan k báaxal tu naajil báaxal	Táan k báaxal tu naajil báaxal	NOCHANGE
To'one' k u'uyik wáaj ooxol	To'one' k u'uyik wáaj ooxol	NOCHANGE
Jach sk''abéeg a bin mdrkaaeo	Jach sk''abéeg wáaj a bin mdrkaaeo	SUBTYPE:INT
Ma' tin manaj in najili'	Ma' tin manaj in najili'	NOCHANGE
Yaan wáaj in jóok'ol konocx tu k'íiwikil koonol	Yaan wáaj a jóok'ol konocx tu k'íiwikil koonol	PERSON:2_SI
Yaan wáaj a bin koonol merkaado	Yaan wáaj a bin koonol merkaado	NOCHANGE
Ma' táan u bino'ob koonol tu k'íiwikil koonol	Ma' táan u bino'ob koonol tu k'íiwikil koonol	NOCHANGE
Táan wáaj ek bin ich kool	Táan wáaj ek bin ich kool	NOCHANGE
Jach k'a'abéet a bine'ex merkaado	Jach k'a'abéet a bine'ex merkaado	NOCHANGE
Tr'aytak in pchukik u ja'abil	Tr'aytak  wáajin pchukik u ja'abil	SUBTYPE:INT
Táan wáaj a bin ich kool	Táan wáaj a bin ich kool	NOCHANGE
Tin meentik janal tin wotoch	Tin meentik janal tin wotoch	NOCHANGE
To'one' ti' k taali'	To'one' ti' k taali'	NOCHANGE
Ma' tek u'uyik wáaj ooxoli'	Ma' tek u'uyik wáaj ooxoli'	NOCHANGE
To'one' ma' wáaj áak'ab kek bin merkaadoi'	To'one' ma' wáaj áak'ab kek bin merkaadoi'	NOCHANGE
Yaan a xooke'ex xook tu naajil xook	Yaan a xooke'ex xook tu naajil xook	NOCHANGE
Táan a báaxale'ex báaxal tu naajil báaxal	Táan a báaxale'ex báaxal tu naajil báaxal	NOCHANGE
ma'alob jk'a'amiken tu naajil xook	ma'alob jk'a'amiken tu naajil xook	NOCHANGE
Ta wile'ex wáaj u sáastal ta kaajale'ex	Ta wile'ex wáaj u sáastal ta kaajale'ex	NOCHANGE
Ma' jach k'a'abéet a bine'ex k'íiwikil koonoli'	Ma' jach k'a'abéet a bine'ex k'íiwikil koonoli'	NOCHANGE
Jbinech yéetel a éetailo'ob merkaado	Jbinech yéetel a éetailo'ob merkaado	NOCHANGE
Tu'ux k'íiwikil koonol yaan a jóok'ol koonol	Tu'ux k'íiwikil koonol yaan a jóok'ol koonol	NOCHANGE
Caín wáaj in xin ich ko8l	Caín  wáajwáaj in xin ich ko8l	SUBTYPE:INT
