Táan wáaj a báaxal tu naajil báaxal yaan in báaxal tu naajil báaxal	Táan wáaj u báaxal tu naajil báaxal yaan u báaxal tu naajil báaxal	PERSON:3_SI
Táan wáaj a báaxal tu naajil báaxal sáansamal kin bin koonol merkaado	Táan wáaj u báaxalo'ob tu naajil báaxal sáansamal ku bino'ob koonol merkaado	PERSON:3_PL
Ma k'aja'anten buka'aj in ja'abili' tene' áak'ab kin bin merkaado	Ma' k'aja'anti' buka'aj u ja'abili' leti'e' áak'ab ku bin merkaado	PERSON:3_SI
Ook'in in bin tu k'íiwikil koonol tene' kin báaxal paarkée	Ook'in u bino'ob k'íiwikil koonol leti'obe' ku báaxalo'ob paarkée	PERSON:3_PL
Tu'ux kajakbalen jweenen ich kool	Tu'ux kajakbalo'ob jweeno'ob ich kool	PERSON:3_PL
Táan u bin koonol tu k'íiwikil koonol ta konaj a wotoch	Táan wáaj u bin koonol tu k'íiwikil koonol ta konaj wáaj a wotoch	SUBTYPE:INT
Yaan wáaj in bin koonol tu k'íiwikil koonol te' in taal tu kaajil kopomae'	Yaan wáaj u bino'ob koonol tu k'íiwikil koonol te' u taalo'ob tu kaajil kopomae'	PERSON:3_PL
Jach wáaj k'a'abéet a bin merkaado ba'atelnajen te' tu kúuchil báaxalo'	Jach wáaj k'a'abéet u bino'ob merkaado ba'atelnajo'ob te' tu kúuchil báaxalo'	PERSON:3_PL
Kin in suut koonol merkaado táan in manik ja'as tu k'íiwikil koonol	Ts'o'ok in suut koonol merkaado ts'o'ok in manik janal tu k'íiwikil koonol	ASPECT:TER;TENSE:PAS_SIM
Tin kaxtik a najil ta'aytak in chukik u ja'abil	Táan u kaxtik a najil ta'aytak u chukik u ja'abil	PERSON:3_SI
Yaan wáaj in bin koonol tu k'íiwikil koonol kin ts'íib tu naajil xook	Yaan wáaj a bine'ex koonol tu k'íiwikil koonol ka ts'íibe'ex tu naajil xook	PERSON:2_PL
Tene' in jatsmajimbáaj ma' in wa'alik u k'aaba'	Leti'e' u jatsmajubáaj ma' u ya'alik u k'aaba'	PERSON:3_SI
Te' in taal tu kaajil kopomae' tene' ajkoonolen	Te' u taal tu kaajil kopomae' leti'e' ajkoonol	PERSON:3_SI
Ma' tin wilaj u sáastal tin kaajali' táan wáaj a bin koonol tu k'íiwikil koonol	Ma' tu yilo'ob u sáastal tu kaajalo'obi' táan wáaj u bino'ob koonol tu k'íiwikil koonol	PERSON:3_PL
Tene' áak'ab kin bin merkaado yaan in boon tu naajil xook	Teche' áak'ab ka bin merkaado yaan a boon tu naajil xook	PERSON:2_SI
Táan in báaxal tu naajil báaxal tene' kin báaxal paarkée	Táan a báaxale'ex báaxal tu naajil báaxal te'exe' ka báaxale'ex paarkée	PERSON:2_PL
Yaan in suut tu naajil xook teche' ma' wáaj áak'ab ka bin merkaadoi'	Yaan a suute'ex xook tu naajil xook te'exe' ma' wáaj áak'ab ka bine'ex merkaadoi'	PERSON:2_PL
Táan in bin koonol merkaado tene' ti' in taali'	Táan u bin koonol merkaado leti'e' ti' u taali'	PERSON:3_SI
Ta wilaj wáaj u sáastal ta kaajal tene' kajakbalen weye'	Ta wile'ex wáaj u sáastal ta kaajale'ex te'exe' kajakbale'ex weye'	PERSON:2_PL
Tene' áak'ab kin bin tu k'íiwikil koonol tene' in jatsmajimbáaj	Te'exe' áak'ab ka bine'ex tu k'íiwikil koonol te'exe' a jatsmajaba'ex	PERSON:2_PL
Jbinen yéetel in éetailo'ob merkaado ma' táan in bin koonol merkaadoi'	Jbinech yéetel a éetailo'ob merkaado ma' táan a bin koonol merkaadoi'	PERSON:2_SI
Tene' ma' jbúuleni' ma' jach k'a'abéet in bin tu k'íiwikil koonoli'	Te'exe' ma' jbúule'exi' ma' jach k'a'abéet a bine'ex k'íiwikil koonoli'	PERSON:2_PL
Táan in bin koonol tu k'íiwikil koonol yaan wáaj a xook tu naajil xook	Leti'obe' táan u bino'ob koonol tu k'íiwikil koonol yaan wáaj u xooko'ob tu naajil xook	PERSON:3_PL
Jayp'éel k'iino'ob ka bin merkaado mix teen kajakbalen ta wotoch	Jayp'éel k'iino'ob ku bino'ob merkaado mix leti'ob kajakbalo'ob ta wotoch	PERSON:3_PL
Jach k'a'abéet in bin tu k'íiwikil koonol tin konaj in najil	Jach wáaj k'a'abéet in bin k'íiwikil koonol tin wáaj konaj in najil	SUBTYPE:INT
Ma k'aja'anten buka'aj in ja'abili' tene' kin báaxal tu naajil xook	Ma' k'aja'anto'on buka'aj k ja'abili' to'one' k báaxal tu naajil xook	PERSON:1_PL
Jweenen ich kool ma' tin wilikech merkaado	Jweenech ich kool ma' ta wiliken merkaado	PERSON:2_SI
Táan in boon tu naajil xook táan wáaj a báaxal tu naajil báaxal	Táan u boono'ob tu naajil xook táan wáaj u báaxalo'ob tu naajil báaxal	PERSON:3_PL
Tene' kin bin páak ich kool j-jaanen merkaado	Teche' ka bin páak ich kool j-jaanech merkaado	PERSON:2_SI
Jbinen yéetel in éetailo'ob merkaado mix teen kajakbalen ta wotoch	Jbino'ob yéetel u éetailo'ob merkaado mix leti'ob kajakbalo'ob ta wotoch	PERSON:3_PL
Táan in bin koonol tu k'íiwikil koonol ma' tan in k'íilkabi'	Táan k bin koonol tu k'íiwikil koonol ma' tan k k'íilkabi'	PERSON:1_PL
Tin kaxtik a najil ba'atelnajen te' tu kúuchil báaxalo'	Tu kaxko'ob a najil ba'atelnajo'ob te' tu kúuchil báaxalo'	PERSON:3_PL
Ma' wáaj ta bin merkaado tene' ts'oka'an wáaj in beel	Ma' wáaj tu bin merkaado te'exe' ts'oka'an wáaj a beele'ex	PERSON:2_PL
Tene' yaan ten xook ti' español yaan wáaj in bin koonol merkaado	To'onen yaanto'on xook ti' español yaan wáaj k bin koonol merkaado	PERSON:1_PL
Ma k'aja'anten buka'aj in ja'abili' ta wilaj wáaj u sáastal ta kaajal	Ma' k'aja'anti' buka'aj u ja'abili' tu yilaj wáaj u sáastal tu kaajal	PERSON:3_SI
Táan in xook tu naajil xook tene' ma' jbúuleni'	Táan k xook tu naajil xook to'one' ma' jbúulo'oni'	PERSON:1_PL
Tene' áak'ab kin bin tu k'íiwikil koonol tene' ts'oka'an wáaj in beel	Te'exe' áak'ab ka bine'ex tu k'íiwikil koonol te'exe' ts'oka'an wáaj a beele'ex	PERSON:2_PL
Táan wáaj a boon tu naajil xook tene' yaan ten xook ti' español	Táan wáaj u boon tu naajil xook leti'e' yaan xook ti' español	PERSON:3_SI
Táan wáaj a bin koonol merkaado ta'aytak in chukik u ja'abil	Táan wáaj u bino'ob koonol merkaado ta'aytak u chukiko'ob u ja'abil	PERSON:3_PL
Jach wáaj k'a'abéet a bin merkaado táan wáaj a boon tu naajil xook	Jach wáaj k'a'abéet u bin merkaado táan wáaj u boon tu naajil xook	PERSON:3_SI
Tene' kajakbalen weye' tene' kin bin páak ich kool	Leti'e' kajakbal weye' leti'e' ku bin páak ich kool	PERSON:3_SI
Tene' ts'oka'an wáaj in beel tene' ti' in taali'	Leti'e' ts'oka'an wáaj u beel leti'e' ti' u taali'	PERSON:3_SI
Tin konaj in najil jweenen ich kool	Ta konaj a najil jweenech ich kool	PERSON:2_SI
Máax yéetel ka bin koonol tu kúuchil báaxal kin bin koonol tu k'íiwikil koonol	Máax yéetel ts'o'ok a bin koonol tu kúuchil báaxal ts'o'ok in bin koonol tu k'íiwikil koonol	ASPECT:TER;TENSE:PAS_SIM
Táan k xook tu naajil xook táan u boon tu naajil xook	Táan wáaj k xook tu naajil xook táan wáaj u boon tu naajil xook	SUBTYPE:INT
Ma'alob jk'a'amiken tu naajil xook tu u yojel u ja'abili'	Ma' ma'alob jk'a'amiken naajil xooki' ma' u yojel u ja'abili'	TYPE:NEG
Jaypéel k'iino'ob ka bin tu k'íiwikil koonol tene' yaan ten meyaj biología	Jayp'éel k'iino'ob ka bine'ex tu k'íiwikil koonol te'exe' yaante'ex meyaj biología	PERSON:2_PL
Sáansamal kin bin koonol merkaado jach k'a'abéet a bin merkaado	Sáansamal ku bino'ob koonol merkaado jach k'a'abéet u bino'ob merkaado	PERSON:3_PL
Tin meentik janal ich kool ki'imak in wóol in bin ich kool	Tu meentiko'ob janal ich kool ki'imak u yóolo'ob u bino'ob tu koolo'ob	PERSON:3_PL
Bajux ta bo'otaj ka ts'íibta'abech naajil xook táan wáaj a boon tu naajil xook	Bajux tu bo'oto'ob ka ts'íibta'abo'ob naajil xook táan wáaj u boono'ob tu naajil xook	PERSON:3_PL
Ma' wáaj ta bin merkaado ma' tin wilaj u sáastal tin kaajali'	Ma' wáaj tu bin merkaado ma' ta wile'ex u sáastal ta kaajale'exi'	PERSON:2_PL
Táan in boon tu naajil xook ma' ta wu'uyik  wáaj ooxoli'	Táan a boone'ex xook tu naajil xook ma' ta wu'uyike'ex wáaj ooxoli'	PERSON:2_PL
Ma' táan in bin koonol tu k'íiwikil koonol ook'in in bin tu k'íiwikil koonol	Ma' táan a bine'ex koonol tu k'íiwikil koonol ook'in a bine'ex k'íiwikil koonol	PERSON:2_PL
J-jaanen merkaado táan in bin koonol merkaado	J-jaane'ex merkaado táan a bine'ex koonol merkaado	PERSON:2_PL
Ba'ax ja'abil jsíijen yaan wáaj in bin koonol tu k'íiwikil koonol	Ba'ax ja'abil jsíijo'ob yaan wáaj u bino'ob koonol tu k'íiwikil koonol	PERSON:3_PL
Tu'ux kajakbalen táan in báaxal tu naajil báaxal	Tu'ux kajakbalo'ob táan u báaxalo'ob tu naajil báaxal	PERSON:3_PL
Táan in suut tu naajil xook tu'ux kajakbalen	Táan k suut tu naajil xook tu'ux kajakbalo'on	PERSON:1_PL
Ma' ts'oka'an in beeli' teche' ma' jbúulech wáaj	Ma' ts'oka'an k beeli' to'one' ma' jbúulo'on wáaj	PERSON:1_PL
Yaan in jochik chak nal tin kool tene' ti' kajakbalen tu yotoche'	Yaan u jochiko'ob chak nal tu koolo'ob leti'obe' ti' kajakbalo'ob tu yotoche'	PERSON:3_PL
Teche' yaan tech wáaj meyaj ti' biología tene' yaan ten xook ti' español	Leti'e' yaan wáaj meyaj ti' biología leti'e' yaan xook ti' español	PERSON:3_SI
Táan wáaj a boon tu naajil xook tene' ti' kajakbalen tu yotoche'	Táan wáaj u boono'ob tu naajil xook leti'obe' ti' kajakbalo'ob tu yotoche'	PERSON:3_PL
Tene' áak'ab kin bin tu k'íiwikil koonol jbinen áalkab te' taam paarkéeo'	Leti'e' áak'ab ku bin tu k'íiwikil koonol leti'e' bin áalkab te' taam paarkéeo'	PERSON:3_SI
Tene' ti' kajakbalen tu yotoche' ma' in wa'alik u k'aaba'	Te'exe' ti' kajakbale'ex tu yotoche' ma' a wa'alike'ex u k'aaba'	PERSON:2_PL
Ook'in in bin tu k'íiwikil koonol táan wáaj a bin koonol tu k'íiwikil koonol	Ook'in a bine'ex k'íiwikil koonol táan wáaj a bine'ex koonol tu k'íiwikil koonol	PERSON:2_PL
Táan in kaaxtik a wotoch yaan wáaj in bin koonol tu k'íiwikil koonol	Táan u kaxtiko'ob a wotoch yaan wáaj u bino'ob koonol tu k'íiwikil koonol	PERSON:3_PL
Tene' kajakbalen weye' óok'otnajen tu naajil xook	Teche' kajakbalech weye' óok'otnajech tu naajil xook	PERSON:2_SI
K'aaynajen tu naajil xook yaan in suut tu naajil xook	K'aaynajech tu naajil xook yaan a suut tu naajil xook	PERSON:2_SI
Jayp'éel k'iino'ob ka bin merkaado tene' kajakbalen weye'	Jayp'éel k'iino'ob ka bine'ex merkaado te'exe' kajakbale'ex weye'	PERSON:2_PL
Tan in k'íilkab táan wáaj a bin koonol tu k'íiwikil koonol	Tan a k'íilkabe'ex táan wáaj a bine'ex koonol tu k'íiwikil koonol	PERSON:2_PL
Tene' ma' jbúuleni' ook'in in bin merkaado	Teche' ma' jbúulechi' ook'in a bin merkaado	PERSON:2_SI
Táan in suut tu naajil xook tene' áak'ab wáaj kin bin tu k'íiwikil koonol	Táan k suut tu naajil xook to'one' áak'ab wáaj k bin tu k'íiwikil koonol	PERSON:1_PL
Ka wu'uyik wáaj ooxol táan wáaj a báaxal tu naajil báaxal	Te'exe' ka wu'uyike'ex wáaj ooxol táan wáaj a báaxale'ex báaxal tu naajil báaxal	PERSON:2_PL
J-jaanen merkaado yaan in jochik chak nal tin kool	J-jaano'on merkaado yaan ek jochik chak nal tek kool	PERSON:1_PL
Táan in bin koonol tu k'íiwikil koonol ta wilaj wáaj u sáastal ta kaajal	Táan k bin koonol tu k'íiwikil koonol k ilaj wáaj u sáastal k kaajal	PERSON:1_PL
Tene' in wojel bix u k'aaba' to'one' áak'ab k bin tu k'íiwikil koonol	Tene' in wojel wáaj bix u k'aaba' to'one' áak'ab wáaj k bin tu k'íiwikil koonol	SUBTYPE:INT
Yaan wáaj in bin koonol tu k'íiwikil koonol ma' ts'oka'an in beeli'	Yaan wáaj u bino'ob koonol tu k'íiwikil koonol ma' ts'oka'an a beele'exi'	PERSON:3_PL
Ba'atelnajen te' tu kúuchil báaxalo' tin kaxtik a najil	Ba'atelnajo'ob te' tu kúuchil báaxalo' táan u kaxtiko'ob a naajil	PERSON:3_PL
Tene' ajkoonolen ichil merkaado yaan wáaj a manik a najil	Leti'e' ajkoonol ichil merkaado yaan wáaj u manik u najil	PERSON:3_SI
K'aaynajen tu naajil xook tene' yaan ten u áanalte'il in xook matemáticas	K'aaynajech tu naajil xook teche' yaan tech u áanalte'il a xook matemáticas	PERSON:2_SI
Jach wáaj k'a'abéet a bin k'íiwikil koonol te' in taal tu kaajil kopomae'	Jach k'a'abéet wáaj u bin tu k'íiwikil koonol te' u taal tu kaajil kopomae'	PERSON:3_SI
Jweenen merkaado ma' wáaj ta bin merkaado	Jweeno'ob merkaado ma' wáaj tu bino'ob merkaado	PERSON:3_PL
Tene' ti' kajakbalen tu yotoche' tene' ts'oka'an wáaj in beel	Teche' ti' kajakbalech tu yotoche' teche' ts'oka'an wáaj a beel	PERSON:2_SI
Ma' in wa'alik u k'aaba' tene' yaan ten xook ti' español	Ma' a wa'alike'ex u k'aaba' te'exe' yaante'ex xook ti' español	PERSON:2_PL
Yaan wáaj in bin koonol tu k'íiwikil koonol táan wáaj a bin koonol tu k'íiwikil koonol	Yaan wáaj u bino'ob koonol tu k'íiwikil koonol táan wáaj u bino'ob koonol tu k'íiwikil koonol	PERSON:3_PL
Ka'abeje' yaan in bin tu k'íiwikil koonol yaan wáaj in bin ich kool	Ka'abeje' yaan u bino'ob koonol yaan wáaj u bino'ob ich kool	PERSON:3_PL
Tin kaxtik a najil ook'in in bin ich kool	Tu kaxko'ob a najil ook'in u bino'ob tu koolo'ob	PERSON:3_PL
Yaan ti' te'ex 17 ja'abo'ob to'one' áak'ab k bin tu k'íiwikil koonol	Yaan wáaj ti' te'ex kex 17 ja'abo'ob to'one' ma' áak'ab wáaj k bin tu k'íiwikil koonoli'	TYPE:NEG;SUBTYPE:INT
Jaypéel k'iino'ob ka bin tu k'íiwikil koonol táan wáaj a báaxal tu naajil báaxal	Jayp'éel k'iino'ob ka bine'ex tu k'íiwikil koonol táan wáaj a báaxale'ex báaxal tu naajil báaxal	PERSON:2_PL
Jach k'a'abéet u bin tu kool táan a bine'ex ich kool	Ma' jach k'a'abéet u bin tu kooli' ma' táan a bine'ex ich kooli'	TYPE:NEG
Tene' yaan ten meyaj biología ma' tan in k'íilkabi'	To'onen yaanto'on meyaj biología ma' tan k k'íilkabi'	PERSON:1_PL
Tene' ts'oka'an wáaj in beel tene' ti' in taali'	Leti'obe' ts'oka'an wáaj u beelo'ob leti'obe' ti' u taalo'obi'	PERSON:3_PL
Ta wilaj wáaj u sáastal ta kaajal ma' ts'oka'an in beeli'	K ilaj wáaj u sáastal k kaajal ma' ts'oka'an k beeli'	PERSON:1_PL
Táan wáaj a báaxal tu naajil báaxal ma' wáaj ta bin merkaado	Táan wáaj a báaxale'ex báaxal tu naajil báaxal ma' wáaj tu bin merkaado	PERSON:2_PL
Tene' kajakbalen weye' ta wilaj wáaj u sáastal ta kaajal	Te'exe' kajakbale'ex weye' ta wile'ex wáaj u sáastal ta kaajale'ex	PERSON:2_PL
Ma' tin wilike'ex tu k'íiwikil koonol jach wáaj k'a'abéet a bin merkaado	Ma' tin wilikech tu k'íiwikil koonol jach wáaj k'a'abéet in bin merkaado	PERSON:1_SI
To'one' áak'ab k bin tu k'íiwikil koonol teche' a k'aaba'e'	To'one' áak'ab wáaj k bin tu k'íiwikil koonol bix a k'aaba'	SUBTYPE:INT
Teche' áak'ab wáaj ka bin merkaado tene' ma' jbúuleni'	Leti'e' áak'ab wáaj ku bin merkaado leti'e' ma' jbúuli'	PERSON:3_SI
Tene' ti' in taali' yaan wáaj in bin koonol merkaado	Leti'e' ti' u taali' yaan wáaj u bin koonol merkaado	PERSON:3_SI
To'one' áak'ab k bin tu k'íiwikil koonol ta konaj a najil	To'one' áak'ab wáaj k bin tu k'íiwikil koonol ta konaj wáaj a najil	SUBTYPE:INT
Sáansamal kin bin merkaado ta'aytak in chukik u ja'abil	Sáansamal ka bine'ex merkaado ta'aytak a chukike'ex u ja'abil	PERSON:2_PL
Ma' tan in k'íilkabi' tene' kin bin páak ich kool	Ma' tan k k'íilkabi' to'one kek bin páak ich kool	PERSON:1_PL
Mix teen kajakbalen ta wotoch tene' ti' kajakbalen tu yotoche'	Ma' kajakbale'ex tin wotochi' te'exe' ti' kajakbale'ex tu yotoche'	PERSON:2_PL
Jach k'a'abéet a bin merkaado teche' áak'ab wáaj ka bin merkaado	Jach k'a'abéet a bine'ex merkaado te'exe' áak'ab wáaj ka bine'ex merkaado	PERSON:2_PL
Táan in bin koonol merkaado jaypéel k'iino'ob ka bin tu k'íiwikil koonol	Táan u bino'ob koonol merkaado jayp'éel k'iino'ob ku bino'ob tu k'íiwikil koonol	PERSON:3_PL
Tene' kajakbalen weye' táan wáaj a bin koonol tu k'íiwikil koonol	Leti'obe' kajakbalo'ob weye' táan wáaj u bino'ob koonol tu k'íiwikil koonol	PERSON:3_PL
Táan in bin koonol merkaado jbinen yéetel in éetailo'ob tu k'íiwikil koonol	Táan u bino'ob koonol merkaado leti'obe' jbino'ob yéetel u éetailo'ob tu k'íiwikil koonol	PERSON:3_PL
Tene' kin báaxal paarkée tene' kin báaxal tu naajil xook	Te'exe' ka báaxale'ex paarkée te'exe' ka báaxale'ex tu naajil xook	PERSON:2_PL
Ma' tan in k'íilkabi' ook'in in bin merkaado	Ma' tan u k'íilkabo'obi' ook'in u bino'ob merkaado	PERSON:3_PL
Tene' áak'ab kin bin tu k'íiwikil koonol tene' jbúulen	Teche' áak'ab ka bin tu k'íiwikil koonol teche' jbúulech	PERSON:2_SI
Tene' ajkoonolen jach k'a'abéet a bin tu k'íiwikil koonol	Te'exe' ajkoonole'ex jach k'a'abéet a bine'ex tu k'íiwikil koonol	PERSON:2_PL
Ka wu'uyik wáaj ooxol táan wáaj a bin koonol tu k'íiwikil koonol	To'one' k u'uyik wáaj ooxol táan wáaj k bin koonol tu k'íiwikil koonol	PERSON:1_PL
Ook'in in bin merkaado ma k'aja'anten buka'aj in ja'abili'	Ook'in u bino'ob merkaado ma' k'aja'anti'ob buka'aj u ja'abilo'obi'	PERSON:3_PL
Teche' ma' jbúulech wáaj yaan in jochik chak nal tin kool	Te'exe' ma' jbúule'ex wáaj yaan a jochike'ex chak nal ta koole'ex	PERSON:2_PL
Jbinen áalkab te' taam paarkéeo' táan in meyaj ich kool	Leti'o'obe' bino'ob áalkab te' taam paarkéeo' táan u meyajo'ob ich kool	PERSON:3_PL
Yaan wáaj in bin ich kool ta wilaj wáaj u sáastal ta kaajal	Yaan wáaj u bin ich kool tu yilaj wáaj u sáastal tu kaajal	PERSON:3_SI
Ma' ta wu'uyik  wáaj ooxoli' ma' táan in bin koonol merkaadoi'	Ma' tu yu'ubiko'ob wáaj ooxoli' ma' táan k bin koonol merkaadoi'	PERSON:3_PL
Tene' ma' jbúuleni' teche' ma' jbúulech wáaj	Leti'e' ma' jbúuli' leti'e' ma' jbúul wáaj	PERSON:3_SI
Ma' tin wilikech merkaado tene' ajkoonolen	Ma' ta wiliken merkaado teche' ajkoonolech	PERSON:2_SI
Ka'abeje' yaan in bin merkaado sáansamal kin bin merkaado	Ka'abeje' yaan u bino'ob koonol merkaado sáansamal ku bino'ob merkaado	PERSON:3_PL
Táan wáaj a bin ich kool jweenen merkaado	Táan wáaj a bine'ex ich kool jweene'ex merkaado	PERSON:2_PL
Tene' yaan ten meyaj biología yaan wáaj in bin koonol tu k'íiwikil koonol	Leti'e' yaan meyaj ti' biología yaan wáaj u bin koonol tu k'íiwikil koonol	PERSON:3_SI
Jbinen yéetel in éetailo'ob tu k'íiwikil koonol yaan wáaj in bin koonol tu k'íiwikil koonol	Leti'obe' jbino'ob yéetel u éetailo'ob tu k'íiwikil koonol yaan wáaj u bino'ob koonol tu k'íiwikil koonol	PERSON:3_PL
Ook'in in bin tu k'íiwikil koonol táan wáaj a bin ich kool	Ook'in u bino'ob k'íiwikil koonol táan wáaj u bino'ob ich kool	PERSON:3_PL
Jbinen yéetel in éetailo'ob merkaado yaan in xook tu naajil xook	Jbino'ob yéetel u éetailo'ob merkaado yaan u xooko'ob tu naajil xook	PERSON:3_PL
Táan in kaaxtik a wotoch jayp'éel k'iino'ob ka bin merkaado	Táan u kaxtiko'ob a wotoch jayp'éel k'iino'ob ku bino'ob merkaado	PERSON:3_PL
Táan in boon tu naajil xook ma' táan in bin koonol tu k'íiwikil koonol	Táan u boono'ob tu naajil xook ma' táan u bino'ob koonol tu k'íiwikil koonol	PERSON:3_PL
Yaan wáaj in bin koonol merkaado mix teen kajakbalen ta wotoch	Yaan wáaj u bino'ob koonol merkaado mix leti'ob kajakbalo'ob ta wotoch	PERSON:3_PL
Ta wilaj wáaj u sáastal ta kaajal sáansamal kin bin merkaado	Tu yilo'ob wáaj u sáastal tu kaajalo'ob sáansamal ku bino'ob merkaado	PERSON:3_PL
Táan in meyaj ich kool tin núukaj buka'aj in ja'abil	Táan ek meyaj ich kool tek núukaj buka'aj k ja'abil	PERSON:1_PL
Ma k'aja'anten buka'aj in ja'abili' yaan in jochik chak nal tin kool	Ma' k'aja'anto'on buka'aj k ja'abili' yaan ek jochik chak nal tek kool	PERSON:1_PL
Yaan wáaj a xook tu naajil xook tene' kin bin paak'áal ich kool	Yaan wáaj k xook tu naajil xook to'one' kek bin paak'áal ich kool	PERSON:1_PL
Ba'atelnajen te' tu kúuchil báaxalo' ma' ts'oka'an in beeli'	Ba'atelnajo'ob te' tu kúuchil báaxalo' ma' ts'oka'an u beelo'obi'	PERSON:3_PL
Tene' kajakbalen weye' tu'ux kajakbalen	Te'exe' kajakbale'ex weye' tu'ux kajakbale'ex	PERSON:2_PL
Jbinen yéetel in éetailo'ob merkaado yaan wáaj a báaxal tu naajil báaxal	Jbino'ob yéetel u éetailo'ob merkaado yaan wáaj u báaxalo'ob tu naajil báaxal	PERSON:3_PL
Táan wáaj a bin ich kool jbinen áalkab te' taam paarkéeo'	Táan wáaj a bine'ex ich kool te'exe' bine'ex áalkab te' taam paarkéeo'	PERSON:2_PL
Tu'ux kajakbalen yaan in jochik chak nal tin kool	Tu'ux kajakbale'ex yaan a jochike'ex chak nal ta koole'ex	PERSON:2_PL
Ma' tin wu'uyik ooxoli' ook'in in bin merkaado	Ma' tu yu'ubiko'ob ooxoli' ook'in u bino'ob merkaado	PERSON:3_PL
Ki'imak in wóol in bin merkaado ook'in in bin tu k'íiwikil koonol	Ki'imak u yóolo'ob u bino'ob merkaado ook'in u bino'ob k'íiwikil koonol	PERSON:3_PL
Yaan wáaj in bin koonol tu k'íiwikil koonol ook'in in bin merkaado	Yaan wáaj u bino'ob koonol tu k'íiwikil koonol ook'in u bino'ob merkaado	PERSON:3_PL
Jaypéel k'iino'ob ka bin tu k'íiwikil koonol ma' táan in bin koonol tu k'íiwikil koonol	Jayp'éel k'iino'ob ku bin tu k'íiwikil koonol leti'e' ma' táan u bin koonol tu k'íiwikil koonol	PERSON:3_SI
Ma' táan in bin koonol tu k'íiwikil koonol tene' ti' in taali'	Ma' táan u bino'ob koonol tu k'íiwikil koonol leti'obe' ti' u taalo'obi'	PERSON:3_PL
Te' in taal tu kaajil kopomae' ma' jach k'a'abéet in bin tu k'íiwikil koonoli'	Te' u taal tu kaajil kopomae' ma' jach k'a'abéet u bin k'íiwikil koonoli'	PERSON:3_SI
Ma' in wojel u ja'abili' ma' tan in k'íilkabi'	Ma' k ojel u ja'abili' ma' tan k k'íilkabi'	PERSON:1_PL
Táan u bin koonol tu k'íiwikil koonol yaan ti' te'ex 17 ja'abo'ob	Leti'e' ma' táan u bin koonol tu k'íiwikil koonoli' mina'an wáaj ti'ob 17 ja'abo'ob	TYPE:NEG
Táan in bin koonol merkaado ki'imak in wóol in bin merkaado	Táan u bino'ob koonol merkaado ki'imak u yóolo'ob u bino'ob merkaado	PERSON:3_PL
Tin kaxtik a najil tene' yaan ten meyaj biología	Táan u kaxtik a najil leti'e' yaan meyaj ti' biología	PERSON:3_SI
Ook'in in bin tu k'íiwikil koonol tene' ti' kajakbalen tu yotoche'	Ook'in u bino'ob k'íiwikil koonol leti'obe' ti' kajakbalo'ob tu yotoche'	PERSON:3_PL
Ma k'aja'anten buka'aj in ja'abili' táan in bin koonol tu k'íiwikil koonol	Ma' k'aja'anti'ob buka'aj u ja'abilo'obi' leti'obe' táan u bino'ob koonol tu k'íiwikil koonol	PERSON:3_PL
Ta'aytak in chukik u ja'abil jweenen merkaado	Ta'aytak a chukike'ex u ja'abil jweene'ex merkaado	PERSON:2_PL
Yaan in suut tu naajil xook ma' táan in bin koonol merkaadoi'	Yaan a suut tu naajil xook ma' táan a bin koonol merkaadoi'	PERSON:2_SI
Táan in bin koonol tu k'íiwikil koonol ma' táan in bin koonol tu k'íiwikil koonol	Te'exe' táan a bine'ex koonol tu k'íiwikil koonol ma' táan a bine'ex koonol tu k'íiwikil koonol	PERSON:2_PL
Leti'e' múul kajakbal tek éetel jach k'a'abéet u bin tu kool	Leti'e' múul kajakbal tek éetel wáaj jach k'a'abéet wáaj u bin ich kool	SUBTYPE:INT
Ook'in in bin ich kool tene' ajkoonolen	Ook'in a bin ich kool teche' ajkoonolech	PERSON:2_SI
Táan in kaaxtik a wotoch táan wáaj a bin koonol tu k'íiwikil koonol	Táan u kaaxtik a wotoch táan wáaj u bin koonol tu k'íiwikil koonol	PERSON:3_SI
Teche' áak'ab wáaj ka bin merkaado táan wáaj a bin koonol merkaado	To'one' áak'ab wáaj kek bin merkaado táan wáaj k bin koonol merkaado	PERSON:1_PL
Ts'oka'an wáaj in beel táan wáaj a xook tu naajil xook	Ts'oka'an wáaj u beelo'ob táan wáaj u xooko'ob tu naajil xook	PERSON:3_PL
Ts'oka'an wáaj in beel táan in bin koonol tu k'íiwikil koonol	Ts'oka'an wáaj a beel táan a bin koonol tu k'íiwikil koonol	PERSON:2_SI
Yaan in xook tu naajil xook mix teen kajakbalen ta wotoch	Yaan a xooke'ex xook tu naajil xook mix te'ex kajakbale'ex ta wotoch	PERSON:2_PL
Táan in bin koonol merkaado ba'ax ja'abil jsíijen	Táan a bine'ex koonol merkaado ba'ax ja'abil jsíije'ex	PERSON:2_PL
Ma' tan in k'íilkabi' tene' in jatsmajimbáaj	Ma' tan a k'íilkabi' teche' a jatsmajabáaj	PERSON:2_SI
Táan in meyaj ich kool tene' yaan ten u áanalte'il in xook matemáticas	Táan u meyaj tu kool leti'e' yaan u áanalte'il u xook matemáticas	PERSON:3_SI
Yaan wáaj a báaxal tu naajil báaxal ma' ts'oka'an in beeli'	Yaan wáaj u báaxalo'ob tu naajil báaxal ma' ts'oka'an u beelo'obi'	PERSON:3_PL
Tene' in jatsmajimbáaj jach wáaj k'a'abéet a bin k'íiwikil koonol	Leti'obe' u jatsmajuba'ob jach k'a'abéet wáaj u bino'ob tu k'íiwikil koonol	PERSON:3_PL
Táan wáaj a bin ich kool ta wilaj wáaj u sáastal ta kaajal	Táan wáaj ek bin ich kool k ilaj wáaj u sáastal k kaajal	PERSON:1_PL
Ta manaj u k'áaxil a beetik a kool yaan a bin paarkée	Ta manaj wáaj u k'áaxil uti'al a beetik a kool yaan wáaj a bin paarkée	SUBTYPE:INT
J-jaanen merkaado yaan in xook tu naajil xook	J-jaane'ex merkaado yaan a xooke'ex xook tu naajil xook	PERSON:2_PL
Ma' táan in bin ich kooli' ba'atelnajen te' tu kúuchil báaxalo'	Ma' táan a bin ich kooli' ba'atelnajech te' tu kúuchil báaxalo'	PERSON:2_SI
Jweenen merkaado teche' ma' jbúulech wáaj	Jweene'ex merkaado te'exe' ma' jbúule'ex wáaj	PERSON:2_PL
Táan wáaj a xook tu naajil xook yaan wáaj in bin koonol merkaado	Táan wáaj u xook tu naajil xook yaan wáaj u bin koonol merkaado	PERSON:3_SI
Te' in taal tu kaajil kopomae' tene' ajkoonolen ichil merkaado	Te' k taal tu kaajil kopomae' to'one' ajkoonolo'on ichil merkaado	PERSON:1_PL
Teche' ma' wáaj áak'ab ka bin merkaadoi' táan wáaj a xook tu naajil xook	Leti'e' ma' wáaj áak'ab ku bin merkaadoi' táan wáaj u xook tu naajil xook	PERSON:3_SI
Yaan wáaj in bin koonol merkaado kin wilikech merkaado	Yaan wáaj k bin koonol merkaado kin wilike'ex merkaado	PERSON:1_PL
Táan in meyaj ich kool tin kaxtik a najil	Táan u meyajo'ob ich kool táan u kaxtiko'ob a naajil	PERSON:3_PL
Táan in bin koonol merkaado táan in boon tu naajil xook	Táan k bin koonol merkaado táan k boon tu naajil xook	PERSON:1_PL
Yaan in xook tu naajil xook ma' tin wu'uyik ooxoli'	Yaan u xook tu naajil xook ma' tu yu'ubik ooxoli'	PERSON:3_SI
Táan a míistik a wotoch tene' áak'ab kin bin tu k'íiwikil koonol	Ta míistaj wáaj a wotoch tene' áak'ab wáaj kin bin tu k'íiwikil koonol	SUBTYPE:INT
Táan in bin koonol tu k'íiwikil koonol ma' táan in bin koonol merkaadoi'	Leti'obe' táan u bino'ob koonol tu k'íiwikil koonol ma' táan u bino'ob koonol merkaadoi'	PERSON:3_PL
Óok'otnajen tu naajil xook tene' kin báaxal paarkée	Óok'otnajo'on tu naajil xook to'one' k báaxal paarkée	PERSON:1_PL
Óok'otnajen tu naajil xook tene' yaan ten u áanalte'il in xook matemáticas	Óok'otnajo'on tu naajil xook to'onen yaanto'on u áanalte'il k xook matemáticas	PERSON:1_PL
Ta'aytak in chukik u ja'abil tene' áak'ab wáaj kin bin tu k'íiwikil koonol	Ta'aytak u chukik u ja'abil leti'e' áak'ab wáaj ku bin tu k'íiwikil koonol	PERSON:3_SI
Tene' kajakbalen weye' yaan in suut tu naajil xook	Leti'e' kajakbal weye' yaan u suut tu naajil xook	PERSON:3_SI
J-jaanen merkaado ma' in wa'alik u k'aaba'	J-jaano'on merkaado ma' k a'alik u k'aaba'	PERSON:1_PL
Tene' yaan ten meyaj biología tene' áak'ab kin bin tu k'íiwikil koonol	Teche' yaan tech meyaj biología teche' áak'ab ka bin tu k'íiwikil koonol	PERSON:2_SI
Ta wilaj wáaj u sáastal ta kaajal ts'oka'an wáaj in beel	Tu yilo'ob wáaj u sáastal tu kaajalo'ob ts'oka'an wáaj u beelo'ob	PERSON:3_PL
Ta wilaj wáaj u sáastal ta kaajal ma' wáaj ta bin merkaado	Tu yilo'ob wáaj u sáastal tu kaajalo'ob ma' wáaj tu bino'ob merkaado	PERSON:3_PL
Mix teen kajakbalen ta wotoch tene' kin bin paak'áal ich kool	Mix to'on kajakbalo'on ta wotoch to'one' kek bin paak'áal ich kool	PERSON:1_PL
Tene' ma' jbúuleni' ta wilaj wáaj u sáastal ta kaajal	Leti'e' ma' jbúuli' tu yilaj wáaj u sáastal tu kaajal	PERSON:3_SI
Ma' k'a'abéet wáaj in bin tu k'íiwikil koonoli' táan wáaj a bin ich kool	Ma' jach k'a'abéet wáaj u bino'ob tu k'íiwikil koonoli' táan wáaj u bino'ob ich kool	PERSON:3_PL
Jaypéel k'iino'ob ka bin tu k'íiwikil koonol sáansamal kin bin koonol merkaado	Jayp'éel k'iino'ob ka bine'ex tu k'íiwikil koonol sáansamal ka bine'ex koonol merkaado	PERSON:2_PL
Jach wáaj k'a'abéet a bin k'íiwikil koonol ma' tin wilike'ex tu k'íiwikil koonol	Jach wáaj k'a'abéet in bin k'íiwikil koonol ma' tin wilike'ex tu k'íiwikil koonol	PERSON:1_SI
Yaan in suut tu naajil xook ma' táan in bin koonol tu k'íiwikil koonol	Yaan u suuto'ob tu naajil xook ma' táan u bino'ob koonol tu k'íiwikil koonol	PERSON:3_PL
Ka'abeje' yaan in bin merkaado k'aaynajen tu naajil xook	Ka'abeje' yaan u bino'ob koonol merkaado k'aaynajo'ob tu naajil xook	PERSON:3_PL
Ma' tan in k'íilkabi' yaan in xook tu naajil xook	Ma' tan k k'íilkabi' yaan k xook tu naajil xook	PERSON:1_PL
Ook'in in bin tu k'íiwikil koonol táan wáaj a báaxal tu naajil báaxal	Ook'in a bine'ex k'íiwikil koonol táan wáaj a báaxale'ex báaxal tu naajil báaxal	PERSON:2_PL
Ma' jach k'a'abéet in bin tu k'íiwikil koonoli' táan in xook tu naajil xook	Ma' jach k'a'abéet u bino'ob tu k'íiwikil koonoli' táan u xooko'ob tu naajil xook	PERSON:3_PL
Jweenen ich kool táan in báaxal tu naajil báaxal	Jweene'ex ich kool táan a báaxale'ex báaxal tu naajil báaxal	PERSON:2_PL
Táan wáaj a bin koonol tu k'íiwikil koonol ma' táan in bin ich kooli'	Táan wáaj u bino'ob koonol tu k'íiwikil koonol ma' táan u bino'ob ich kooli'	PERSON:3_PL
Tene' ti' kajakbalen tu yotoche' yaan wáaj in bin koonol tu k'íiwikil koonol	Leti'obe' ti' kajakbalo'ob tu yotoche' yaan wáaj u bino'ob koonol tu k'íiwikil koonol	PERSON:3_PL
Ma' tin wu'uyik ooxoli' ma' wáaj ta bin merkaado	Ma' tu yu'ubiko'ob ooxoli' ma' wáaj tu bino'ob merkaado	PERSON:3_PL
Yaan in boon tu naajil xook kin ts'íib tu naajil xook	Yaan a boone'ex xook tu naajil xook ka ts'íibe'ex tu naajil xook	PERSON:2_PL
Te' in taal tu kaajil kopomae' ki'imak in wóol in bin ich kool	Te' u taalo'ob tu kaajil kopomae' ki'imak u yóolo'ob u bino'ob tu koolo'ob	PERSON:3_PL
Jbinen yéetel in éetailo'ob tu k'íiwikil koonol ki'imak in wóol in bin ich kool	Leti'obe' jbino'ob yéetel u éetailo'ob tu k'íiwikil koonol ki'imak u yóolo'ob u bino'ob tu koolo'ob	PERSON:3_PL
Tene' ma' jbúuleni' ma' táan in bin ich kooli'	Te'exe' ma' jbúule'exi' ma' táan a bine'ex ich kooli'	PERSON:2_PL
Táan in suut tu naajil xook tin meentik janal ich kool	Táan u suuto'ob tu naajil xook tu meentiko'ob janal ich kool	PERSON:3_PL
Ook'in in bin ich kool mix teen kajakbalen ta wotoch	Ook'in u bino'ob tu koolo'ob mix leti'ob kajakbalo'ob ta wotoch	PERSON:3_PL
Táan in meyaj ich kool ma' tan in k'íilkabi'	Táan u meyaj tu kool ma' tan u k'íilkabi'	PERSON:3_SI
Tin meentik janal ich kool tene' ajkoonolen ichil merkaado	Ta meentike'ex janal ich kool te'exe' ajkoonole'ex ichil merkaado	PERSON:2_PL
Táan wáaj a bin koonol tu k'íiwikil koonol jweenen ich kool	Táan wáaj u bino'ob koonol tu k'íiwikil koonol jweeno'ob ich kool	PERSON:3_PL
Táan wáaj a bin koonol merkaado ba'atelnajen te' tu kúuchil báaxalo'	Táan wáaj a bine'ex koonol merkaado ba'atelnaje'ex te' tu kúuchil báaxalo'	PERSON:2_PL
Ma' ts'oka'an in beeli' yaan wáaj a báaxal tu naajil báaxal	Ma' ts'oka'an u beelo'obi' yaan wáaj u báaxalo'ob tu naajil báaxal	PERSON:3_PL
Ma k'aja'anten buka'aj in ja'abili' yaan in suut tu naajil xook	Ma' k'aja'anti' buka'aj u ja'abili' yaan u suut tu naajil xook	PERSON:3_SI
Ba'atelnajen te' tu kúuchil báaxalo' táan in bin koonol merkaado	Ba'atelnaje'ex te' tu kúuchil báaxalo' táan a bine'ex koonol merkaado	PERSON:2_PL
Ka wu'uyik wáaj ooxol ma' ts'oka'an in beeli'	Leti'o'obe' ku yu'ubiko'ob ooxol ma' ts'oka'an u beelo'obi'	PERSON:3_PL
Tene' ts'oka'an wáaj in beel ma' tin wu'uyik ooxoli'	Leti'obe' ts'oka'an wáaj u beelo'ob ma' tu yu'ubiko'ob ooxoli'	PERSON:3_PL
To'one' ma' jbúulo'oni' táan u boon tu naajil xook	To'one' ma' jbúulo'on wáaj táan wáaj u boon tu naajil xook	SUBTYPE:INT
Teche' ka bin xíimbal tu yotoch tene' in wojel bix u k'aaba'	Teche' ma' ta bin xíimbal tu yotochi' ma' in wojel bix u k'aaba'i'	TYPE:NEG
Táan in meyaj ich kool yaan wáaj a báaxal tu naajil báaxal	Táan u meyaj tu kool yaan wáaj u báaxal tu naajil báaxal	PERSON:3_SI
Ma' jach k'a'abéet in bin tu k'íiwikil koonoli' tene' ajkoonolen	Ma' jach k'a'abéet a bine'ex k'íiwikil koonoli' te'exe' ajkoonole'ex	PERSON:2_PL
Ba'ax ja'abil jsíijen ma' tin wilaj u sáastal tin kaajali'	Ba'ax ja'abil jsíije'ex ma' ta wile'ex u sáastal ta kaajale'exi'	PERSON:2_PL
Jach k'a'abéet a bin merkaado tene' yaan ten xook ti' español	Jach k'a'abéet u bin merkaado leti'e' yaan xook ti' español	PERSON:3_SI
Tin kaxtik a najil yaan in xook tu naajil xook	Táan ek kaxtik a najil yaan k xook tu naajil xook	PERSON:1_PL
Kin ts'íib tu naajil xook tene' kin báaxal paarkée	Ka ts'íib tu naajil xook teche' ka báaxal paarkée	PERSON:2_SI
Teche' yaan tech wáaj meyaj ti' biología yaan in jochik chak nal tin kool	To'onen yaanto'on wáaj meyaj ti' biología yaan ek jochik chak nal tek kool	PERSON:1_PL
Jayp'éel k'iino'ob ka bin merkaado mix teen kajakbalen ta wotoch	Jayp'éel k'iino'ob ku bin merkaado mix leti' kajakbal ta wotoch	PERSON:3_SI
Ko'one'ex ich kool yaan in boon tu naajil xook	Ko'ox ich kool yaan k boon tu naajil xook	PERSON:1_PL
Yaan wáaj in bin koonol merkaado yaan wáaj in bin ich kool	Yaan wáaj a bine'ex koonol merkaado yaan wáaj a bine'ex ich kool	PERSON:2_PL
Yaan in báaxal tu naajil báaxal jach k'a'abéet a bin tu k'íiwikil koonol	Yaan a báaxale'ex báaxal tu naajil báaxal jach k'a'abéet a bine'ex tu k'íiwikil koonol	PERSON:2_PL
Yaan wáaj a báaxal tu naajil báaxal ma' táan in bin koonol tu k'íiwikil koonol	Yaan wáaj k báaxal tu naajil báaxal ma' táan k bin koonol tu k'íiwikil koonol	PERSON:1_PL
Tin meentik janal ich kool ta'aytak in chukik u ja'abil	Ta meentik janal ich kool ta'aytak a chukik u ja'abil	PERSON:2_SI
Táan wáaj a xook tu naajil xook ta'aytak in chukik u ja'abil	Táan wáaj u xooko'ob tu naajil xook ta'aytak u chukiko'ob u ja'abil	PERSON:3_PL
Ka wu'uyik wáaj ooxol ma' ta wu'uyik  wáaj ooxoli'	To'one' k u'uyik wáaj ooxol ma' tek u'uyik wáaj ooxoli'	PERSON:1_PL
Ma' kajakbalen tin wotochi' ka'abeje' yaan in bin merkaado	Ma' kajakbalech tin wotochi' ka'abeje' yaan a bin koonol merkaado	PERSON:2_SI
Tene' yaan ten meyaj biología tene' yaan ten u áanalte'il in xook matemáticas	Te'exe' yaante'ex meyaj biología te'exe' yaante'ex u áanalte'il u xookil matemáticas	PERSON:2_PL
Teche' ma' wáaj áak'ab ka bin merkaadoi' jach wáaj k'a'abéet a bin merkaado	Te'exe' ma' wáaj áak'ab ka bine'ex merkaadoi' jach wáaj k'a'abéet a bine'ex merkaado	PERSON:2_PL
K'aaynajen tu naajil xook táan in suut tu naajil xook	K'aaynajech tu naajil xook táan a suut tu naajil xook	PERSON:2_SI
Ma' tin wilaj u sáastal tin kaajali' ma' tan in k'íilkabi'	Ma' tu yilaj u sáastal tu kaajali' ma' tan u k'íilkabi'	PERSON:3_SI
Kin ts'íib tu naajil xook tene' ma' jbúuleni'	Ka ts'íibe'ex tu naajil xook te'exe' ma' jbúule'exi'	PERSON:2_PL
Ka'abeje' yaan in bin tu k'íiwikil koonol jweenen ich kool	Ka'abeje' yaan a bine'ex koonol jweene'ex ich kool	PERSON:2_PL
Táan wáaj a bin koonol merkaado táan in báaxal tu naajil báaxal	Táan wáaj k bin koonol merkaado táan k báaxal tu naajil báaxal	PERSON:1_PL
Tin meentik janal ich kool tene' kajakbalen weye'	Tu meentiko'ob janal ich kool leti'obe' kajakbalo'ob weye'	PERSON:3_PL
Yaan wáaj in bin ich kool tin konaj in najil	Yaan wáaj a bin ich kool ta konaj a najil	PERSON:2_SI
Tin manaj in wotoch tene' kin bin páak ich kool	Ta manaj a wotoch teche' ka bin páak ich kool	PERSON:2_SI
Tene' kajakbalen weye' ma' táan in bin ich kooli'	Leti'e' kajakbal weye' ma' táan u bin ich kooli'	PERSON:3_SI
Tene' kin báaxal tu naajil xook tene' yaan ten xook ti' español	Te'exe' ka báaxale'ex tu naajil xook te'exe' yaante'ex xook ti' español	PERSON:2_PL
Yaan in báaxal tu naajil báaxal tene' yaan ten meyaj biología	Yaan a báaxal tu naajil báaxal teche' yaan tech meyaj biología	PERSON:2_SI
Yaan in suut tu naajil xook j-jaanen merkaado	Yaan a suute'ex xook tu naajil xook j-jaane'ex merkaado	PERSON:2_PL
Ka wu'uyik wáaj ooxol táan wáaj a xook tu naajil xook	To'one' k u'uyik wáaj ooxol táan wáaj k xook tu naajil xook	PERSON:1_PL
Tene' kajakbalen weye' táan wáaj a boon tu naajil xook	Leti'e' kajakbal weye' táan wáaj u boon tu naajil xook	PERSON:3_SI
Ma' táan in bin koonol merkaadoi' tin kaxtik a najil	Ma' táan u bino'ob koonol merkaadoi' tu kaxko'ob a najil	PERSON:3_PL
Tene' yaan ten meyaj biología yaan in jochik chak nal tin kool	To'onen yaanto'on meyaj biología yaan ek jochik chak nal tek kool	PERSON:1_PL
Ba'ax ja'abil jsíijen ts'oka'an wáaj in beel	Ba'ax ja'abil jsíijij ts'oka'an wáaj u beel	PERSON:3_SI
Tan in k'íilkab ma' tin wu'uyik ooxoli'	Tan u k'íilkabo'ob ma' tu yu'ubiko'ob ooxoli'	PERSON:3_PL
Ka'abeje' yaan in bin merkaado tene' jbúulen	Ka'abeje' yaan a bine'ex koonol merkaado te'exe' jbúule'ex	PERSON:2_PL
Ka'abeje' yaan in bin merkaado tene' áak'ab kin bin tu k'íiwikil koonol	Ka'abeje' yaan a bine'ex koonol merkaado te'exe' áak'ab ka bine'ex tu k'íiwikil koonol	PERSON:2_PL
Jweenen merkaado ma' k'a'abéet wáaj in bin tu k'íiwikil koonoli'	Jweeno'ob merkaado ma' jach k'a'abéet wáaj u bino'ob tu k'íiwikil koonoli'	PERSON:3_PL
Jayp'éel k'iino'ob ka bin merkaado tene' ti' kajakbalen tu yotoche'	Jayp'éel k'iino'ob ka bine'ex merkaado te'exe' ti' kajakbale'ex tu yotoche'	PERSON:2_PL
Jbinen áalkab te' taam paarkéeo' tene' áak'ab kin bin merkaado	To'one' bino'on áalkab te' taam paarkéeo' to'one' áak'ab kek bin merkaado	PERSON:1_PL
Tene' kin bin xíimbal ta wotoch tan in k'íilkab	To'one' kek bin xíimbal ta wotoch tan k k'íilkab	PERSON:1_PL
Ma' táan in bin ich kooli' táan in boon tu naajil xook	Ma' táan u bino'ob ich kooli' táan u boono'ob tu naajil xook	PERSON:3_PL
Ma' in wa'alik u k'aaba' tene' ts'oka'an wáaj in beel	Ma' u ya'aliko'ob u k'aaba' leti'obe' ts'oka'an wáaj u beelo'ob	PERSON:3_PL
Ba'atelnajen te' tu kúuchil báaxalo' teche' áak'ab wáaj ka bin merkaado	Ba'atelnaje'ex te' tu kúuchil báaxalo' te'exe' áak'ab wáaj ka bine'ex merkaado	PERSON:2_PL
Ook'in in bin ich kool tene' ts'oka'an wáaj in beel	Ook'in u bino'ob tu koolo'ob leti'obe' ts'oka'an wáaj u beelo'ob	PERSON:3_PL
Yaan wáaj a báaxal tu naajil báaxal táan wáaj a bin ich kool	Yaan wáaj k báaxal tu naajil báaxal táan wáaj ek bin ich kool	PERSON:1_PL
Kin wilikech merkaado yaan wáaj in bin ich kool	Kin wilike'ex merkaado yaan wáaj ek bin ich kool	PERSON:1_PL
Jbinen yéetel in éetailo'ob merkaado ta'aytak in chukik u ja'abil	Jbine'ex yéetel a éetailo'ob merkaado ta'aytak a chukike'ex u ja'abil	PERSON:2_PL
Táan wáaj a báaxal tu naajil báaxal ta'aytak in chukik u ja'abil	Táan wáaj u báaxal tu naajil báaxal ta'aytak u chukik u ja'abil	PERSON:3_SI
Ook'in in bin merkaado tene' in jatsmajimbáaj	Ook'in a bine'ex merkaado te'exe' a jatsmajaba'ex	PERSON:2_PL
Tene' ma' jbúuleni' jach wáaj k'a'abéet a bin merkaado	Te'exe' ma' jbúule'exi' jach wáaj k'a'abéet a bine'ex merkaado	PERSON:2_PL
Ma' ta wu'uyik  wáaj ooxoli' ta'aytak in chukik u ja'abil	Ma' tu yu'ubiko'ob wáaj ooxoli' ta'aytak u chukiko'ob u ja'abil	PERSON:3_PL
Táan wáaj a bin ich kool tene' in jatsmajimbáaj	Táan wáaj a bine'ex ich kool te'exe' a jatsmajaba'ex	PERSON:2_PL
Ma' in wa'alik u k'aaba' yaan wáaj in bin koonol tu k'íiwikil koonol	Ma' u ya'alik u k'aaba' yaan wáaj u bin koonol tu k'íiwikil koonol	PERSON:3_SI
Táan wáaj a bin koonol merkaado teche' áak'ab wáaj ka bin merkaado	Táan wáaj k bin koonol merkaado to'one' áak'ab wáaj kek bin merkaado	PERSON:1_PL
Táan in kaaxtik a wotoch jbinen yéetel in éetailo'ob merkaado	Táan u kaxtiko'ob a wotoch jbino'ob yéetel u éetailo'ob merkaado	PERSON:3_PL
Táan in bin koonol merkaado yaan in suut tu naajil xook	Táan a bine'ex koonol merkaado yaan a suute'ex xook tu naajil xook	PERSON:2_PL
Kin wilikech merkaado táan in suut tu naajil xook	Ka wiliken merkaado táan a suut tu naajil xook	PERSON:2_SI
Yaan wáaj in bin ich kool táan wáaj a bin koonol merkaado	Yaan wáaj u bino'ob ich kool táan wáaj u bino'ob koonol merkaado	PERSON:3_PL
Yaan wáaj in bin koonol tu k'íiwikil koonol táan in bin koonol tu k'íiwikil koonol	Yaan wáaj u bino'ob koonol tu k'íiwikil koonol leti'obe' táan u bino'ob koonol tu k'íiwikil koonol	PERSON:3_PL
Tene' ts'oka'an wáaj in beel ook'in in bin tu k'íiwikil koonol	Teche' ts'oka'an wáaj a beel ook'in a bin tu k'íiwikil koonol	PERSON:2_SI
Tene' yaan ten u áanalte'il in xook matemáticas táan in báaxal tu naajil báaxal	To'onen yaanto'on u áanalte'il k xook matemáticas táan k báaxal tu naajil báaxal	PERSON:1_PL
Ma' tin wilikech merkaado ki'imak in wóol in bin merkaado	Ma' ta wiliken merkaado ki'imak a wóol a bin merkaado	PERSON:2_SI
Teche' ma' wáaj áak'ab ka bin merkaadoi' teche' yaan tech wáaj meyaj ti' biología	Leti'e' ma' wáaj áak'ab ku bin merkaadoi' leti'e' yaan wáaj meyaj ti' biología	PERSON:3_SI
Jayp'éel k'iino'ob ka bin merkaado tene' ti' kajakbalen tu yotoche'	Jayp'éel k'iino'ob ku bin merkaado leti'e' ti' kajakbal tu yotoche'	PERSON:3_SI
Ma' táan in bin ich kooli' ka'abeje' yaan in bin merkaado	Ma' táan a bin ich kooli' ka'abeje' yaan a bin koonol merkaado	PERSON:2_SI
Ma' ta wu'uyike'ex ooxoli' to'one' ma' jbúulo'oni'	Ma' ta wu'uyike'ex wáaj ooxoli' to'one' ma' jbúulo'on wáaj	SUBTYPE:INT
Yaan in boon tu naajil xook táan wáaj a bin ich kool	Yaan a boone'ex xook tu naajil xook táan wáaj a bine'ex ich kool	PERSON:2_PL
Táan in xook tu naajil xook tene' kajakbalen weye'	Táan a xook tu naajil xook teche' kajakbalech weye'	PERSON:2_SI
Tene' kin báaxal tu naajil xook ma' tin wilaj u sáastal tin kaajali'	To'one' k báaxal tu naajil xook ma' tak ilaj u sáastal k kaajali'	PERSON:1_PL
Teche' ma' jbúulech wáaj ma' ts'oka'an in beeli'	Leti'e' ma' jbúul wáaj ma' ts'oka'an u beeli'	PERSON:3_SI
Sáansamal kin bin koonol merkaado táan in bin koonol merkaado	Sáansamal ka bine'ex koonol merkaado táan a bine'ex koonol merkaado	PERSON:2_PL
Jach k'a'abéet u bin tu kool leti'e' áak'ab ku bin tu k'íiwikil koonol	Jach k'a'abéet wáaj u bin ich kool leti'e' áak'ab wáaj ku bin tu k'íiwikil koonol	SUBTYPE:INT
Jbinen yéetel in éetailo'ob merkaado j-jaanen merkaado	Jbine'ex yéetel a éetailo'ob merkaado j-jaane'ex merkaado	PERSON:2_PL
Ma' tin wilikech merkaado k'aaynajen tu naajil xook	Ma' ta wiliken merkaado k'aaynajech tu naajil xook	PERSON:2_SI
Ma' táan in bin ich kooli' ka wu'uyik wáaj ooxol	Ma' táan u bin ich kooli' ku yu'ubik wáaj ooxol	PERSON:3_SI
Tin manaj in wotoch tene' yaan ten meyaj biología	Ta manaj a wotoch teche' yaan tech meyaj biología	PERSON:2_SI
Te' in taal tu kaajil kopomae' yaan in jochik chak nal tin kool	Te' k taal tu kaajil kopomae' yaan ek jochik chak nal tek kool	PERSON:1_PL
Jayp'éel k'iino'ob ka bin merkaado jach wáaj k'a'abéet a bin merkaado	Jayp'éel k'iino'ob ku bino'ob merkaado jach wáaj k'a'abéet u bino'ob merkaado	PERSON:3_PL
Tu'ux kajakbalen tene' ti' in taali'	Tu'ux kajakbalo'ob leti'obe' ti' u taalo'obi'	PERSON:3_PL
Yaan wáaj a xook tu naajil xook ma' in wa'alik u k'aaba'	Yaan wáaj u xooko'ob tu naajil xook ma' u ya'aliko'ob u k'aaba'	PERSON:3_PL
Ma' jach k'a'abéet in bin tu k'íiwikil koonoli' tene' yaan ten u áanalte'il in xook matemáticas	Ma' jach k'a'abéet u bin k'íiwikil koonoli' leti'e' yaan u áanalte'il u xook matemáticas	PERSON:3_SI
Jayp'éel k'iino'ob ka bin merkaado tene' kin báaxal paarkée	Jayp'éel k'iino'ob ku bin merkaado leti'e' ku báaxal paarkée	PERSON:3_SI
Tene' áak'ab wáaj kin bin tu k'íiwikil koonol táan in xook tu naajil xook	Leti'e' áak'ab wáaj ku bin tu k'íiwikil koonol táan u xook tu naajil xook	PERSON:3_SI
Tene' kajakbalen weye' j-jaanen merkaado	Teche' kajakbalech weye' j-jaanech merkaado	PERSON:2_SI
Ma' táan in bin ich kooli' táan in suut tu naajil xook	Ma' táan u bino'ob ich kooli' táan u suuto'ob tu naajil xook	PERSON:3_PL
Yaan in boon tu naajil xook táan in suut tu naajil xook	Yaan k boon tu naajil xook táan k suut tu naajil xook	PERSON:1_PL
Ook'in in bin merkaado tene' yaan ten meyaj biología	Ook'in a bine'ex merkaado te'exe' yaante'ex meyaj biología	PERSON:2_PL
Ook'in in bin ich kool kin ts'íib tu naajil xook	Ook'in a bin ich kool ka ts'íib tu naajil xook	PERSON:2_SI
Mix teen kajakbalen ta wotoch tene' yaan ten u áanalte'il in xook matemáticas	Mix leti' kajakbal ta wotoch leti'e' yaan u áanalte'il u xook matemáticas	PERSON:3_SI
Ook'in in bin tu k'íiwikil koonol ma' táan in bin koonol merkaadoi'	Ook'in u bino'ob k'íiwikil koonol ma' táan u bino'ob koonol merkaadoi'	PERSON:3_PL
Ma' tan in k'íilkabi' ka'abeje' yaan in bin tu k'íiwikil koonol	Ma' tan u k'íilkabo'obi' ka'abeje' yaan u bino'ob koonol	PERSON:3_PL
Yaan wáaj in bin koonol merkaado tene' yaan ten u áanalte'il in xook matemáticas	Yaan wáaj a bin koonol merkaado teche' yaan tech u áanalte'il a xook matemáticas	PERSON:2_SI
Tene' kajakbalen weye' ma' tin wu'uyik ooxoli'	Te'exe' kajakbale'ex weye' ma' ta wu'uyike'ex ooxoli'	PERSON:2_PL
Yaan wáaj in bin koonol merkaado tene' kin bin paak'áal ich kool	Yaan wáaj a bine'ex koonol merkaado te'exe' ka taale'ex paak'áal ich kool	PERSON:2_PL
Táan wáaj a xook tu naajil xook tene' áak'ab kin bin merkaado	Táan wáaj k xook tu naajil xook to'one' áak'ab kek bin merkaado	PERSON:1_PL
Táan wáaj a boon tu naajil xook ma' táan in bin koonol tu k'íiwikil koonol	Táan wáaj a boone'ex xook tu naajil xook ma' táan a bine'ex koonol tu k'íiwikil koonol	PERSON:2_PL
Tene' kin bin páak ich kool jweenen ich kool	Te'exe' ka bine'ex páak tu kool jweene'ex ich kool	PERSON:2_PL
Jbinen áalkab te' taam paarkéeo' tene' kin báaxal tu naajil xook	Leti'e' bin áalkab te' taam paarkéeo' leti'e ku báaxal tu naajil xook	PERSON:3_SI
Ka'abeje' yaan in bin merkaado mix teen kajakbalen ta wotoch	Ka'abeje' yaan a bine'ex koonol merkaado ma' kajakbale'ex tin wotochi'	PERSON:2_PL
Ka wu'uyik wáaj ooxol yaan wáaj a báaxal tu naajil báaxal	Leti'o'obe' ku yu'ubiko'ob ooxol yaan wáaj u báaxalo'ob tu naajil báaxal	PERSON:3_PL
Ook'in in bin ich kool tin kaxtik a najil	Ook'in u bino'ob tu koolo'ob tu kaxko'ob a najil	PERSON:3_PL
Yaan in báaxal tu naajil báaxal tene' áak'ab kin bin tu k'íiwikil koonol	Yaan a báaxale'ex báaxal tu naajil báaxal te'exe' áak'ab ka bine'ex tu k'íiwikil koonol	PERSON:2_PL
Táan in boon tu naajil xook tene' áak'ab kin bin tu k'íiwikil koonol	Táan a boon tu naajil xook teche' áak'ab ka bin tu k'íiwikil koonol	PERSON:2_SI
Ma' tin wu'uyik ooxoli' tene' ti' in taali'	Ma' tu yu'ubik ooxoli' leti'e' ti' u taali'	PERSON:3_SI
Ma' wáaj ta bin merkaado ma' tin wu'uyik ooxoli'	Ma' wáaj tu bino'ob merkaado ma' tu yu'ubiko'ob ooxoli'	PERSON:3_PL
Tu'ux kajakbalen tan in k'íilkab	Tu'ux kajakbalech tan a k'íilkab	PERSON:2_SI
Ba'atelnajen te' tu kúuchil báaxalo' sáansamal kin bin koonol merkaado	Ba'atelnajo'ob te' tu kúuchil báaxalo' sáansamal ku bino'ob koonol merkaado	PERSON:3_PL
Ta wilaj wáaj u sáastal ta kaajal tene' kin bin xíimbal ta wotoch	K ilaj wáaj u sáastal k kaajal to'one' kek bin xíimbal ta wotoch	PERSON:1_PL
Táan wáaj a bin koonol merkaado ma' táan in bin ich kooli'	Táan wáaj a bine'ex koonol merkaado ma' táan a bine'ex ich kooli'	PERSON:2_PL
Mix teen kajakbalen ta wotoch tene' yaan ten u áanalte'il in xook matemáticas	Mix to'on kajakbalo'on ta wotoch to'onen yaanto'on u áanalte'il k xook matemáticas	PERSON:1_PL
Jbinen áalkab te' taam paarkéeo' táan in kaaxtik a wotoch	Leti'e' bin áalkab te' taam paarkéeo' táan u kaaxtik a wotoch	PERSON:3_SI
Leti'e' múul kajakbal tek éetel ma' ta wu'uyik ooxoli'	Leti'e' múul kajakbal tek éetel wáaj ma' ta wu'uyik  wáaj ooxoli'	SUBTYPE:INT
Kin ts'íib tu naajil xook tene' kin báaxal tu naajil xook	Ka ts'íibe'ex tu naajil xook te'exe' ka báaxale'ex tu naajil xook	PERSON:2_PL
Ma' táan in bin koonol tu k'íiwikil koonol yaan in jochik chak nal tin kool	Ma' táan a bin koonol tu k'íiwikil koonol yaan a jochik chak nal ta kool	PERSON:2_SI
Tene' áak'ab wáaj kin bin tu k'íiwikil koonol táan wáaj a bin koonol tu k'íiwikil koonol	Leti'e' áak'ab wáaj ku bin tu k'íiwikil koonol táan wáaj u bin koonol tu k'íiwikil koonol	PERSON:3_SI
Ki'imak in wóol in bin ich kool jach wáaj k'a'abéet a bin merkaado	Ki'imak u yóolo'ob u bino'ob tu koolo'ob jach wáaj k'a'abéet u bino'ob merkaado	PERSON:3_PL
Tene' ti' in taali' táan wáaj a boon tu naajil xook	Te'exe' ti' a taale'exi' táan wáaj a boone'ex xook tu naajil xook	PERSON:2_PL
Ba'ax ja'abil jsíijen ma' in wojel u ja'abili'	Ba'ax ja'abil jsíijo'ob ma' u yojelo'ob u ja'abili'	PERSON:3_PL
K'aaynajen tu naajil xook kin ts'íib tu naajil xook	K'aaynajech tu naajil xook ka ts'íib tu naajil xook	PERSON:2_SI
Ook'in in bin ich kool tin núukaj buka'aj in ja'abil	Ook'in a bine'ex ta koole'ex ta núukaje'ex buka'aj a ja'abile'ex	PERSON:2_PL
Jach wáaj k'a'abéet a bin merkaado yaan in xook tu naajil xook	Jach wáaj k'a'abéet a bine'ex merkaado yaan a xooke'ex xook tu naajil xook	PERSON:2_PL
Táan in suut tu naajil xook ma' táan in bin koonol merkaadoi'	Táan a suute'ex xook tu naajil xook ma' táan a bine'ex koonol merkaadoi'	PERSON:2_PL
Tu'ux kajakbalen ma' wáaj jach k'a'abéet in bin merkaadoi'	Tu'ux kajakbalo'ob ma' wáaj jach k'a'abéet u bino'ob merkaadoi'	PERSON:3_PL
Jbinen áalkab te' taam paarkéeo' ma' wáaj ta bin merkaado	Te'exe' bine'ex áalkab te' taam paarkéeo' ma' wáaj tu bin merkaado	PERSON:2_PL
Tene' áak'ab kin bin merkaado tene' ajkoonolen ichil merkaado	To'one' áak'ab kek bin merkaado to'one' ajkoonolo'on ichil merkaado	PERSON:1_PL
Táan wáaj a bin ich kool ma' ta wu'uyik  wáaj ooxoli'	Táan wáaj ek bin ich kool ma' tek u'uyik wáaj ooxoli'	PERSON:1_PL
Ts'oka'an wáaj in beel jach k'a'abéet a bin merkaado	Ts'oka'an wáaj u beelo'ob jach k'a'abéet u bino'ob merkaado	PERSON:3_PL
Jaypéel k'iino'ob ka bin tu k'íiwikil koonol tin núukaj buka'aj in ja'abil	Jayp'éel k'iino'ob ku bin tu k'íiwikil koonol tu núukaj buka'aj u ja'abil	PERSON:3_SI
Ma' táan in bin koonol tu k'íiwikil koonol ta'aytak in chukik u ja'abil	Ma' táan u bino'ob koonol tu k'íiwikil koonol ta'aytak u chukiko'ob u ja'abil	PERSON:3_PL
Jach wáaj k'a'abéet a bin k'íiwikil koonol k'aaynajen tu naajil xook	Jach k'a'abéet wáaj a bine'ex tu k'íiwikil koonol k'aaynaje'ex tu naajil xook	PERSON:2_PL
Táan in xook tu naajil xook tene' in jatsmajimbáaj	Táan u xooko'ob tu naajil xook leti'obe' u jatsmajuba'ob	PERSON:3_PL
Yaan in suut tu naajil xook tene' ti' in taali'	Yaan u suuto'ob tu naajil xook leti'obe' ti' u taalo'obi'	PERSON:3_PL
K'aaynajen tu naajil xook ki'imak in wóol in bin ich kool	K'aaynajech tu naajil xook ki'imak a wóol a bin ich kool	PERSON:2_SI
Tene' ts'oka'an wáaj in beel tin konaj in najil	Teche' ts'oka'an wáaj a beel ta konaj a najil	PERSON:2_SI
Yaan wáaj in bin koonol merkaado jbinen yéetel in éetailo'ob tu k'íiwikil koonol	Yaan wáaj a bin koonol merkaado jbinech yéetel a éetailo'ob tu k'íiwikil koonol	PERSON:2_SI
Tene' kin bin páak ich kool táan wáaj a bin koonol tu k'íiwikil koonol	To'one kek bin páak ich kool táan wáaj k bin koonol tu k'íiwikil koonol	PERSON:1_PL
Ts'oka'an wáaj in beel yaan wáaj a manik a najil	Ts'oka'an wáaj u beel yaan wáaj u manik u najil	PERSON:3_SI
Ma' in wojel u ja'abili' tene' kajakbalen weye'	Ma' a wojele'ex u ja'abili' te'exe' kajakbale'ex weye'	PERSON:2_PL
Jweenen merkaado yaan wáaj a báaxal tu naajil báaxal	Jweene'ex merkaado yaan wáaj a báaxale'ex báaxal tu naajil báaxal	PERSON:2_PL
Táan in bin koonol tu k'íiwikil koonol yaan wáaj a báaxal tu naajil báaxal	Leti'obe' táan u bino'ob koonol tu k'íiwikil koonol yaan wáaj u báaxalo'ob tu naajil báaxal	PERSON:3_PL
K'aaynajen tu naajil xook yaan in báaxal tu naajil báaxal	K'aaynaje'ex tu naajil xook yaan a báaxale'ex báaxal tu naajil báaxal	PERSON:2_PL
Tene' ts'oka'an wáaj in beel yaan in báaxal tu naajil báaxal	To'one' ts'oka'an wáaj k beel yaan k báaxal tu naajil báaxal	PERSON:1_PL
Jach k'a'abéet a bin tu k'íiwikil koonol ma' táan in bin ich kooli'	Jach k'a'abéet u bin tu k'íiwikil koonol ma' táan u bin ich kooli'	PERSON:3_SI
Jach k'a'abéet a bin tu k'íiwikil koonol táan wáaj a bin koonol tu k'íiwikil koonol	Jach k'a'abéet u bin tu k'íiwikil koonol táan wáaj u bin koonol tu k'íiwikil koonol	PERSON:3_SI
Tene' ajkoonolen táan in boon tu naajil xook	To'one' ajkoonolo'on táan k boon tu naajil xook	PERSON:1_PL
Tin míistik in najil tene' kin báaxal paarkée	Táan a míistik in najil teche' ka báaxal paarkée	PERSON:2_SI
Ma' ta wu'uyike'ex ooxoli' tin konaj in najil	Ma' ta wu'uyike'ex wáaj ooxoli' tin wáaj konaj in najil	SUBTYPE:INT
Táan in báaxal tu naajil báaxal tene' áak'ab wáaj kin bin tu k'íiwikil koonol	Táan k báaxal tu naajil báaxal to'one' áak'ab wáaj k bin tu k'íiwikil koonol	PERSON:1_PL
Táan in kaaxtik a wotoch ma' táan in bin ich kooli'	Táan ek kaxtik a wotoch ma' táan ek bin ich kooli'	PERSON:1_PL
Táan wáaj a boon tu naajil xook ook'in in bin merkaado	Táan wáaj a boone'ex xook tu naajil xook ook'in a bine'ex merkaado	PERSON:2_PL
Táan in xook tu naajil xook tene' yaan ten u áanalte'il in xook matemáticas	Táan u xook tu naajil xook leti'e' yaan u áanalte'il u xook matemáticas	PERSON:3_SI
To'one' ma' jbúulo'oni' táan u bino'ob ich kool	To'one' ma' jbúulo'on wáaj táan wáaj u bino'ob ich kool	SUBTYPE:INT
Jbinen áalkab te' taam paarkéeo' k'aaynajen tu naajil xook	Te'exe' bine'ex áalkab te' taam paarkéeo' k'aaynaje'ex tu naajil xook	PERSON:2_PL
Ma' ts'oka'an in beeli' bajux ta bo'otaj ka ts'íibta'abech naajil xook	Ma' ts'oka'an a beele'exi' bajux tu bo'oto'ob ka ts'íibta'abo'ob naajil xook	PERSON:3_PL
Tene' ts'oka'an wáaj in beel kin ts'íib tu naajil xook	Teche' ts'oka'an wáaj a beel ka ts'íib tu naajil xook	PERSON:2_SI
Tin konaj in najil mix teen kajakbalen ta wotoch	Ta konaj a najil mix teech kajakbalech ta wotoch	PERSON:2_SI
Ma' in wa'alik u k'aaba' tin kaxtik a najil	Ma' u ya'aliko'ob u k'aaba' táan u kaxtiko'ob a naajil	PERSON:3_PL
Táan wáaj a báaxal tu naajil báaxal tin kaxtik a najil	Táan wáaj u báaxal tu naajil báaxal táan u kaxtik a najil	PERSON:3_SI
Yaan in jochik chak nal tin kool tene' áak'ab wáaj kin bin tu k'íiwikil koonol	Yaan ek jochik chak nal tek kool to'one' áak'ab wáaj k bin tu k'íiwikil koonol	PERSON:1_PL
Ma' ts'oka'an in beeli' tene' ts'oka'an wáaj in beel	Ma' ts'oka'an u beeli' leti'e' ts'oka'an wáaj u beel	PERSON:3_SI
Ma k'aja'anten buka'aj in ja'abili' táan wáaj a bin koonol merkaado	Ma' k'aja'ante'ex buka'aj a ja'abile'exi' táan wáaj a bine'ex koonol merkaado	PERSON:2_PL
Ma' k'a'abéet wáaj in bin tu k'íiwikil koonoli' teche' ma' jbúulech wáaj	Ma' jach k'a'abéet wáaj a bine'ex k'íiwikil koonoli' te'exe' ma' jbúule'ex wáaj	PERSON:2_PL
Ka'abeje' yaan in bin merkaado jach wáaj k'a'abéet a bin merkaado	Ka'abeje' yaan u bino'ob koonol merkaado jach wáaj k'a'abéet u bino'ob merkaado	PERSON:3_PL
Ook'in in bin merkaado ka'abeje' yaan in bin merkaado	Ook'in a bine'ex merkaado ka'abeje' yaan a bine'ex koonol merkaado	PERSON:2_PL
Ta'aytak in chukik u ja'abil tene' jbúulen	Ta'aytak a chukik u ja'abil teche' jbúulech	PERSON:2_SI
Ma' táan in bin koonol tu k'íiwikil koonol ta wilaj wáaj u sáastal ta kaajal	Leti'e' ma' táan u bin koonol tu k'íiwikil koonol tu yilaj wáaj u sáastal tu kaajal	PERSON:3_SI
Tene' ma' jbúuleni' te' in taal tu kaajil kopomae'	Leti'e' ma' jbúuli' te' u taal tu kaajil kopomae'	PERSON:3_SI
Ta wilaj wáaj u sáastal ta kaajal tene' kin báaxal paarkée	Ta wile'ex wáaj u sáastal ta kaajale'ex te'exe' ka báaxale'ex paarkée	PERSON:2_PL
Tin núukaj buka'aj in ja'abil tan in k'íilkab	Ta núukaje'ex buka'aj a ja'abile'ex tan a k'íilkabe'ex	PERSON:2_PL
Ma' ts'oka'an in beeli' kin ts'íib tu naajil xook	Ma' ts'oka'an a beeli' ka ts'íib tu naajil xook	PERSON:2_SI
Táan in meyaj ich kool ook'in in bin merkaado	Táan a meyaje'ex ich kool ook'in a bine'ex merkaado	PERSON:2_PL
Ki'imak in wóol in bin merkaado tene' ti' kajakbalen tu yotoche'	Ki'imak u yóolo'ob u bino'ob merkaado leti'obe' ti' kajakbalo'ob tu yotoche'	PERSON:3_PL
Jayp'éel k'iino'ob ka bin merkaado tene' kin bin páak ich kool	Jayp'éel k'iino'ob ka bine'ex merkaado te'exe' ka bine'ex páak tu kool	PERSON:2_PL
Táan a bin koonol tu k'íiwikil koonol tin konaj in najil	Táan wáaj a bin koonol tu k'íiwikil koonol tin wáaj konaj in najil	SUBTYPE:INT
Ta manaj a najil ta manaj a wotoch	Ta manaj wáaj a najil ta manaj wáaj a wotoch	SUBTYPE:INT
Jach k'a'abéet a bin tu k'íiwikil koonol jach k'a'abéet a bin merkaado	Jach k'a'abéet a bine'ex tu k'íiwikil koonol jach k'a'abéet a bine'ex merkaado	PERSON:2_PL
Ts'oka'an wáaj in beel tene' ajkoonolen	Ts'oka'an wáaj a beel teche' ajkoonolech	PERSON:2_SI
Leti'e' múul kajakbal tek éetel to'one' áak'ab k bin tu k'íiwikil koonol	Leti'e' múul kajakbal tek éetel wáaj to'one' áak'ab wáaj k bin tu k'íiwikil koonol	SUBTYPE:INT
Ta'aytak in chukik u ja'abil táan in bin koonol tu k'íiwikil koonol	Ta'aytak u chukik u ja'abil táan u bin koonol tu k'íiwikil koonol	PERSON:3_SI
Táan in bin koonol tu k'íiwikil koonol tene' in jatsmajimbáaj	Leti'obe' táan u bino'ob koonol tu k'íiwikil koonol leti'obe' u jatsmajuba'ob	PERSON:3_PL
Yaan in boon tu naajil xook teche' ma' wáaj áak'ab ka bin merkaadoi'	Yaan u boon tu naajil xook leti'e' ma' wáaj áak'ab ku bin merkaadoi'	PERSON:3_SI
Táan in báaxal tu naajil báaxal táan in suut tu naajil xook	Táan a báaxale'ex báaxal tu naajil báaxal táan a suute'ex xook tu naajil xook	PERSON:2_PL
Tene' kin báaxal paarkée táan in xook tu naajil xook	Te'exe' ka báaxale'ex paarkée táan a xooke'ex xook tu naajil xook	PERSON:2_PL
Tene' yaan ten meyaj biología ma' k'a'abéet wáaj in bin tu k'íiwikil koonoli'	Leti'e' yaan meyaj ti' biología ma' jach k'a'abéet wáaj u bin tu k'íiwikil koonoli'	PERSON:3_SI
Tene' kin báaxal tu naajil xook teche' ma' jbúulech wáaj	To'one' k báaxal tu naajil xook to'one' ma' jbúulo'on wáaj	PERSON:1_PL
Jbinen yéetel in éetailo'ob merkaado ma' táan in bin ich kooli'	Jbine'ex yéetel a éetailo'ob merkaado ma' táan a bine'ex ich kooli'	PERSON:2_PL
Tin meentik janal ich kool ts'oka'an wáaj in beel	Tu meentik janal ich kool ts'oka'an wáaj u beel	PERSON:3_SI
Ma k'aja'anten buka'aj in ja'abili' ma' táan in bin koonol merkaadoi'	Ma' k'aja'ante'ex buka'aj a ja'abile'exi' ma' táan a bine'ex koonol merkaadoi'	PERSON:2_PL
Tene' áak'ab kin bin tu k'íiwikil koonol yaan wáaj in bin koonol tu k'íiwikil koonol	Leti'e' áak'ab ku bin tu k'íiwikil koonol yaan wáaj u bin koonol tu k'íiwikil koonol	PERSON:3_SI
Yaan in boon tu naajil xook ma' in wojel u ja'abili'	Yaan a boon tu naajil xook ma' a wojel u ja'abili'	PERSON:2_SI
Tene' kajakbalen weye' sáansamal kin bin merkaado	Leti'e' kajakbal weye' sáansamal ku bin merkaado	PERSON:3_SI
Tene' kajakbalen weye' teche' ma' wáaj áak'ab ka bin merkaadoi'	Te'exe' kajakbale'ex weye' te'exe' ma' wáaj áak'ab ka bine'ex merkaadoi'	PERSON:2_PL
Yaan wáaj a xook tu naajil xook teche' áak'ab wáaj ka bin merkaado	Yaan wáaj u xook tu naajil xook leti'e' áak'ab wáaj ku bin merkaado	PERSON:3_SI
Tene' kin báaxal paarkée tene' jbúulen	Leti'e' ku báaxal paarkée leti'e' jbúulij	PERSON:3_SI
Tene' ts'oka'an wáaj in beel ts'oka'an wáaj in beel	Leti'obe' ts'oka'an wáaj u beelo'ob ts'oka'an wáaj u beelo'ob	PERSON:3_PL
Tene' áak'ab kin bin merkaado yaan ti' teen 18 ja'abo'ob	Tene' ma' áak'ab kin bin merkaadoi' mina'anten 18 ja'abo'ob	TYPE:NEG
Tene' kin bin páak ich kool jweenen ich kool	Teche' ka bin páak ich kool jweenech ich kool	PERSON:2_SI
Yaan wáaj a xook tu naajil xook tene' yaan ten meyaj biología	Yaan wáaj k xook tu naajil xook to'onen yaanto'on meyaj biología	PERSON:1_PL
Táan wáaj a xook tu naajil xook yaan in boon tu naajil xook	Táan wáaj a xooke'ex xook tu naajil xook yaan a boone'ex xook tu naajil xook	PERSON:2_PL
Ma' ta wu'uyik  wáaj ooxoli' ma' k'a'abéet wáaj in bin tu k'íiwikil koonoli'	Ma' tu yu'ubik wáaj ooxoli' ma' jach k'a'abéet wáaj u bin tu k'íiwikil koonoli'	PERSON:3_SI
Tene' yaan ten xook ti' español jbinen yéetel in éetailo'ob merkaado	Te'exe' yaante'ex xook ti' español jbine'ex yéetel a éetailo'ob merkaado	PERSON:2_PL
Táan in báaxal tu naajil báaxal ma' tin wilikech merkaado	Táan a báaxal tu naajil báaxal ma' ta wiliken merkaado	PERSON:2_SI
Sáansamal kin bin merkaado tene' kin bin páak ich kool	Sáansamal ka bin merkaado teche' ka bin páak ich kool	PERSON:2_SI
Sáansamal kin bin merkaado jach wáaj k'a'abéet a bin k'íiwikil koonol	Sáansamal ku bin merkaado jach k'a'abéet wáaj u bin tu k'íiwikil koonol	PERSON:3_SI
Ka wu'uyik wáaj ooxol bajux ta bo'otaj ka ts'íibta'abech naajil xook	Leti'o'obe' ku yu'ubiko'ob ooxol bajux tu bo'oto'ob ka ts'íibta'abo'ob naajil xook	PERSON:3_PL
Yaan wáaj in bin koonol merkaado tene' áak'ab wáaj kin bin tu k'íiwikil koonol	Yaan wáaj a bine'ex koonol merkaado te'exe' áak'ab wáaj ka bine'ex tu k'íiwikil koonol	PERSON:2_PL
Táan wáaj a bin koonol tu k'íiwikil koonol táan in meyaj ich kool	Táan wáaj u bino'ob koonol tu k'íiwikil koonol táan u meyajo'ob ich kool	PERSON:3_PL
Ma' táan in bin koonol tu k'íiwikil koonol tu'ux kajakbalen	Ma' táan a bine'ex koonol tu k'íiwikil koonol tu'ux kajakbale'ex	PERSON:2_PL
Yaan wáaj in bin koonol merkaado jayp'éel k'iino'ob ka bin merkaado	Yaan wáaj u bino'ob koonol merkaado jayp'éel k'iino'ob ku bino'ob merkaado	PERSON:3_PL
Ma' ts'oka'an in beeli' táan in bin koonol merkaado	Ma' ts'oka'an u beelo'obi' táan u bino'ob koonol merkaado	PERSON:3_PL
Ma' táan in bin koonol merkaadoi' ma' táan in bin koonol merkaadoi'	Ma' táan u bino'ob koonol merkaadoi' ma' táan k bin koonol merkaadoi'	PERSON:3_PL
Ka'abeje' yaan in bin merkaado ts'oka'an wáaj in beel	Ka'abeje' yaan u bino'ob koonol merkaado ts'oka'an wáaj u beelo'ob	PERSON:3_PL
Yaan in boon tu naajil xook táan in bin koonol merkaado	Yaan k boon tu naajil xook táan k bin koonol merkaado	PERSON:1_PL
Táan in meyaj ich kool k'aaynajen tu naajil xook	Táan u meyajo'ob ich kool k'aaynajo'ob tu naajil xook	PERSON:3_PL
Ma' tan in k'íilkabi' táan in bin koonol merkaado	Ma' tan u k'íilkabo'obi' táan u bino'ob koonol merkaado	PERSON:3_PL
Jbinen yéetel in éetailo'ob janal ich kool tene' áak'ab wáaj kin bin tu k'íiwikil koonol	Jbinech yéetel a éetailo'ob janal ich kool teche' áak'ab wáaj ka bin tu k'íiwikil koonol	PERSON:2_SI
Tene' yaan ten u áanalte'il in xook matemáticas te' in taal tu kaajil kopomae'	Leti'e' yaan u áanalte'il u xook matemáticas te' u taal tu kaajil kopomae'	PERSON:3_SI
Ma' ta wu'uyik  wáaj ooxoli' yaan in xook tu naajil xook	Ma' tek u'uyik wáaj ooxoli' yaan k xook tu naajil xook	PERSON:1_PL
Kin wilikech merkaado tan in k'íilkab	Ka wiliken merkaado tan a k'íilkab	PERSON:2_SI
Ook'in in bin tu k'íiwikil koonol jbinen yéetel in éetailo'ob merkaado	Ook'in u bino'ob k'íiwikil koonol jbino'ob yéetel u éetailo'ob merkaado	PERSON:3_PL
Tene' kin bin paak'áal ich kool mix teen kajakbalen ta wotoch	To'one' kek bin paak'áal ich kool mix to'on kajakbalo'on ta wotoch	PERSON:1_PL
Ma' táan in bin koonol merkaadoi' k'aaynajen tu naajil xook	Ma' táan a bine'ex koonol merkaadoi' k'aaynaje'ex tu naajil xook	PERSON:2_PL
Yaan wáaj in bin koonol merkaado ka'abeje' yaan in bin merkaado	Yaan wáaj a bin koonol merkaado ka'abeje' yaan a bin koonol merkaado	PERSON:2_SI
Ki'imak in wóol in bin merkaado tene' kin báaxal paarkée	Ki'imak u yóolo'ob u bino'ob merkaado leti'obe' ku báaxalo'ob paarkée	PERSON:3_PL
Ta wile'ex u sáastal ta kaajale'ex tu u yojel u ja'abili'	Ma' ta wile'ex u sáastal ta kaajale'exi' ma' u yojel u ja'abili'	TYPE:NEG
Ma' táan in bin koonol merkaadoi' táan in bin koonol tu k'íiwikil koonol	Ma' táan k bin koonol merkaadoi' leti'obe' táan u bino'ob koonol tu k'íiwikil koonol	PERSON:3_PL
Táan in xook tu naajil xook táan in báaxal tu naajil báaxal	Táan u xook tu naajil xook táan u báaxal tu naajil báaxal	PERSON:3_SI
Yaan in suut tu naajil xook te' in taal tu kaajil kopomae'	Yaan a suute'ex xook tu naajil xook te' a taale'ex tu kaajil kopomae'	PERSON:2_PL
Ma' tan in k'íilkabi' tene' kin báaxal paarkée	Ma' tan k k'íilkabi' to'one' k báaxal paarkée	PERSON:1_PL
Ma' tin wilike'ex tu k'íiwikil koonol tene' kin bin páak ich kool	Ma' ta wiliken tu k'íiwikil koonol teche' ka bin páak ich kool	PERSON:2_SI
Táan wáaj a bin koonol merkaado tin kaxtik a najil	Táan wáaj u bino'ob koonol merkaado táan u kaxtiko'ob a naajil	PERSON:3_PL
Yaan wáaj a báaxal tu naajil báaxal yaan wáaj in bin koonol merkaado	Yaan wáaj k báaxal tu naajil báaxal yaan wáaj k bin koonol merkaado	PERSON:1_PL
Táan in báaxal tu naajil báaxal jaypéel k'iino'ob ka bin tu k'íiwikil koonol	Táan u báaxal tu naajil báaxal jayp'éel k'iino'ob ku bin tu k'íiwikil koonol	PERSON:3_SI
Ka wu'uyik wáaj ooxol ka'abeje' yaan in bin merkaado	Te'exe' ka wu'uyike'ex wáaj ooxol ka'abeje' yaan a bine'ex koonol merkaado	PERSON:2_PL
Jach k'a'abéet in bin tu k'íiwikil koonol jach k'a'abéet u bin tu kool	Jach wáaj k'a'abéet in bin k'íiwikil koonol jach k'a'abéet wáaj u bin ich kool	SUBTYPE:INT
Ma' tin wu'uyik ooxoli' ma' in wa'alik u k'aaba'	Ma' tu yu'ubik ooxoli' ma' u ya'alik u k'aaba'	PERSON:3_SI
Ka'abeje' yaan in bin merkaado ma' k'a'abéet wáaj in bin tu k'íiwikil koonoli'	Ka'abeje' yaan a bine'ex koonol merkaado ma' jach k'a'abéet wáaj a bine'ex k'íiwikil koonoli'	PERSON:2_PL
Ma' k'aja'anto'on buka'aj k ja'abili' ta manaj a wotoch	Ma' wáaj k'aja'anto'on buka'aj k ja'abili' ta manaj wáaj a wotoch	SUBTYPE:INT
Tene' kin bin paak'áal ich kool tu'ux kajakbalen	Teche' ka bin paak'áal ich kool tu'ux kajakbalech	PERSON:2_SI
Tin meentik janal ich kool yaan wáaj in bin koonol merkaado	Tu meentiko'ob janal ich kool yaan wáaj u bino'ob koonol merkaado	PERSON:3_PL
Yaan in xook tu naajil xook táan in meyaj ich kool	Yaan a xook tu naajil xook táan a meyaj ich kool	PERSON:2_SI
Mix teen kajakbalen ta wotoch ma' táan in bin ich kooli'	Mix te'ex kajakbale'ex ta wotoch ma' táan a bine'ex ich kooli'	PERSON:2_PL
Ma' kajakbalen tin wotochi' táan in boon tu naajil xook	Ma' kajakbalo'ob tin wotochi' táan u boono'ob tu naajil xook	PERSON:3_PL
Ta wilaj wáaj u sáastal ta kaajal ma' kajakbalen tin wotochi'	Tu yilaj wáaj u sáastal tu kaajal ma' kajakbal tin wotochi'	PERSON:3_SI
Sáansamal kin bin koonol merkaado bajux ta bo'otaj ka ts'íibta'abech naajil xook	Sáansamal ku bino'ob koonol merkaado bajux tu bo'oto'ob ka ts'íibta'abo'ob naajil xook	PERSON:3_PL
Táan in bin koonol merkaado teche' ma' jbúulech wáaj	Táan u bin koonol merkaado leti'e' ma' jbúul wáaj	PERSON:3_SI
Tin kaxtik a najil tene' áak'ab kin bin tu k'íiwikil koonol	Tan k kaxtik a najil to'one' áak'ab k bin tu k'íiwikil koonol	PERSON:1_PL
Yaan wáaj in bin ich kool táan in kaaxtik a wotoch	Yaan wáaj ek bin ich kool táan ek kaxtik a wotoch	PERSON:1_PL
Ma' jach k'a'abéet in bin tu k'íiwikil koonoli' ma' ts'oka'an in beeli'	Ma' jach k'a'abéet u bino'ob tu k'íiwikil koonoli' ma' ts'oka'an a beele'exi'	PERSON:3_PL
Yaan wáaj a báaxal tu naajil báaxal tene' áak'ab kin bin merkaado	Yaan wáaj k báaxal tu naajil báaxal to'one' áak'ab kek bin merkaado	PERSON:1_PL
Ma' wáaj jach k'a'abéet in bin merkaadoi' ma' ta wu'uyik  wáaj ooxoli'	Ma' wáaj jach k'a'abéet u bin merkaadoi' ma' tu yu'ubik wáaj ooxoli'	PERSON:3_SI
Yaan wáaj in bin koonol merkaado tene' ti' kajakbalen tu yotoche'	Yaan wáaj u bino'ob koonol merkaado leti'obe' ti' kajakbalo'ob tu yotoche'	PERSON:3_PL
Ma' táan in bin ich kooli' yaan wáaj in bin koonol merkaado	Ma' táan a bin ich kooli' yaan wáaj a bin koonol merkaado	PERSON:2_SI
Jweenen ich kool yaan wáaj in bin ich kool	Jweeno'ob ich kool yaan wáaj u bino'ob ich kool	PERSON:3_PL
Yaan wáaj in bin koonol tu k'íiwikil koonol táan wáaj a bin koonol tu k'íiwikil koonol	Yaan wáaj u bino'ob koonol tu k'íiwikil koonol táan wáaj u bino'ob koonol tu k'íiwikil koonol	PERSON:3_PL
Táan in suut tu naajil xook jach k'a'abéet a bin merkaado	Táan a suute'ex xook tu naajil xook jach k'a'abéet a bine'ex merkaado	PERSON:2_PL
Ma' in wa'alik u k'aaba' jbinen yéetel in éetailo'ob merkaado	Ma' a wa'alike'ex u k'aaba' jbine'ex yéetel a éetailo'ob merkaado	PERSON:2_PL
Ma' tan in k'íilkabi' yaan wáaj a báaxal tu naajil báaxal	Ma' tan k k'íilkabi' yaan wáaj k báaxal tu naajil báaxal	PERSON:1_PL
Ma' wáaj ta bin merkaado táan in báaxal tu naajil báaxal	Ma' wáaj ta bine'ex merkaado táan a báaxale'ex báaxal tu naajil báaxal	PERSON:2_PL
Tene' ts'oka'an wáaj in beel yaan wáaj in bin koonol merkaado	Leti'obe' ts'oka'an wáaj u beelo'ob yaan wáaj u bino'ob koonol merkaado	PERSON:3_PL
Táan wáaj a xook tu naajil xook sáansamal kin bin koonol merkaado	Táan wáaj a xooke'ex xook tu naajil xook sáansamal ka bine'ex koonol merkaado	PERSON:2_PL
Jbinen yéetel in éetailo'ob merkaado yaan in boon tu naajil xook	Jbinech yéetel a éetailo'ob merkaado yaan a boon tu naajil xook	PERSON:2_SI
Ma' in wojel u ja'abili' ts'oka'an wáaj in beel	Ma' u yojelo'ob u ja'abili' ts'oka'an wáaj a beele'ex	PERSON:3_PL
Táan in meyaj ich kool ba'atelnajen te' tu kúuchil báaxalo'	Táan u meyajo'ob ich kool ba'atelnajo'ob te' tu kúuchil báaxalo'	PERSON:3_PL
Yaan in báaxal tu naajil báaxal yaan in xook tu naajil xook	Yaan k báaxal tu naajil báaxal yaan k xook tu naajil xook	PERSON:1_PL
Yaan wáaj a xook tu naajil xook ma' tin wu'uyik ooxoli'	Yaan wáaj u xooko'ob tu naajil xook ma' tu yu'ubiko'ob ooxoli'	PERSON:3_PL
Táan in bin koonol merkaado jweenen ich kool	Táan a bin koonol merkaado jweenech ich kool	PERSON:2_SI
Teche' áak'ab wáaj ka bin merkaado jach wáaj k'a'abéet a bin k'íiwikil koonol	Leti'e' áak'ab wáaj ku bin merkaado jach k'a'abéet wáaj u bin tu k'íiwikil koonol	PERSON:3_SI
Tene' ts'oka'an wáaj in beel ma' tin wilaj u sáastal tin kaajali'	To'one' ts'oka'an wáaj k beel ma' tak ilaj u sáastal k kaajali'	PERSON:1_PL
Yaan in xook tu naajil xook ma' in wojel u ja'abili'	Yaan u xook tu naajil xook ma' u yojel u ja'abili'	PERSON:3_SI
Ma' wáaj jach k'a'abéet in bin merkaadoi' ma' táan in bin koonol tu k'íiwikil koonol	Ma' wáaj jach k'a'abéet u bino'ob merkaadoi' ma' táan u bino'ob koonol tu k'íiwikil koonol	PERSON:3_PL
Tene' ti' in taali' óok'otnajen tu naajil xook	To'one' ti' in taalo'oni' óok'otnajo'on tu naajil xook	PERSON:1_PL
Yaan wáaj a xook tu naajil xook ki'imak in wóol in bin merkaado	Yaan wáaj u xooko'ob tu naajil xook ki'imak u yóolo'ob u bino'ob merkaado	PERSON:3_PL
Ta'aytak in chukik u ja'abil yaan wáaj a báaxal tu naajil báaxal	Ta'aytak u chukiko'ob u ja'abil yaan wáaj u báaxalo'ob tu naajil báaxal	PERSON:3_PL
Tin míistik in najil tene' kin bin paak'áal ich kool	Táan a míistik in najil teche' ka bin paak'áal ich kool	PERSON:2_SI
Ook'in in bin tu k'íiwikil koonol táan wáaj a boon tu naajil xook	Ook'in a bine'ex k'íiwikil koonol táan wáaj a boone'ex xook tu naajil xook	PERSON:2_PL
Táan wáaj a báaxal tu naajil báaxal ts'oka'an wáaj in beel	Táan wáaj k báaxal tu naajil báaxal ts'oka'an wáaj k beel	PERSON:1_PL
Táan in meyaj ich kool k'aaynajen tu naajil xook	Táan a meyaje'ex ich kool k'aaynaje'ex tu naajil xook	PERSON:2_PL
Ma' ts'oka'an in beeli' tene' áak'ab kin bin tu k'íiwikil koonol	Ma' ts'oka'an k beeli' to'one' áak'ab k bin tu k'íiwikil koonol	PERSON:1_PL
Jbinen áalkab te' taam paarkéeo' tene' ajkoonolen ichil merkaado	To'one' bino'on áalkab te' taam paarkéeo' to'one' ajkoonolo'on ichil merkaado	PERSON:1_PL
Tan in k'íilkab ma' jach k'a'abéet in bin tu k'íiwikil koonoli'	Tan a k'íilkabe'ex ma' jach k'a'abéet a bine'ex k'íiwikil koonoli'	PERSON:2_PL
Ma' ts'oka'an in beeli' yaan wáaj in bin ich kool	Ma' ts'oka'an k beeli' yaan wáaj ek bin ich kool	PERSON:1_PL
