Leti'obe' ku báaxalo'ob paarkée	Leti'obe' ku báaxalo'ob paarkée	NOCHANGE
Yaan ti' teen 18 ja'abo'ob	Yaan ti' teen 18 ja'abo'ob	NOCHANGE
Máax yéetel ka bin koonol tu kúuchil báaxal	Máax yéetel ka bin koonol tu kúuchil báaxal	NOCHANGE
Yaan wáaj a bine'ex koonol tu k'íiwikil koonol	Yaan wáaj a bine'ex koonol tu k'íiwikil koonol	NOCHANGE
Ka'abeje' yaan a bin koonol merkaado	Ka'abeje' yaan a bin koonol merkaado	NOCHANGE
ku ts'íibo'ob tu naajil xook	ku ts'íibo'ob tu naajil xook	NOCHANGE
Táan in wilikech te' tu kúuchil báaxalo'	Táan in wilikech te' tu kúuchil báaxalo'	NOCHANGE
To'one' ma' jbúulo'on wáaj	To'one' ma' jbúulo'on wáaj	NOCHANGE
Ma' jach k'a'abéet in bin ich kooli'	Ma' jach k'a'abéet in bin ich kooli'	NOCHANGE
Ma' tin wilaj u sáastal tin kaajali'	Ma' tin wilaj u sáastal tin kaajali'	NOCHANGE
Táan u xooko'ob tu naajil xook	Táan u xooko'ob tu naajil xook	NOCHANGE
A wojel tu'ux u taal	A wojel tu'ux u taal	NOCHANGE
Ma' in k'aaba'i'	Ma' in k'aaba'i'	NOCHANGE
Ta wile'ex u sáastal ta kaajale'ex	Ta wile'ex u sáastal ta kaajale'ex	NOCHANGE
Yaan a jochike'ex chak nal ta koole'ex	Yaan a jochike'ex chak nal ta koole'ex	NOCHANGE
Ki'imak a wóol a bin tu k'íiwikil koonol	Ki'imak a wóol a bin tu k'íiwikil koonol	NOCHANGE
Ma' ta wu'uyike'ex ooxoli'	Ma' ta wu'uyike'ex ooxoli'	NOCHANGE
Jach k'a'abéet wáaj u bin ich kool	Jach k'a'abéet wáaj u bin ich kool	NOCHANGE
Táan wáaj a xook tu naajil xook	Táan wáaj a xook tu naajil xook	NOCHANGE
Táan in bin koonol tu k'íiwikil koonol	Táan in bin koonol tu k'íiwikil koonol	NOCHANGE
Jach k'a'abéet u bin tu k'íiwikil koonol	Jach k'a'abéet u bin tu k'íiwikil koonol	NOCHANGE
Te'exe' áak'ab ka bine'ex merkaado	Te'exe' áak'ab ka bine'ex merkaado	NOCHANGE
Tu'ux k'íiwikil koonol suuk a jóok'ol koonol	Tu'ux k'íiwikil koonol suuk a jóok'ol koonol	NOCHANGE
Ts'oka'an wáaj u beel	Ts'oka'an wáaj u beel	NOCHANGE
Tu kaxko'ob a najil	Tu kaxko'ob a najil	NOCHANGE
Yaan wáaj a bin koonol merkaado	Yaan wáaj a bin koonol merkaado	NOCHANGE
Tene' ti' in taali'	Tene' ti' in taali'	NOCHANGE
Ma' tin wu'uyik ooxoli'	Ma' tin wu'uyik ooxoli'	NOCHANGE
Ma' táan in bin koonol merkaadoi'	Ma' táan in bin koonol merkaadoi'	NOCHANGE
Táan wáaj ek bin ich kool	Táan wáaj ek bin ich kool	NOCHANGE
Ma' táan a bine'ex koonol merkaadoi'	Ma' táan a bine'ex koonol merkaadoi'	NOCHANGE
Jayp'éel k'iino'ob ka bin merkaado	Jayp'éel k'iino'ob ka bin merkaado	NOCHANGE
Teche' Yaan tech wáaj meyaj ti' biología	Teche' Yaan tech wáaj meyaj ti' biología	NOCHANGE
Taak in suut koonol merkaado	Taak in suut koonol merkaado	NOCHANGE
Táan u bino'ob koonol merkaado	Táan u bino'ob koonol merkaado	NOCHANGE
Táan a suut tu naajil xook	Táan a suut tu naajil xook	NOCHANGE
Jbinen yéetel in éetailo'ob janal ich kool	Jbinen yéetel in éetailo'ob janal ich kool	NOCHANGE
Jweene'ex merkaado	Jweene'ex merkaado	NOCHANGE
óok'otnaje'ex tu naajil xook	óok'otnaje'ex tu naajil xook	NOCHANGE
Yaan wáaj a bin koonol tu k'íiwikil koonol	Yaan wáaj a bin koonol tu k'íiwikil koonol	NOCHANGE
Teche' áak'ab wáaj ka bin merkaado	Teche' áak'ab wáaj ka bin merkaado	NOCHANGE
Máax yéetel táan a bin koonol tu kúuchil báaxal	Máax yéetel táan a bin koonol tu kúuchil báaxal	NOCHANGE
Mix to'on kajakbalo'on ta wotoch	Mix to'on kajakbalo'on ta wotoch	NOCHANGE
Leti'e' yaan wáaj meyaj ti' biología	Leti'e' yaan wáaj meyaj ti' biología	NOCHANGE
Te'exe' a jatsmajaba'ex	Te'exe' a jatsmajaba'ex	NOCHANGE
Tin wáaj konaj u k'áaxil in kool	Tin wáaj konaj u k'áaxil in kool	NOCHANGE
Ma' táan a bin ich kooli'	Ma' táan a bin ich kooli'	NOCHANGE
Leti'e' yaan meyaj ti' biología	Leti'e' yaan meyaj ti' biología	NOCHANGE
Táan wáaj u boono'ob tu naajil xook	Táan wáaj u boono'ob tu naajil xook	NOCHANGE
Tene' in wojel bix u k'aaba'	Tene' in wojel bix u k'aaba'	NOCHANGE
Ma' táan in bin koonol tu k'íiwikil koonol	Ma' táan in bin koonol tu k'íiwikil koonol	NOCHANGE
Jweenen ich kool	Jweenen ich kool	NOCHANGE
Tan u k'íilkabo'ob	Tan u k'íilkabo'ob	NOCHANGE
Táan ek meyaj ich kool	Táan ek meyaj ich kool	NOCHANGE
Yaan u suuto'ob tu naajil xook	Yaan u suuto'ob tu naajil xook	NOCHANGE
To'one' ajkoonolo'on ichil merkaado	To'one' ajkoonolo'on ichil merkaado	NOCHANGE
Teche' ma' jbúulech wáaj	Teche' ma' jbúulech wáaj	NOCHANGE
Ma' kajakbalen tin wotochi'	Ma' kajakbalen tin wotochi'	NOCHANGE
Leti'e' ku báaxal paarkée	Leti'e' ku báaxal paarkée	NOCHANGE
Tin meentik janal ich kool	Tin meentik janal ich kool	NOCHANGE
Ma' tin wilikech tu k'íiwikil koonol	Ma' tin wilikech tu k'íiwikil koonol	NOCHANGE
Leti'obe' ma' ts'oka'an u beelo'obi'	Leti'obe' ma' ts'oka'an u beelo'obi'	NOCHANGE
Yaan k boon tu naajil xook	Yaan k boon tu naajil xook	NOCHANGE
Tu'ux kajakbale'ex	Tu'ux kajakbale'ex	NOCHANGE
Jweeno'ob merkaado	Jweeno'ob merkaado	NOCHANGE
Ta wile'ex wáaj u sáastal ta kaajale'ex	Ta wile'ex wáaj u sáastal ta kaajale'ex	NOCHANGE
jayp'éel k'iino'ob ku bino'ob tu k'íiwikil koonol	jayp'éel k'iino'ob ku bino'ob tu k'íiwikil koonol	NOCHANGE
Ma' u yojelo'ob u ja'abili'	Ma' u yojelo'ob u ja'abili'	NOCHANGE
Yaan wáaj u manik u najil	Yaan wáaj u manik u najil	NOCHANGE
Ka'abeje' yaan in bin tu k'íiwikil koonol	Ka'abeje' yaan in bin tu k'íiwikil koonol	NOCHANGE
Suuk wáaj in jóok'ol koonol tu k'íiwikil koonol	Suuk wáaj in jóok'ol koonol tu k'íiwikil koonol	NOCHANGE
Yaan in bin koonol tu k'íiwikil koonol	Yaan in bin koonol tu k'íiwikil koonol	NOCHANGE
Jach wáaj k'a'abéet a bine'ex merkaado	Jach wáaj k'a'abéet a bine'ex merkaado	NOCHANGE
Taak in bin koonol tu k'íiwikil koonol	Taak in bin koonol tu k'íiwikil koonol	NOCHANGE
Yaan a báaxale'ex báaxal tu naajil báaxal	Yaan a báaxale'ex báaxal tu naajil báaxal	NOCHANGE
k'aaynaje'ex tu naajil xook	k'aaynaje'ex tu naajil xook	NOCHANGE
Je'el in manik ya'abach ba'alob tu k'íiwikil koonole'	Je'el in manik ya'abach ba'alob tu k'íiwikil koonole'	NOCHANGE
Yaan u báaxalo'ob tu naajil báaxal	Yaan u báaxalo'ob tu naajil báaxal	NOCHANGE
Ts'o'ok in manik janal tu k'íiwikil koonol	Ts'o'ok in manik janal tu k'íiwikil koonol	NOCHANGE
Ook'in in bin merkaado	Ook'in in bin merkaado	NOCHANGE
Táan u suut tu naajil xook	Táan u suut tu naajil xook	NOCHANGE
Táan a bin koonol tu k'íiwikil koonol	Táan a bin koonol tu k'íiwikil koonol	NOCHANGE
To'one' in k'aaba'one'	To'one' in k'aaba'one'	NOCHANGE
te'exe' ka báaxale'ex tu naajil xook	te'exe' ka báaxale'ex tu naajil xook	NOCHANGE
Ts'oka'an wáaj a beel	Ts'oka'an wáaj a beel	NOCHANGE
Múul kajakbal tu yéetel	Múul kajakbal tu yéetel	NOCHANGE
Táan u bin koonol merkaado	Táan u bin koonol merkaado	NOCHANGE
To'one' áak'ab k bin tu k'íiwikil koonol	To'one' áak'ab k bin tu k'íiwikil koonol	NOCHANGE
Ma' múulkajakbal tin wéetelo'oni'	Ma' múulkajakbal tin wéetelo'oni'	NOCHANGE
Ma' a wojel tu'ux u taali'	Ma' a wojel tu'ux u taali'	NOCHANGE
Yaan wáaj u bin koonol merkaado	Yaan wáaj u bin koonol merkaado	NOCHANGE
Tene' ma' áak'ab wáaj kin bin tu k'íiwikil koonoli'	Tene' ma' áak'ab wáaj kin bin tu k'íiwikil koonoli'	NOCHANGE
Ma' táan a bin koonol tu k'íiwikil koonoli'	Ma' táan a bin koonol tu k'íiwikil koonoli'	NOCHANGE
Ma' tu yu'ubik ooxoli'	Ma' tu yu'ubik ooxoli'	NOCHANGE
Ts'oka'an wáaj a beele'ex	Ts'oka'an wáaj a beele'ex	NOCHANGE
Ti' wáaj a taalo'obi'	Ti' wáaj a taalo'obi'	NOCHANGE
Ook'in in bin tu k'íiwikil koonol	Ook'in in bin tu k'íiwikil koonol	NOCHANGE
Tin manaj in wotoch	Tin manaj in wotoch	NOCHANGE
Ma' k'aja'anti' buka'aj u ja'abili'	Ma' k'aja'anti' buka'aj u ja'abili'	NOCHANGE
Tu'ux k'íiwikil koonol ka jóok'ol koonol	Tu'ux k'íiwikil koonol ka jóok'ol koonol	NOCHANGE
Ts'oka'an wáaj k beel	Ts'oka'an wáaj k beel	NOCHANGE
to'one' k báaxal tu naajil xook	to'one' k báaxal tu naajil xook	NOCHANGE
Ma' táan u bin koonol merkaadoi'	Ma' táan u bin koonol merkaadoi'	NOCHANGE
Ma' táan u bino'ob koonol tu k'íiwikil koonol	Ma' táan u bino'ob koonol tu k'íiwikil koonol	NOCHANGE
Ba'atelnaje'ex te' tu kúuchil báaxalo'	Ba'atelnaje'ex te' tu kúuchil báaxalo'	NOCHANGE
Ki'imak wáaj a wóol a bin tu k'íiwikil koonol	Ki'imak wáaj a wóol a bin tu k'íiwikil koonol	NOCHANGE
Ta manaj wáaj u k'áaxil uti'al a beetik a kool	Ta manaj wáaj u k'áaxil uti'al a beetik a kool	NOCHANGE
Te'exe' ajkoonole'ex ichil merkaado	Te'exe' ajkoonole'ex ichil merkaado	NOCHANGE
Tu kaxtik a najil	Tu kaxtik a najil	NOCHANGE
Te' in taal tu kaajil Kopomae'	Te' in taal tu kaajil Kopomae'	NOCHANGE
Yaan ti' te'ex 17 ja'abo'ob	Yaan ti' te'ex 17 ja'abo'ob	NOCHANGE
Ook'in a bin merkaado	Ook'in a bin merkaado	NOCHANGE
Jach k'a'abéet a bin merkaado	Jach k'a'abéet a bin merkaado	NOCHANGE
Yaan wáaj in bin koonol tu k'íiwikil koonol	Yaan wáaj in bin koonol tu k'íiwikil koonol	NOCHANGE
Táan wáaj k báaxal tu naajil báaxal	Táan wáaj k báaxal tu naajil báaxal	NOCHANGE
Leti'obe' u k'aaba'obe'	Leti'obe' u k'aaba'obe'	NOCHANGE
Táan in báaxal tu naajil báaxal	Táan in báaxal tu naajil báaxal	NOCHANGE
Tene' in wojel wáaj bix u k'aaba'	Tene' in wojel wáaj bix u k'aaba'	NOCHANGE
Ka'abeje' yaan a bine'ex koonol merkaado	Ka'abeje' yaan a bine'ex koonol merkaado	NOCHANGE
Ba'atelnajech te' tu kúuchil báaxalo'	Ba'atelnajech te' tu kúuchil báaxalo'	NOCHANGE
Leti'e' kajakbal weye'	Leti'e' kajakbal weye'	NOCHANGE
Tu'ux kajakbalo'ob	Tu'ux kajakbalo'ob	NOCHANGE
Ma' jach k'a'abéet wáaj u bino'ob tu k'íiwikil koonoli'	Ma' jach k'a'abéet wáaj u bino'ob tu k'íiwikil koonoli'	NOCHANGE
Teche' ti' kajakbalech tu yotoche'	Teche' ti' kajakbalech tu yotoche'	NOCHANGE
Ma' ta wiliken tu k'íiwikil koonol	Ma' ta wiliken tu k'íiwikil koonol	NOCHANGE
Kin bin koonol tu k'íiwikil koonol	Kin bin koonol tu k'íiwikil koonol	NOCHANGE
Yaan in suut tu naajil xook	Yaan in suut tu naajil xook	NOCHANGE
Táan wáaj u xooko'ob tu naajil xook	Táan wáaj u xooko'ob tu naajil xook	NOCHANGE
To'one' bino'on áalkab te' taam paarkéeo'	To'one' bino'on áalkab te' taam paarkéeo'	NOCHANGE
Táan k suut tu naajil xook	Táan k suut tu naajil xook	NOCHANGE
Táant in bin koonol tu k'íiwikil koonole'	Táant in bin koonol tu k'íiwikil koonole'	NOCHANGE
Ma' u chuko'ob u ja'abili'	Ma' u chuko'ob u ja'abili'	NOCHANGE
Múul kajakbal wáaj tu yéetel	Múul kajakbal wáaj tu yéetel	NOCHANGE
Ma' ta wilaj u sáastal ta kaajali'	Ma' ta wilaj u sáastal ta kaajali'	NOCHANGE
Ka'abeje' yaan a bine'ex koonol	Ka'abeje' yaan a bine'ex koonol	NOCHANGE
Tu'ux kajakbalech	Tu'ux kajakbalech	NOCHANGE
Yaan wáaj a bin ich kool	Yaan wáaj a bin ich kool	NOCHANGE
Yaan wáaj a xook tu naajil xook	Yaan wáaj a xook tu naajil xook	NOCHANGE
Ma' wáaj k'aja'anto'on buka'aj k ja'abili'	Ma' wáaj k'aja'anto'on buka'aj k ja'abili'	NOCHANGE
Leti'e' ts'oka'an wáaj u beel	Leti'e' ts'oka'an wáaj u beel	NOCHANGE
Jach wáaj k'a'abéet a bin merkaado	Jach wáaj k'a'abéet a bin merkaado	NOCHANGE
Ma' kajakbalo'ob tin wotochi'	Ma' kajakbalo'ob tin wotochi'	NOCHANGE
Te'exe' yaante'ex u áanalte'il u xookil matemáticas	Te'exe' yaante'ex u áanalte'il u xookil matemáticas	NOCHANGE
Táan u báaxal tu naajil báaxal	Táan u báaxal tu naajil báaxal	NOCHANGE
Yaan a boon tu naajil xook	Yaan a boon tu naajil xook	NOCHANGE
Ts'oka'an wáaj u beelo'ob	Ts'oka'an wáaj u beelo'ob	NOCHANGE
Ta konaj a wotoch	Ta konaj a wotoch	NOCHANGE
Ma' jach k'a'abéet u bin k'íiwikil koonoli'	Ma' jach k'a'abéet u bin k'íiwikil koonoli'	NOCHANGE
Teche' ka bin xíimbal tu yotoch	Teche' ka bin xíimbal tu yotoch	NOCHANGE
Ma' jach k'a'abéet wáaj u bin tu k'íiwikil koonoli'	Ma' jach k'a'abéet wáaj u bin tu k'íiwikil koonoli'	NOCHANGE
Ka wiliken merkaado	Ka wiliken merkaado	NOCHANGE
Tene' kin báaxal paarkée	Tene' kin báaxal paarkée	NOCHANGE
Leti'obe' u jatsmajuba'ob	Leti'obe' u jatsmajuba'ob	NOCHANGE
Sáansamal kin bin koonol merkaado	Sáansamal kin bin koonol merkaado	NOCHANGE
Jweene'ex ich kool	Jweene'ex ich kool	NOCHANGE
Máax yéetel k'a'abéet a bin koonol tu kúuchil báaxal	Máax yéetel k'a'abéet a bin koonol tu kúuchil báaxal	NOCHANGE
Ma' ts'oka'an in beeli'	Ma' ts'oka'an in beeli'	NOCHANGE
Ma' tin wilike'ex tu k'íiwikil koonol	Ma' tin wilike'ex tu k'íiwikil koonol	NOCHANGE
Tu núukaj buka'aj u ja'abil	Tu núukaj buka'aj u ja'abil	NOCHANGE
Tene' áak'ab wáaj kin bin tu k'íiwikil koonol	Tene' áak'ab wáaj kin bin tu k'íiwikil koonol	NOCHANGE
Táan a bine'ex koonol merkaado	Táan a bine'ex koonol merkaado	NOCHANGE
Táan u xook tu naajil xook	Táan u xook tu naajil xook	NOCHANGE
Yaan a jochik chak nal ta kool	Yaan a jochik chak nal ta kool	NOCHANGE
Táan u kaxtiko'ob a naajil	Táan u kaxtiko'ob a naajil	NOCHANGE
Tin núukaj buka'aj in ja'abil	Tin núukaj buka'aj in ja'abil	NOCHANGE
Ma' tak ilaj u sáastal k kaajali'	Ma' tak ilaj u sáastal k kaajali'	NOCHANGE
Ook'in u bino'ob k'íiwikil koonol	Ook'in u bino'ob k'íiwikil koonol	NOCHANGE
Ta'aytak u chukik u ja'abil	Ta'aytak u chukik u ja'abil	NOCHANGE
Te'exe' áak'ab wáaj ka bine'ex tu k'íiwikil koonol	Te'exe' áak'ab wáaj ka bine'ex tu k'íiwikil koonol	NOCHANGE
Táant in wilikech te' tu kúuchil báaxalo'	Táant in wilikech te' tu kúuchil báaxalo'	NOCHANGE
Ma' ts'oka'an u beeli'	Ma' ts'oka'an u beeli'	NOCHANGE
Tene' in k'aaba'e'	Tene' in k'aaba'e'	NOCHANGE
Sáansamal ka bine'ex koonol merkaado	Sáansamal ka bine'ex koonol merkaado	NOCHANGE
Ki'imak a wóol wáaj a bin ich kool	Ki'imak a wóol wáaj a bin ich kool	NOCHANGE
Ba'ax ja'abil jsíijij	Ba'ax ja'abil jsíijij	NOCHANGE
Ma' kajakbalech tin wotochi'	Ma' kajakbalech tin wotochi'	NOCHANGE
Te'exe' áak'ab wáaj ka bine'ex merkaado	Te'exe' áak'ab wáaj ka bine'ex merkaado	NOCHANGE
Jach k'a'abéet wáaj u bin tu k'íiwikil koonol	Jach k'a'abéet wáaj u bin tu k'íiwikil koonol	NOCHANGE
Yaan wáaj ti' te'ex kex 17 ja'abo'ob	Yaan wáaj ti' te'ex kex 17 ja'abo'ob	NOCHANGE
Leti'obe' ti' u taalo'obi'	Leti'obe' ti' u taalo'obi'	NOCHANGE
Leti'e' múul kajakbal tek éetel	Leti'e' múul kajakbal tek éetel	NOCHANGE
Teche' áak'ab wáaj ka bin tu k'íiwikil koonol	Teche' áak'ab wáaj ka bin tu k'íiwikil koonol	NOCHANGE
Tu meentik janal ich kool	Tu meentik janal ich kool	NOCHANGE
Ta meentike'ex janal ich kool	Ta meentike'ex janal ich kool	NOCHANGE
Ma' tan u k'íilkabi'	Ma' tan u k'íilkabi'	NOCHANGE
Ma' táan in bin ich kooli'	Ma' táan in bin ich kooli'	NOCHANGE
Tene' ma' áak'ab kin bin merkaadoi'	Tene' ma' áak'ab kin bin merkaadoi'	NOCHANGE
Táan a míistik a wotoch	Táan a míistik a wotoch	NOCHANGE
Táan wáaj u bino'ob koonol tu k'íiwikil koonol	Táan wáaj u bino'ob koonol tu k'íiwikil koonol	NOCHANGE
Jach k'a'abéet wáaj a bine'ex tu k'íiwikil koonol	Jach k'a'abéet wáaj a bine'ex tu k'íiwikil koonol	NOCHANGE
Kin manik ya'abach ba'alob tu k'íiwikil koonol	Kin manik ya'abach ba'alob tu k'íiwikil koonol	NOCHANGE
Táan in manik ja'as tu k'íiwikil koonol	Táan in manik ja'as tu k'íiwikil koonol	NOCHANGE
Mix teen kajakbalen ta wotoch	Mix teen kajakbalen ta wotoch	NOCHANGE
Táan k bin koonol merkaado	Táan k bin koonol merkaado	NOCHANGE
Tu'ux k'íiwikil koonol yaan a jóok'ol koonol	Tu'ux k'íiwikil koonol yaan a jóok'ol koonol	NOCHANGE
Kin wilikech merkaado	Kin wilikech merkaado	NOCHANGE
Máax yéetel jo'op' a bin koonol tu kúuchil báaxal	Máax yéetel jo'op' a bin koonol tu kúuchil báaxal	NOCHANGE
Ki'imak a wóol a bin merkaado	Ki'imak a wóol a bin merkaado	NOCHANGE
leti'e ku báaxal tu naajil xook	leti'e ku báaxal tu naajil xook	NOCHANGE
Yaan wáaj u báaxalo'ob tu naajil báaxal	Yaan wáaj u báaxalo'ob tu naajil báaxal	NOCHANGE
Sáansamal ka bin merkaado	Sáansamal ka bin merkaado	NOCHANGE
Táan u meyajo'ob ich kool	Táan u meyajo'ob ich kool	NOCHANGE
Yaan in manik ch'ujuko'ob tu k'íiwikil koonol	Yaan in manik ch'ujuko'ob tu k'íiwikil koonol	NOCHANGE
J-jaanen merkaado	J-jaanen merkaado	NOCHANGE
Táan k báaxal tu naajil báaxal	Táan k báaxal tu naajil báaxal	NOCHANGE
Ma' u yojel u ja'abili'	Ma' u yojel u ja'abili'	NOCHANGE
Yaan wáaj u bin koonol tu k'íiwikil koonol	Yaan wáaj u bin koonol tu k'íiwikil koonol	NOCHANGE
Tan a k'íilkabe'ex	Tan a k'íilkabe'ex	NOCHANGE
Táan u kaaxtik a wotoch	Táan u kaaxtik a wotoch	NOCHANGE
Ta meentik janal ich kool	Ta meentik janal ich kool	NOCHANGE
To'one' kek bin xíimbal ta wotoch	To'one' kek bin xíimbal ta wotoch	NOCHANGE
To'onen yaanto'on u áanalte'il k xook matemáticas	To'onen yaanto'on u áanalte'il k xook matemáticas	NOCHANGE
Suuk in suut koonol merkaado	Suuk in suut koonol merkaado	NOCHANGE
Jach k'a'abéet wáaj u bino'ob tu k'íiwikil koonol	Jach k'a'abéet wáaj u bino'ob tu k'íiwikil koonol	NOCHANGE
Leti'e' ma' jbúuli'	Leti'e' ma' jbúuli'	NOCHANGE
K'a'abéet in manik suuts' pak'áal tu k'íiwikil koonol	K'a'abéet in manik suuts' pak'áal tu k'íiwikil koonol	NOCHANGE
Yaan a bin paarkée	Yaan a bin paarkée	NOCHANGE
Tin kaxtik a najil	Tin kaxtik a najil	NOCHANGE
Jayp'éel k'iino'ob ka bine'ex merkaado	Jayp'éel k'iino'ob ka bine'ex merkaado	NOCHANGE
Ba'ax ja'abil jsíijo'ob	Ba'ax ja'abil jsíijo'ob	NOCHANGE
Ook'in u bino'ob tu koolo'ob	Ook'in u bino'ob tu koolo'ob	NOCHANGE
Ba'atelnajo'ob te' tu kúuchil báaxalo'	Ba'atelnajo'ob te' tu kúuchil báaxalo'	NOCHANGE
Jbinen áalkab te' taam paarkéeo'	Jbinen áalkab te' taam paarkéeo'	NOCHANGE
To'one' ma' jbúulo'oni'	To'one' ma' jbúulo'oni'	NOCHANGE
Ma' jach k'a'abéet a bine'ex k'íiwikil koonoli'	Ma' jach k'a'abéet a bine'ex k'íiwikil koonoli'	NOCHANGE
Táan u kaxtiko'ob a wotoch	Táan u kaxtiko'ob a wotoch	NOCHANGE
Teche' ka bin paak'áal ich kool wáaj	Teche' ka bin paak'áal ich kool wáaj	NOCHANGE
Jach wáaj k'a'abéet a bin k'íiwikil koonol	Jach wáaj k'a'abéet a bin k'íiwikil koonol	NOCHANGE
Sáansamal ku bino'ob koonol merkaado	Sáansamal ku bino'ob koonol merkaado	NOCHANGE
Yaan wáaj u báaxal tu naajil báaxal	Yaan wáaj u báaxal tu naajil báaxal	NOCHANGE
To'one' k báaxal paarkée	To'one' k báaxal paarkée	NOCHANGE
Ta manaj wáaj a najil	Ta manaj wáaj a najil	NOCHANGE
Teche' ma' jbúulechi'	Teche' ma' jbúulechi'	NOCHANGE
Táan a bine'ex ich kool	Táan a bine'ex ich kool	NOCHANGE
k'aaynajo'ob tu naajil xook	k'aaynajo'ob tu naajil xook	NOCHANGE
Teche' ajkoonolech ichil merkaado	Teche' ajkoonolech ichil merkaado	NOCHANGE
Ba'ax ja'abil jsíije'ex	Ba'ax ja'abil jsíije'ex	NOCHANGE
Ma' tin wilikech merkaado	Ma' tin wilikech merkaado	NOCHANGE
Yaan in k'aay te' paarkéeo'	Yaan in k'aay te' paarkéeo'	NOCHANGE
Teche' Yaan tech u áanalte'il a xook matemáticas	Teche' Yaan tech u áanalte'il a xook matemáticas	NOCHANGE
Ma' tin konaj in najili'	Ma' tin konaj in najili'	NOCHANGE
Ta'aytak in chukik u ja'abil	Ta'aytak in chukik u ja'abil	NOCHANGE
To'onen yaanto'on meyaj biología	To'onen yaanto'on meyaj biología	NOCHANGE
Tene' Yaan ten xook ti' español	Tene' Yaan ten xook ti' español	NOCHANGE
Te'exe' ti' a taale'exi'	Te'exe' ti' a taale'exi'	NOCHANGE
Ma' in wojel bix u k'aaba'i'	Ma' in wojel bix u k'aaba'i'	NOCHANGE
Ka'abeje' yaan in bin merkaado	Ka'abeje' yaan in bin merkaado	NOCHANGE
Ma' táan a bine'ex ich kooli'	Ma' táan a bine'ex ich kooli'	NOCHANGE
Ma' ts'oka'an a beeli'	Ma' ts'oka'an a beeli'	NOCHANGE
Ma' tan a k'íilkabe'exi'	Ma' tan a k'íilkabe'exi'	NOCHANGE
Leti'e' áak'ab wáaj ku bin merkaado	Leti'e' áak'ab wáaj ku bin merkaado	NOCHANGE
Yaan wáaj a bine'ex koonol merkaado	Yaan wáaj a bine'ex koonol merkaado	NOCHANGE
Yaan wáaj k bin koonol tu k'íiwikil koonol	Yaan wáaj k bin koonol tu k'íiwikil koonol	NOCHANGE
Táan wáaj u bin ich kool	Táan wáaj u bin ich kool	NOCHANGE
To'onen yaanto'on xook ti' español	To'onen yaanto'on xook ti' español	NOCHANGE
Ki'imak in wóol in bin ich kool	Ki'imak in wóol in bin ich kool	NOCHANGE
Ts'o'ok in manik ya'abach ba'alob tu k'íiwikil koonol	Ts'o'ok in manik ya'abach ba'alob tu k'íiwikil koonol	NOCHANGE
Jach wáaj k'a'abéet in bin merkaado	Jach wáaj k'a'abéet in bin merkaado	NOCHANGE
Ma' ts'oka'an u beelo'obi'	Ma' ts'oka'an u beelo'obi'	NOCHANGE
K'a'abéet in suut koonol merkaado	K'a'abéet in suut koonol merkaado	NOCHANGE
Tene' Yaan ten meyaj biología	Tene' Yaan ten meyaj biología	NOCHANGE
Tek k'aja'anto'on buka'aj k ja'abili'	Tek k'aja'anto'on buka'aj k ja'abili'	NOCHANGE
óok'otnajech tu naajil xook	óok'otnajech tu naajil xook	NOCHANGE
Ta núukaj buka'aj a ja'abil	Ta núukaj buka'aj a ja'abil	NOCHANGE
Te'exe' ka taale'ex paak'áal ich kool	Te'exe' ka taale'ex paak'áal ich kool	NOCHANGE
Ma' wáaj ta bine'ex merkaado	Ma' wáaj ta bine'ex merkaado	NOCHANGE
Te'exe' kajakbale'ex weye'	Te'exe' kajakbale'ex weye'	NOCHANGE
Ma' wáaj ta bin merkaado	Ma' wáaj ta bin merkaado	NOCHANGE
Káaj in suut koonol merkaado	Káaj in suut koonol merkaado	NOCHANGE
Ma' táan u bino'ob ich kooli'	Ma' táan u bino'ob ich kooli'	NOCHANGE
Yaan k báaxal tu naajil báaxal	Yaan k báaxal tu naajil báaxal	NOCHANGE
Te'exe' áak'ab ka bine'ex tu k'íiwikil koonol	Te'exe' áak'ab ka bine'ex tu k'íiwikil koonol	NOCHANGE
Máax yéetel táant a bin koonol tu kúuchil báaxale'	Máax yéetel táant a bin koonol tu kúuchil báaxale'	NOCHANGE
Ma' tu yilo'ob u sáastal tu kaajalo'obi'	Ma' tu yilo'ob u sáastal tu kaajalo'obi'	NOCHANGE
Mina'an wáaj ti'ob 17 ja'abo'ob	Mina'an wáaj ti'ob 17 ja'abo'ob	NOCHANGE
Jbinech wáaj xook te' tu kúuchil báaxalo'	Jbinech wáaj xook te' tu kúuchil báaxalo'	NOCHANGE
To'one' k jatsmajekbáaj	To'one' k jatsmajekbáaj	NOCHANGE
Ma' tan k k'íilkabi'	Ma' tan k k'íilkabi'	NOCHANGE
Leti'e' u k'aaba'e'	Leti'e' u k'aaba'e'	NOCHANGE
Jach k'a'abéet u bino'ob merkaado	Jach k'a'abéet u bino'ob merkaado	NOCHANGE
Táan u bin koonol tu k'íiwikil koonol	Táan u bin koonol tu k'íiwikil koonol	NOCHANGE
Teche' Yaan tech xook ti' español	Teche' Yaan tech xook ti' español	NOCHANGE
Ma' tu yu'ubik wáaj ooxoli'	Ma' tu yu'ubik wáaj ooxoli'	NOCHANGE
J-jaano'on merkaado	J-jaano'on merkaado	NOCHANGE
Teche' kajakbalech weye'	Teche' kajakbalech weye'	NOCHANGE
Te' k taal tu kaajil Kopomae'	Te' k taal tu kaajil Kopomae'	NOCHANGE
Leti'e' jbúulij	Leti'e' jbúulij	NOCHANGE
Yaan u xook tu naajil xook	Yaan u xook tu naajil xook	NOCHANGE
Jsa'atech te' paarkéeo'	Jsa'atech te' paarkéeo'	NOCHANGE
Ook'in a bine'ex ta koole'ex	Ook'in a bine'ex ta koole'ex	NOCHANGE
Ma' ta wu'uyik  wáaj ooxoli'	Ma' ta wu'uyik  wáaj ooxoli'	NOCHANGE
Yaan in jaantik ch'ujuko'ob tu k'íiwikil koonol	Yaan in jaantik ch'ujuko'ob tu k'íiwikil koonol	NOCHANGE
Yaan in k'a'aytik ch'ujuko'ob tu k'íiwikil koonol	Yaan in k'a'aytik ch'ujuko'ob tu k'íiwikil koonol	NOCHANGE
Mina'an wáaj ti' teen 18 ja'abo'ob	Mina'an wáaj ti' teen 18 ja'abo'ob	NOCHANGE
Teche' áak'ab ka bin merkaado	Teche' áak'ab ka bin merkaado	NOCHANGE
Leti'obe' jbino'ob yéetel u éetailo'ob tu k'íiwikil koonol	Leti'obe' jbino'ob yéetel u éetailo'ob tu k'íiwikil koonol	NOCHANGE
Ma' tin manaj in najili'	Ma' tin manaj in najili'	NOCHANGE
Táan wáaj a boone'ex xook tu naajil xook	Táan wáaj a boone'ex xook tu naajil xook	NOCHANGE
Tene' ti' kajakbalen tu yotoche'	Tene' ti' kajakbalen tu yotoche'	NOCHANGE
Ma' tin manaj u k'áaxil uti'al in kooli'	Ma' tin manaj u k'áaxil uti'al in kooli'	NOCHANGE
Táan a xooke'ex xook tu naajil xook	Táan a xooke'ex xook tu naajil xook	NOCHANGE
Táan a míistik in najil	Táan a míistik in najil	NOCHANGE
Te'exe' jbine'ex yéetel a éetailo'ob tu k'íiwikil koonol	Te'exe' jbine'ex yéetel a éetailo'ob tu k'íiwikil koonol	NOCHANGE
Tu'ux k'íiwikil koonol k'a'abéet a jóok'ol koonol	Tu'ux k'íiwikil koonol k'a'abéet a jóok'ol koonol	NOCHANGE
Leti'e' ku bin paak'áal ich kool	Leti'e' ku bin paak'áal ich kool	NOCHANGE
Táan wáaj u bin koonol tu k'íiwikil koonol	Táan wáaj u bin koonol tu k'íiwikil koonol	NOCHANGE
Jach wáaj k'a'abéet u bin merkaado	Jach wáaj k'a'abéet u bin merkaado	NOCHANGE
Ma' suuk in bin maan tu k'íiwikil koonoli'	Ma' suuk in bin maan tu k'íiwikil koonoli'	NOCHANGE
Ko'one'ex ich kool	Ko'one'ex ich kool	NOCHANGE
Jach wáaj k'a'abéet in bin k'íiwikil koonol	Jach wáaj k'a'abéet in bin k'íiwikil koonol	NOCHANGE
Ta'aytak k chukik u ja'abil	Ta'aytak k chukik u ja'abil	NOCHANGE
Ma' k ojel u ja'abili'	Ma' k ojel u ja'abili'	NOCHANGE
Ma' táan u bin ich kooli'	Ma' táan u bin ich kooli'	NOCHANGE
Ki'imak in wóol in bin merkaado	Ki'imak in wóol in bin merkaado	NOCHANGE
Táan u meyaj tu kool	Táan u meyaj tu kool	NOCHANGE
Yaan wáaj a bin paarkée	Yaan wáaj a bin paarkée	NOCHANGE
Tek núukaj buka'aj k ja'abil	Tek núukaj buka'aj k ja'abil	NOCHANGE
Teche' a jatsmajabáaj	Teche' a jatsmajabáaj	NOCHANGE
Ma' múulkajakbal tu yéeteli'	Ma' múulkajakbal tu yéeteli'	NOCHANGE
Jach k'a'abéet a bin tu k'íiwikil koonol	Jach k'a'abéet a bin tu k'íiwikil koonol	NOCHANGE
Tene' kin bin páak ich kool	Tene' kin bin páak ich kool	NOCHANGE
Káaj in bin koonol tu k'íiwikil koonol	Káaj in bin koonol tu k'íiwikil koonol	NOCHANGE
Yaan u xooko'ob tu naajil xook	Yaan u xooko'ob tu naajil xook	NOCHANGE
Ma' táan u bino'ob koonol merkaadoi'	Ma' táan u bino'ob koonol merkaadoi'	NOCHANGE
To'one' k k'aaba'e'	To'one' k k'aaba'e'	NOCHANGE
Táan wáaj a bine'ex koonol tu k'íiwikil koonol	Táan wáaj a bine'ex koonol tu k'íiwikil koonol	NOCHANGE
Bajux ta bo'otaj ka ts'íibta'abech naajil xook	Bajux ta bo'otaj ka ts'íibta'abech naajil xook	NOCHANGE
Tene' ts'oka'an wáaj in beel	Tene' ts'oka'an wáaj in beel	NOCHANGE
To'one' kek bin paak'áal ich kool	To'one' kek bin paak'áal ich kool	NOCHANGE
Yaan in bisik ch'ujuko'ob tu k'íiwikil koonol	Yaan in bisik ch'ujuko'ob tu k'íiwikil koonol	NOCHANGE
Tene' ma' jbúuleni'	Tene' ma' jbúuleni'	NOCHANGE
Leti'e' ajkoonol	Leti'e' ajkoonol	NOCHANGE
Ta'aytak a chukike'ex u ja'abil	Ta'aytak a chukike'ex u ja'abil	NOCHANGE
Ma k'aja'anten buka'aj in ja'abili'	Ma k'aja'anten buka'aj in ja'abili'	NOCHANGE
Jbinech yéetel a éetailo'ob tu k'íiwikil koonol	Jbinech yéetel a éetailo'ob tu k'íiwikil koonol	NOCHANGE
To'one' kajakbalo'on weye'	To'one' kajakbalo'on weye'	NOCHANGE
To'one' ti' k taali'	To'one' ti' k taali'	NOCHANGE
Yaan k suut tu naajil xook	Yaan k suut tu naajil xook	NOCHANGE
Leti'o'obe' ku yu'ubiko'ob ooxol	Leti'o'obe' ku yu'ubiko'ob ooxol	NOCHANGE
Jsa'atech wáaj te' paarkéeo'	Jsa'atech wáaj te' paarkéeo'	NOCHANGE
Táan wáaj u báaxalo'ob tu naajil báaxal	Táan wáaj u báaxalo'ob tu naajil báaxal	NOCHANGE
Táant in manik ch'ujuk pak'áal tu k'íiwikil koonole'	Táant in manik ch'ujuk pak'áal tu k'íiwikil koonole'	NOCHANGE
Táan u suuto'ob tu naajil xook	Táan u suuto'ob tu naajil xook	NOCHANGE
To'one' áak'ab wáaj kek bin merkaado	To'one' áak'ab wáaj kek bin merkaado	NOCHANGE
Sáansamal ka bine'ex merkaado	Sáansamal ka bine'ex merkaado	NOCHANGE
Jbine'ex yéetel a éetailo'ob merkaado	Jbine'ex yéetel a éetailo'ob merkaado	NOCHANGE
Teche' jbúulech	Teche' jbúulech	NOCHANGE
Jbinen yéetel in éetailo'ob tu k'íiwikil koonol	Jbinen yéetel in éetailo'ob tu k'íiwikil koonol	NOCHANGE
Leti'e' ma' táan u bin koonol tu k'íiwikil koonoli'	Leti'e' ma' táan u bin koonol tu k'íiwikil koonoli'	NOCHANGE
Sáansamal ku bin merkaado	Sáansamal ku bin merkaado	NOCHANGE
Ma' tu yilaj u sáastal tu kaajali'	Ma' tu yilaj u sáastal tu kaajali'	NOCHANGE
Suuk in manik ya'abach ba'alob tu k'íiwikil koonol	Suuk in manik ya'abach ba'alob tu k'íiwikil koonol	NOCHANGE
To'one' ti' kajakbalo'on tu yotoche'	To'one' ti' kajakbalo'on tu yotoche'	NOCHANGE
Yaan wáaj in bin ich kool	Yaan wáaj in bin ich kool	NOCHANGE
Ma' wáaj jach k'a'abéet u bin merkaadoi'	Ma' wáaj jach k'a'abéet u bin merkaadoi'	NOCHANGE
Táan wáaj a bin ich kool	Táan wáaj a bin ich kool	NOCHANGE
Káaj in manik ya'abach ba'alob tu k'íiwikil koonol	Káaj in manik ya'abach ba'alob tu k'íiwikil koonol	NOCHANGE
Jach k'a'abéet in bin tu k'íiwikil koonol	Jach k'a'abéet in bin tu k'íiwikil koonol	NOCHANGE
Ma' k'aja'antech buka'aj a ja'abili'	Ma' k'aja'antech buka'aj a ja'abili'	NOCHANGE
Táan a suute'ex xook tu naajil xook	Táan a suute'ex xook tu naajil xook	NOCHANGE
A wojel wáaj tu'ux u taal	A wojel wáaj tu'ux u taal	NOCHANGE
Táan wáaj k bin koonol tu k'íiwikil koonol	Táan wáaj k bin koonol tu k'íiwikil koonol	NOCHANGE
Yaan wáaj u bino'ob ich kool	Yaan wáaj u bino'ob ich kool	NOCHANGE
Tu'ux k'íiwikil koonol káaj a jóok'ol koonol	Tu'ux k'íiwikil koonol káaj a jóok'ol koonol	NOCHANGE
To'one' ts'oka'an wáaj k beel	To'one' ts'oka'an wáaj k beel	NOCHANGE
Leti'obe' ti' kajakbalo'ob tu yotoche'	Leti'obe' ti' kajakbalo'ob tu yotoche'	NOCHANGE
Te'exe' jbúule'ex	Te'exe' jbúule'ex	NOCHANGE
Jweeno'ob ich kool	Jweeno'ob ich kool	NOCHANGE
Teche' ka bin paak'áal ich kool	Teche' ka bin paak'áal ich kool	NOCHANGE
Tu yilaj wáaj u sáastal tu kaajal	Tu yilaj wáaj u sáastal tu kaajal	NOCHANGE
Ook'in a bin ich kool	Ook'in a bin ich kool	NOCHANGE
Teche' ti' a taali'	Teche' ti' a taali'	NOCHANGE
Ma' k'aja'ante'ex buka'aj a ja'abile'exi'	Ma' k'aja'ante'ex buka'aj a ja'abile'exi'	NOCHANGE
Ma' wáaj tu bin merkaado	Ma' wáaj tu bin merkaado	NOCHANGE
Tene' ajkoonolen	Tene' ajkoonolen	NOCHANGE
Táan in meyaj ich kool	Táan in meyaj ich kool	NOCHANGE
Ta'aytak u chukiko'ob u ja'abil	Ta'aytak u chukiko'ob u ja'abil	NOCHANGE
Suuk in bin koonol tu k'íiwikil koonol	Suuk in bin koonol tu k'íiwikil koonol	NOCHANGE
Ma' k'a'abéet wáaj in bin tu k'íiwikil koonoli'	Ma' k'a'abéet wáaj in bin tu k'íiwikil koonoli'	NOCHANGE
Mix teech kajakbalech ta wotoch	Mix teech kajakbalech ta wotoch	NOCHANGE
Táan wáaj a bin koonol merkaado	Táan wáaj a bin koonol merkaado	NOCHANGE
Yaan k xook tu naajil xook	Yaan k xook tu naajil xook	NOCHANGE
Jach wáaj k'a'abéet u bino'ob merkaado	Jach wáaj k'a'abéet u bino'ob merkaado	NOCHANGE
Kin wilike'ex merkaado	Kin wilike'ex merkaado	NOCHANGE
Yaan a boone'ex xook tu naajil xook	Yaan a boone'ex xook tu naajil xook	NOCHANGE
Tene' wáaj áak'ab kin bin merkaado	Tene' wáaj áak'ab kin bin merkaado	NOCHANGE
Tin manaj u k'áaxil uti'al in beetik in kool	Tin manaj u k'áaxil uti'al in beetik in kool	NOCHANGE
Yaan in manik ya'abach ba'alob tu k'íiwikil koonol	Yaan in manik ya'abach ba'alob tu k'íiwikil koonol	NOCHANGE
Tu'ux kajakbal	Tu'ux kajakbal	NOCHANGE
Leti'e' áak'ab ku bin merkaado	Leti'e' áak'ab ku bin merkaado	NOCHANGE
Yaan in jochik chak nal tin kool	Yaan in jochik chak nal tin kool	NOCHANGE
Ma' jach k'a'abéet wáaj a bine'ex k'íiwikil koonoli'	Ma' jach k'a'abéet wáaj a bine'ex k'íiwikil koonoli'	NOCHANGE
Yaan a suut tu naajil xook	Yaan a suut tu naajil xook	NOCHANGE
k ilaj wáaj u sáastal k kaajal	k ilaj wáaj u sáastal k kaajal	NOCHANGE
Ts'o'ok in bin koonol tu k'íiwikil koonol	Ts'o'ok in bin koonol tu k'íiwikil koonol	NOCHANGE
Tan a k'íilkab	Tan a k'íilkab	NOCHANGE
Leti'e' ti' kajakbal tu yotoche'	Leti'e' ti' kajakbal tu yotoche'	NOCHANGE
Tene' kin bin paak'áal ich kool	Tene' kin bin paak'áal ich kool	NOCHANGE
Táan u boon tu naajil xook	Táan u boon tu naajil xook	NOCHANGE
Yaan wáaj k báaxal tu naajil báaxal	Yaan wáaj k báaxal tu naajil báaxal	NOCHANGE
Ma' a wojel u ja'abili'	Ma' a wojel u ja'abili'	NOCHANGE
Táan u bino'ob ich kool	Táan u bino'ob ich kool	NOCHANGE
Ma' jach k'a'abéet in bin merkaadoi'	Ma' jach k'a'abéet in bin merkaadoi'	NOCHANGE
Yaan in báaxal tu naajil báaxal	Yaan in báaxal tu naajil báaxal	NOCHANGE
Táant in manik ya'abach ba'alo'ob tu k'íiwikil koonole'	Táant in manik ya'abach ba'alo'ob tu k'íiwikil koonole'	NOCHANGE
Ki'imak u yóolo'ob u bino'ob tu koolo'ob	Ki'imak u yóolo'ob u bino'ob tu koolo'ob	NOCHANGE
Táan a báaxal tu naajil báaxal	Táan a báaxal tu naajil báaxal	NOCHANGE
Ma' k'a'abéet in bin maan tu k'íiwikil koonoli'	Ma' k'a'abéet in bin maan tu k'íiwikil koonoli'	NOCHANGE
Yaan u suut tu naajil xook	Yaan u suut tu naajil xook	NOCHANGE
Leti'e' ku bin páak ich kool	Leti'e' ku bin páak ich kool	NOCHANGE
Ta manaj a najil	Ta manaj a najil	NOCHANGE
Ma' wáaj tu bino'ob merkaado	Ma' wáaj tu bino'ob merkaado	NOCHANGE
Ma' ta wu'uyik ooxoli'	Ma' ta wu'uyik ooxoli'	NOCHANGE
Te'exe' ka wu'uyike'ex wáaj ooxol	Te'exe' ka wu'uyike'ex wáaj ooxol	NOCHANGE
Yaan wáaj k bin koonol merkaado	Yaan wáaj k bin koonol merkaado	NOCHANGE
Yaan wáaj a manik a najil	Yaan wáaj a manik a najil	NOCHANGE
To'one' ma' áak'ab wáaj k bin tu k'íiwikil koonoli'	To'one' ma' áak'ab wáaj k bin tu k'íiwikil koonoli'	NOCHANGE
Ma' wáaj jach k'a'abéet in bin merkaadoi'	Ma' wáaj jach k'a'abéet in bin merkaadoi'	NOCHANGE
Ma' táan a bin koonol tu k'íiwikil koonol	Ma' táan a bin koonol tu k'íiwikil koonol	NOCHANGE
Te'exe' ti' kajakbale'ex tu yotoche'	Te'exe' ti' kajakbale'ex tu yotoche'	NOCHANGE
K'a'abéet wáaj in jóok'ol koonol tu k'íiwikil koonol	K'a'abéet wáaj in jóok'ol koonol tu k'íiwikil koonol	NOCHANGE
Tene' kin báaxal tu naajil xook	Tene' kin báaxal tu naajil xook	NOCHANGE
Tene' jbúulen	Tene' jbúulen	NOCHANGE
Yaan wáaj a báaxal tu naajil báaxal	Yaan wáaj a báaxal tu naajil báaxal	NOCHANGE
Ma' ts'oka'an k beeli'	Ma' ts'oka'an k beeli'	NOCHANGE
Teche' a k'aaba'e'	Teche' a k'aaba'e'	NOCHANGE
Ma' táan a bine'ex koonol tu k'íiwikil koonol	Ma' táan a bine'ex koonol tu k'íiwikil koonol	NOCHANGE
Ma' táan k bin koonol tu k'íiwikil koonol	Ma' táan k bin koonol tu k'íiwikil koonol	NOCHANGE
ku yu'ubik wáaj ooxol	ku yu'ubik wáaj ooxol	NOCHANGE
Táan in xook tu naajil xook	Táan in xook tu naajil xook	NOCHANGE
Jbino'ob yéetel u éetailo'ob merkaado	Jbino'ob yéetel u éetailo'ob merkaado	NOCHANGE
Táan u báaxalo'ob tu naajil báaxal	Táan u báaxalo'ob tu naajil báaxal	NOCHANGE
Kin wilikech te' tu kúuchil báaxalo'	Kin wilikech te' tu kúuchil báaxalo'	NOCHANGE
Ma' táan ek bin ich kooli'	Ma' táan ek bin ich kooli'	NOCHANGE
Leti'o'obe' bino'ob áalkab te' taam paarkéeo'	Leti'o'obe' bino'ob áalkab te' taam paarkéeo'	NOCHANGE
kin ts'íib tu naajil xook	kin ts'íib tu naajil xook	NOCHANGE
Ook'in a bin tu k'íiwikil koonol	Ook'in a bin tu k'íiwikil koonol	NOCHANGE
Kin manik nikte'ob tu k'íiwikil koonol	Kin manik nikte'ob tu k'íiwikil koonol	NOCHANGE
Táan k xook tu naajil xook	Táan k xook tu naajil xook	NOCHANGE
Leti'e' ma' jbúul wáaj	Leti'e' ma' jbúul wáaj	NOCHANGE
Ba'ax ja'abil jsíijen	Ba'ax ja'abil jsíijen	NOCHANGE
Ta míistik in najil	Ta míistik in najil	NOCHANGE
Tu'ux kajakbalen	Tu'ux kajakbalen	NOCHANGE
Tu yilo'ob wáaj u sáastal tu kaajalo'ob	Tu yilo'ob wáaj u sáastal tu kaajalo'ob	NOCHANGE
Táan wáaj k boon tu naajil xook	Táan wáaj k boon tu naajil xook	NOCHANGE
Ka'abeje' yaan a bin koonol	Ka'abeje' yaan a bin koonol	NOCHANGE
Táan wáaj a xooke'ex xook tu naajil xook	Táan wáaj a xooke'ex xook tu naajil xook	NOCHANGE
Je'el in bin koonol tu k'íiwikil koonole'	Je'el in bin koonol tu k'íiwikil koonole'	NOCHANGE
óok'otnajen tu naajil xook	óok'otnajen tu naajil xook	NOCHANGE
Leti'obe' ts'oka'an wáaj u beelo'ob	Leti'obe' ts'oka'an wáaj u beelo'ob	NOCHANGE
J-jaane'ex merkaado	J-jaane'ex merkaado	NOCHANGE
Táan a meyaj ich kool	Táan a meyaj ich kool	NOCHANGE
Táan a boone'ex xook tu naajil xook	Táan a boone'ex xook tu naajil xook	NOCHANGE
ka ts'íibe'ex tu naajil xook	ka ts'íibe'ex tu naajil xook	NOCHANGE
Bix a k'aaba'	Bix a k'aaba'	NOCHANGE
Ts'o'ok wáaj in jóok'ol koonol tu k'íiwikil koonol	Ts'o'ok wáaj in jóok'ol koonol tu k'íiwikil koonol	NOCHANGE
Táan u bin tu kool	Táan u bin tu kool	NOCHANGE
Teche' ma' ta bin xíimbal tu yotochi'	Teche' ma' ta bin xíimbal tu yotochi'	NOCHANGE
Ma' táan in bin maan tu k'íiwikil koonoli'	Ma' táan in bin maan tu k'íiwikil koonoli'	NOCHANGE
Leti'e' ma' áak'ab wáaj ku bin tu k'íiwikil koonoli'	Leti'e' ma' áak'ab wáaj ku bin tu k'íiwikil koonoli'	NOCHANGE
Ma' k a'alik u k'aaba'	Ma' k a'alik u k'aaba'	NOCHANGE
Kin jóok'ol wáaj koonol tu k'íiwikil koonol	Kin jóok'ol wáaj koonol tu k'íiwikil koonol	NOCHANGE
Te'exe' ka bine'ex páak tu kool	Te'exe' ka bine'ex páak tu kool	NOCHANGE
Mix te'ex kajakbale'ex ta wotoch	Mix te'ex kajakbale'ex ta wotoch	NOCHANGE
Ma' tan u k'íilkabo'obi'	Ma' tan u k'íilkabo'obi'	NOCHANGE
Yaan a xook tu naajil xook	Yaan a xook tu naajil xook	NOCHANGE
Yaan in wilikech te' tu kúuchil báaxalo'	Yaan in wilikech te' tu kúuchil báaxalo'	NOCHANGE
Ta manaj a wotoch	Ta manaj a wotoch	NOCHANGE
Táan wáaj a bine'ex koonol merkaado	Táan wáaj a bine'ex koonol merkaado	NOCHANGE
Ma' ta wile'ex u sáastal ta kaajale'exi'	Ma' ta wile'ex u sáastal ta kaajale'exi'	NOCHANGE
Te'exe' ts'oka'an wáaj a beele'ex	Te'exe' ts'oka'an wáaj a beele'ex	NOCHANGE
Táan wáaj k xook tu naajil xook	Táan wáaj k xook tu naajil xook	NOCHANGE
To'onen yaanto'on wáaj meyaj ti' biología	To'onen yaanto'on wáaj meyaj ti' biología	NOCHANGE
Te' u taalo'ob tu kaajil Kopomae'	Te' u taalo'ob tu kaajil Kopomae'	NOCHANGE
Táan in kaaxtik a wotoch	Táan in kaaxtik a wotoch	NOCHANGE
Ma' wáaj jach k'a'abéet u bin tu kooli'	Ma' wáaj jach k'a'abéet u bin tu kooli'	NOCHANGE
Te'exe' ka báaxale'ex paarkée	Te'exe' ka báaxale'ex paarkée	NOCHANGE
Táan a báaxale'ex báaxal tu naajil báaxal	Táan a báaxale'ex báaxal tu naajil báaxal	NOCHANGE
Mix leti' kajakbal ta wotoch	Mix leti' kajakbal ta wotoch	NOCHANGE
Yaan u boon tu naajil xook	Yaan u boon tu naajil xook	NOCHANGE
Jbinech yéetel a éetailo'ob janal ich kool	Jbinech yéetel a éetailo'ob janal ich kool	NOCHANGE
Ma' ti' u taalo'obi'	Ma' ti' u taalo'obi'	NOCHANGE
Ma' tin wiliko'ob tu k'íiwikil koonol	Ma' tin wiliko'ob tu k'íiwikil koonol	NOCHANGE
ma'alob jk'a'amiken tu naajil xook	ma'alob jk'a'amiken tu naajil xook	NOCHANGE
k'a'abéet in bin koonol tu k'íiwikil koonol	k'a'abéet in bin koonol tu k'íiwikil koonol	NOCHANGE
To'one' áak'ab kek bin merkaado	To'one' áak'ab kek bin merkaado	NOCHANGE
Ma' u ya'alik u k'aaba'	Ma' u ya'alik u k'aaba'	NOCHANGE
Leti'e' ti' u taali'	Leti'e' ti' u taali'	NOCHANGE
Táan a meyaje'ex ich kool	Táan a meyaje'ex ich kool	NOCHANGE
Teche' ka báaxal paarkée	Teche' ka báaxal paarkée	NOCHANGE
Tu'ux kajakbalo'on	Tu'ux kajakbalo'on	NOCHANGE
Ma' a wojele'ex u ja'abili'	Ma' a wojele'ex u ja'abili'	NOCHANGE
Leti'obe' táan u bino'ob koonol tu k'íiwikil koonol	Leti'obe' táan u bino'ob koonol tu k'íiwikil koonol	NOCHANGE
ma' ma'alob jk'a'amiken naajil xooki'	ma' ma'alob jk'a'amiken naajil xooki'	NOCHANGE
Leti'e' áak'ab wáaj ku bin tu k'íiwikil koonol	Leti'e' áak'ab wáaj ku bin tu k'íiwikil koonol	NOCHANGE
Je'el in suut koonol merkaado	Je'el in suut koonol merkaado	NOCHANGE
Táan a xook tu naajil xook	Táan a xook tu naajil xook	NOCHANGE
Te'exe' bine'ex áalkab te' taam paarkéeo'	Te'exe' bine'ex áalkab te' taam paarkéeo'	NOCHANGE
Táan wáaj a báaxal tu naajil báaxal	Táan wáaj a báaxal tu naajil báaxal	NOCHANGE
Yaan a báaxal tu naajil báaxal	Yaan a báaxal tu naajil báaxal	NOCHANGE
Jach k'a'abéet in bin ich kool	Jach k'a'abéet in bin ich kool	NOCHANGE
Táan k bin koonol tu k'íiwikil koonol	Táan k bin koonol tu k'íiwikil koonol	NOCHANGE
Ook'in in bin ich kool	Ook'in in bin ich kool	NOCHANGE
Ko'ox ich kool	Ko'ox ich kool	NOCHANGE
Te' a taale'ex tu kaajil Kopomae'	Te' a taale'ex tu kaajil Kopomae'	NOCHANGE
Ta míistaj wáaj a wotoch	Ta míistaj wáaj a wotoch	NOCHANGE
Yaan wáaj u bino'ob koonol merkaado	Yaan wáaj u bino'ob koonol merkaado	NOCHANGE
Teche' ma' táan a bin paak'áal tu kool	Teche' ma' táan a bin paak'áal tu kool	NOCHANGE
Ma' jach k'a'abéet u bino'ob tu k'íiwikil koonoli'	Ma' jach k'a'abéet u bino'ob tu k'íiwikil koonoli'	NOCHANGE
ka ts'íib tu naajil xook	ka ts'íib tu naajil xook	NOCHANGE
Yaan wáaj a bine'ex ich kool	Yaan wáaj a bine'ex ich kool	NOCHANGE
Máax yéetel suuk a bin koonol tu kúuchil báaxal	Máax yéetel suuk a bin koonol tu kúuchil báaxal	NOCHANGE
Tan in k'íilkab	Tan in k'íilkab	NOCHANGE
Táan in suut tu naajil xook	Táan in suut tu naajil xook	NOCHANGE
Mix tu manik u najil	Mix tu manik u najil	NOCHANGE
Jbinech yéetel a éetailo'ob merkaado	Jbinech yéetel a éetailo'ob merkaado	NOCHANGE
Yaan wáaj u xooko'ob tu naajil xook	Yaan wáaj u xooko'ob tu naajil xook	NOCHANGE
Taak in wilikech te' tu kúuchil báaxalo'	Taak in wilikech te' tu kúuchil báaxalo'	NOCHANGE
Tan k kaxtik a najil	Tan k kaxtik a najil	NOCHANGE
Ma' kajakbale'ex tin wotochi'	Ma' kajakbale'ex tin wotochi'	NOCHANGE
Máax yéetel je'el a bin koonol tu kúuchil báaxale'	Máax yéetel je'el a bin koonol tu kúuchil báaxale'	NOCHANGE
Teche' ka bin páak ich kool	Teche' ka bin páak ich kool	NOCHANGE
Jweenech ich kool	Jweenech ich kool	NOCHANGE
Teche' ts'oka'an wáaj a beel	Teche' ts'oka'an wáaj a beel	NOCHANGE
Jayp'éel k'iino'ob ku bin tu k'íiwikil koonol	Jayp'éel k'iino'ob ku bin tu k'íiwikil koonol	NOCHANGE
Tene' áak'ab kin bin merkaado	Tene' áak'ab kin bin merkaado	NOCHANGE
Táan wáaj u báaxal tu naajil báaxal	Táan wáaj u báaxal tu naajil báaxal	NOCHANGE
Tene' ajkoonolen ichil merkaado	Tene' ajkoonolen ichil merkaado	NOCHANGE
Mina'anten 18 ja'abo'ob	Mina'anten 18 ja'abo'ob	NOCHANGE
Táan a boon tu naajil xook	Táan a boon tu naajil xook	NOCHANGE
Ma' tan a k'íilkabi'	Ma' tan a k'íilkabi'	NOCHANGE
Ma' taak in bin maan tu k'íiwikil koonoli'	Ma' taak in bin maan tu k'íiwikil koonoli'	NOCHANGE
Te' a taal tu kaajil Kopomae'	Te' a taal tu kaajil Kopomae'	NOCHANGE
Yaan ek jochik chak nal tek kool	Yaan ek jochik chak nal tek kool	NOCHANGE
Yaan wáaj in jóok'ol koonol tu k'íiwikil koonol	Yaan wáaj in jóok'ol koonol tu k'íiwikil koonol	NOCHANGE
Ta manaj wáaj a wotoch	Ta manaj wáaj a wotoch	NOCHANGE
K'a'abéet in wilikech te' tu kúuchil báaxalo'	K'a'abéet in wilikech te' tu kúuchil báaxalo'	NOCHANGE
To'one' ti' in taalo'oni'	To'one' ti' in taalo'oni'	NOCHANGE
Jach k'a'abéet u bino'ob tu k'íiwikil koonol	Jach k'a'abéet u bino'ob tu k'íiwikil koonol	NOCHANGE
Ma' in wa'alik u k'aaba'	Ma' in wa'alik u k'aaba'	NOCHANGE
Yaan u báaxal tu naajil báaxal	Yaan u báaxal tu naajil báaxal	NOCHANGE
Yaan wáaj in k'aay te' paarkéeo'	Yaan wáaj in k'aay te' paarkéeo'	NOCHANGE
Táan k boon tu naajil xook	Táan k boon tu naajil xook	NOCHANGE
Máax yéetel ts'o'ok a bin koonol tu kúuchil báaxal	Máax yéetel ts'o'ok a bin koonol tu kúuchil báaxal	NOCHANGE
Táant in suut koonol merkaadoe'	Táant in suut koonol merkaadoe'	NOCHANGE
Táan in boon tu naajil xook	Táan in boon tu naajil xook	NOCHANGE
Táan a bin koonol merkaado	Táan a bin koonol merkaado	NOCHANGE
Ma' káaj in bin maan tu k'íiwikil koonoli'	Ma' káaj in bin maan tu k'íiwikil koonoli'	NOCHANGE
Leti'e' áak'ab ku bin tu k'íiwikil koonol	Leti'e' áak'ab ku bin tu k'íiwikil koonol	NOCHANGE
Kin in suut koonol merkaado	Kin in suut koonol merkaado	NOCHANGE
K'a'abéet in manik ya'abach ba'alob tu k'íiwikil koonol	K'a'abéet in manik ya'abach ba'alob tu k'íiwikil koonol	NOCHANGE
Táan ek kaxtik a najil	Táan ek kaxtik a najil	NOCHANGE
Ma' tin konaj u k'áaxil in kooli'	Ma' tin konaj u k'áaxil in kooli'	NOCHANGE
Te'exe' táan a bine'ex koonol tu k'íiwikil koonol	Te'exe' táan a bine'ex koonol tu k'íiwikil koonol	NOCHANGE
Jaypéel k'iino'ob ka bin tu k'íiwikil koonol	Jaypéel k'iino'ob ka bin tu k'íiwikil koonol	NOCHANGE
Tu u yojel u ja'abili'	Tu u yojel u ja'abili'	NOCHANGE
Táan wáaj a bine'ex ich kool	Táan wáaj a bine'ex ich kool	NOCHANGE
Tan k k'íilkab	Tan k k'íilkab	NOCHANGE
Jayp'éel k'iino'ob ku bin merkaado	Jayp'éel k'iino'ob ku bin merkaado	NOCHANGE
Ma' tek u'uyik wáaj ooxoli'	Ma' tek u'uyik wáaj ooxoli'	NOCHANGE
Táan wáaj a boon tu naajil xook	Táan wáaj a boon tu naajil xook	NOCHANGE
Leti'e' ma' wáaj áak'ab ku bin merkaadoi'	Leti'e' ma' wáaj áak'ab ku bin merkaadoi'	NOCHANGE
Ma' tu yu'ubiko'ob ooxoli'	Ma' tu yu'ubiko'ob ooxoli'	NOCHANGE
Jbinen yéetel in éetailo'ob merkaado	Jbinen yéetel in éetailo'ob merkaado	NOCHANGE
Mix leti'ob kajakbalo'ob ta wotoch	Mix leti'ob kajakbalo'ob ta wotoch	NOCHANGE
Táan wáaj u bino'ob ich kool	Táan wáaj u bino'ob ich kool	NOCHANGE
Teche' ka báaxal tu naajil xook	Teche' ka báaxal tu naajil xook	NOCHANGE
Táan wáaj a bin koonol tu k'íiwikil koonol	Táan wáaj a bin koonol tu k'íiwikil koonol	NOCHANGE
Yaan wáaj a báaxale'ex báaxal tu naajil báaxal	Yaan wáaj a báaxale'ex báaxal tu naajil báaxal	NOCHANGE
Jweenen merkaado	Jweenen merkaado	NOCHANGE
Te'exe' ma' wáaj áak'ab ka bine'ex merkaadoi'	Te'exe' ma' wáaj áak'ab ka bine'ex merkaadoi'	NOCHANGE
To'one' jbúulo'on wáaj	To'one' jbúulo'on wáaj	NOCHANGE
Te'exe' a k'aaba'exe'	Te'exe' a k'aaba'exe'	NOCHANGE
Tene' áak'ab kin bin tu k'íiwikil koonol	Tene' áak'ab kin bin tu k'íiwikil koonol	NOCHANGE
Leti'e' ajkoonol ichil merkaado	Leti'e' ajkoonol ichil merkaado	NOCHANGE
Ma' tan in k'íilkabi'	Ma' tan in k'íilkabi'	NOCHANGE
Ma' ta wiliken merkaado	Ma' ta wiliken merkaado	NOCHANGE
Yaan wáaj u bino'ob koonol tu k'íiwikil koonol	Yaan wáaj u bino'ob koonol tu k'íiwikil koonol	NOCHANGE
Jayp'éel k'iino'ob ka bine'ex tu k'íiwikil koonol	Jayp'éel k'iino'ob ka bine'ex tu k'íiwikil koonol	NOCHANGE
Yaan wáaj k xook tu naajil xook	Yaan wáaj k xook tu naajil xook	NOCHANGE
Te'exe' yaante'ex wáaj meyaj ti' biología	Te'exe' yaante'ex wáaj meyaj ti' biología	NOCHANGE
Yaan in suut koonol merkaado	Yaan in suut koonol merkaado	NOCHANGE
Ta konaj wáaj a wotoch	Ta konaj wáaj a wotoch	NOCHANGE
Ta'aytak a chukik u ja'abil	Ta'aytak a chukik u ja'abil	NOCHANGE
Ma' tu yu'ubiko'ob wáaj ooxoli'	Ma' tu yu'ubiko'ob wáaj ooxoli'	NOCHANGE
Tene' in jatsmajimbáaj	Tene' in jatsmajimbáaj	NOCHANGE
Leti'e' ku bin xíimbal ta wotoch	Leti'e' ku bin xíimbal ta wotoch	NOCHANGE
Jach k'a'abéet a bine'ex tu k'íiwikil koonol	Jach k'a'abéet a bine'ex tu k'íiwikil koonol	NOCHANGE
Táan u kaxtik a najil	Táan u kaxtik a najil	NOCHANGE
k'aaynajen tu naajil xook	k'aaynajen tu naajil xook	NOCHANGE
Ma' jach k'a'abéet in bin tu k'íiwikil koonoli'	Ma' jach k'a'abéet in bin tu k'íiwikil koonoli'	NOCHANGE
Ma' tin manaj in wotochi'	Ma' tin manaj in wotochi'	NOCHANGE
Yaan u boono'ob tu naajil xook	Yaan u boono'ob tu naajil xook	NOCHANGE
Suuk in wilikech te' tu kúuchil báaxalo'	Suuk in wilikech te' tu kúuchil báaxalo'	NOCHANGE
Taak in manik ya'abach ba'alo'ob tu k'íiwikil koonol	Taak in manik ya'abach ba'alo'ob tu k'íiwikil koonol	NOCHANGE
Ma' ta wu'uyike'ex wáaj ooxoli'	Ma' ta wu'uyike'ex wáaj ooxoli'	NOCHANGE
Ma' wáaj u chuko'ob u ja'abili'	Ma' wáaj u chuko'ob u ja'abili'	NOCHANGE
Jach k'a'abéet a bine'ex merkaado	Jach k'a'abéet a bine'ex merkaado	NOCHANGE
Tene' kajakbalen weye'	Tene' kajakbalen weye'	NOCHANGE
Ta manaj u k'áaxil a beetik a kool	Ta manaj u k'áaxil a beetik a kool	NOCHANGE
Yaan wáaj u bin ich kool	Yaan wáaj u bin ich kool	NOCHANGE
Yaan u jochiko'ob chak nal tu koolo'ob	Yaan u jochiko'ob chak nal tu koolo'ob	NOCHANGE
Táan in manik ya'abach ba'alob tu k'íiwikil koonol	Táan in manik ya'abach ba'alob tu k'íiwikil koonol	NOCHANGE
Te'exe' ma' jbúule'ex wáaj	Te'exe' ma' jbúule'ex wáaj	NOCHANGE
Te' u taal tu kaajil Kopomae'	Te' u taal tu kaajil Kopomae'	NOCHANGE
Jach k'a'abéet u bin tu kool	Jach k'a'abéet u bin tu kool	NOCHANGE
Teche' Yaan tech meyaj biología	Teche' Yaan tech meyaj biología	NOCHANGE
Táan wáaj u xook tu naajil xook	Táan wáaj u xook tu naajil xook	NOCHANGE
Ka'abeje' yaan u bino'ob koonol merkaado	Ka'abeje' yaan u bino'ob koonol merkaado	NOCHANGE
Yaan wáaj u xook tu naajil xook	Yaan wáaj u xook tu naajil xook	NOCHANGE
Leti'e' u jatsmajubáaj	Leti'e' u jatsmajubáaj	NOCHANGE
Ma' táan k bin koonol merkaadoi'	Ma' táan k bin koonol merkaadoi'	NOCHANGE
Yaan wáaj in bin koonol merkaado	Yaan wáaj in bin koonol merkaado	NOCHANGE
J-jaanech merkaado	J-jaanech merkaado	NOCHANGE
Yaan in xook tu naajil xook	Yaan in xook tu naajil xook	NOCHANGE
Ma' k'aja'anto'on buka'aj k ja'abili'	Ma' k'aja'anto'on buka'aj k ja'abili'	NOCHANGE
Tin konaj u k'áaxil in kool	Tin konaj u k'áaxil in kool	NOCHANGE
Te'exe' ma' jbúule'exi'	Te'exe' ma' jbúule'exi'	NOCHANGE
Jach k'a'abéet u bin merkaado	Jach k'a'abéet u bin merkaado	NOCHANGE
Yaan a xooke'ex xook tu naajil xook	Yaan a xooke'ex xook tu naajil xook	NOCHANGE
Leti'e' yaan xook ti' español	Leti'e' yaan xook ti' español	NOCHANGE
Ts'oka'an wáaj in beel	Ts'oka'an wáaj in beel	NOCHANGE
Leti'e' múul kajakbal tek éetel wáaj	Leti'e' múul kajakbal tek éetel wáaj	NOCHANGE
Ook'in a bine'ex k'íiwikil koonol	Ook'in a bine'ex k'íiwikil koonol	NOCHANGE
Tin míistik in najil	Tin míistik in najil	NOCHANGE
Jbinen xook te' tu kúuchil báaxalo'	Jbinen xook te' tu kúuchil báaxalo'	NOCHANGE
Ts'o'ok in suut koonol merkaado	Ts'o'ok in suut koonol merkaado	NOCHANGE
Leti'e' ma' táan u bin koonol tu k'íiwikil koonol	Leti'e' ma' táan u bin koonol tu k'íiwikil koonol	NOCHANGE
Yaan in boon tu naajil xook	Yaan in boon tu naajil xook	NOCHANGE
Tin konaj in najil	Tin konaj in najil	NOCHANGE
Te'exe' yaante'ex xook ti' español	Te'exe' yaante'ex xook ti' español	NOCHANGE
Táan wáaj k bin koonol merkaado	Táan wáaj k bin koonol merkaado	NOCHANGE
Táan wáaj a báaxale'ex báaxal tu naajil báaxal	Táan wáaj a báaxale'ex báaxal tu naajil báaxal	NOCHANGE
Ta wilaj wáaj u sáastal ta kaajal	Ta wilaj wáaj u sáastal ta kaajal	NOCHANGE
Ook'in a bine'ex merkaado	Ook'in a bine'ex merkaado	NOCHANGE
To'one' ajkoonolo'on	To'one' ajkoonolo'on	NOCHANGE
To'one kek bin páak ich kool	To'one kek bin páak ich kool	NOCHANGE
Ma' u ya'aliko'ob u k'aaba'	Ma' u ya'aliko'ob u k'aaba'	NOCHANGE
K'aaynajech tu naajil xook	K'aaynajech tu naajil xook	NOCHANGE
Leti'e' bin áalkab te' taam paarkéeo'	Leti'e' bin áalkab te' taam paarkéeo'	NOCHANGE
Ook'in u bino'ob merkaado	Ook'in u bino'ob merkaado	NOCHANGE
Sáansamal kin bin merkaado	Sáansamal kin bin merkaado	NOCHANGE
Ma' k'aja'anti'ob buka'aj u ja'abilo'obi'	Ma' k'aja'anti'ob buka'aj u ja'abilo'obi'	NOCHANGE
Ma' ts'oka'an a beele'exi'	Ma' ts'oka'an a beele'exi'	NOCHANGE
Ma' kajakbalo'on tin wotochi'	Ma' kajakbalo'on tin wotochi'	NOCHANGE
Te'exe' jbúule'ex wáaj	Te'exe' jbúule'ex wáaj	NOCHANGE
Yaan a suute'ex xook tu naajil xook	Yaan a suute'ex xook tu naajil xook	NOCHANGE
Ma' wáaj jach k'a'abéet u bino'ob merkaadoi'	Ma' wáaj jach k'a'abéet u bino'ob merkaadoi'	NOCHANGE
Te'exe' yaante'ex meyaj biología	Te'exe' yaante'ex meyaj biología	NOCHANGE
To'one' k u'uyik wáaj ooxol	To'one' k u'uyik wáaj ooxol	NOCHANGE
Táan in suut koonol merkaado	Táan in suut koonol merkaado	NOCHANGE
Táan ek kaxtik a wotoch	Táan ek kaxtik a wotoch	NOCHANGE
Yaan wáaj ek bin ich kool	Yaan wáaj ek bin ich kool	NOCHANGE
Tin konaj in wotoch	Tin konaj in wotoch	NOCHANGE
To'one' ma' wáaj áak'ab kek bin merkaadoi'	To'one' ma' wáaj áak'ab kek bin merkaadoi'	NOCHANGE
To'one' jbúulo'on	To'one' jbúulo'on	NOCHANGE
Táan wáaj u boon tu naajil xook	Táan wáaj u boon tu naajil xook	NOCHANGE
Leti'obe' kajakbalo'ob weye'	Leti'obe' kajakbalo'ob weye'	NOCHANGE
Ta konaj a najil	Ta konaj a najil	NOCHANGE
Bajux tu bo'oto'ob ka ts'íibta'abo'ob naajil xook	Bajux tu bo'oto'ob ka ts'íibta'abo'ob naajil xook	NOCHANGE
Ma' in wojel u ja'abili'	Ma' in wojel u ja'abili'	NOCHANGE
Te'exe' ajkoonole'ex	Te'exe' ajkoonole'ex	NOCHANGE
Tin wáaj konaj in najil	Tin wáaj konaj in najil	NOCHANGE
Ki'imak u yóolo'ob u bino'ob merkaado	Ki'imak u yóolo'ob u bino'ob merkaado	NOCHANGE
Tene' kin bin xíimbal ta wotoch	Tene' kin bin xíimbal ta wotoch	NOCHANGE
Ta konaj wáaj a najil	Ta konaj wáaj a najil	NOCHANGE
Tu'ux k'íiwikil koonol taak a jóok'ol koonol	Tu'ux k'íiwikil koonol taak a jóok'ol koonol	NOCHANGE
Ma' kajakbal tin wotochi'	Ma' kajakbal tin wotochi'	NOCHANGE
Ba'atelnajen te' tu kúuchil báaxalo'	Ba'atelnajen te' tu kúuchil báaxalo'	NOCHANGE
Leti'e' yaan u áanalte'il u xook matemáticas	Leti'e' yaan u áanalte'il u xook matemáticas	NOCHANGE
Jach k'a'abéet wáaj in bin ich kool	Jach k'a'abéet wáaj in bin ich kool	NOCHANGE
Teche' áak'ab ka bin tu k'íiwikil koonol	Teche' áak'ab ka bin tu k'íiwikil koonol	NOCHANGE
Tu núukaj buka'aj u ja'abilo'ob	Tu núukaj buka'aj u ja'abilo'ob	NOCHANGE
Sáansamal ku bino'ob merkaado	Sáansamal ku bino'ob merkaado	NOCHANGE
Teche' ma' wáaj áak'ab ka bin merkaadoi'	Teche' ma' wáaj áak'ab ka bin merkaadoi'	NOCHANGE
To'one' áak'ab wáaj k bin tu k'íiwikil koonol	To'one' áak'ab wáaj k bin tu k'íiwikil koonol	NOCHANGE
Ka'abeje' yaan u bino'ob koonol	Ka'abeje' yaan u bino'ob koonol	NOCHANGE
Ma' táan a bin koonol merkaadoi'	Ma' táan a bin koonol merkaadoi'	NOCHANGE
Táan wáaj u bino'ob koonol merkaado	Táan wáaj u bino'ob koonol merkaado	NOCHANGE
Bix a sa'atal paarkée	Bix a sa'atal paarkée	NOCHANGE
Tene' ma' ts'oka'an in beeli'	Tene' ma' ts'oka'an in beeli'	NOCHANGE
Ma' jach k'a'abéet u bin tu kooli'	Ma' jach k'a'abéet u bin tu kooli'	NOCHANGE
Ki'imak a wóol a bin ich kool	Ki'imak a wóol a bin ich kool	NOCHANGE
Táan in bin koonol merkaado	Táan in bin koonol merkaado	NOCHANGE
Máax yéetel taak a bin koonol tu kúuchil báaxal	Máax yéetel taak a bin koonol tu kúuchil báaxal	NOCHANGE
Táan u boono'ob tu naajil xook	Táan u boono'ob tu naajil xook	NOCHANGE
Ma' a wa'alike'ex u k'aaba'	Ma' a wa'alike'ex u k'aaba'	NOCHANGE
Yaan wáaj a xooke'ex xook tu naajil xook	Yaan wáaj a xooke'ex xook tu naajil xook	NOCHANGE
óok'otnajo'on tu naajil xook	óok'otnajo'on tu naajil xook	NOCHANGE
Ka wu'uyik wáaj ooxol	Ka wu'uyik wáaj ooxol	NOCHANGE
Jayp'éel k'iino'ob ku bino'ob merkaado	Jayp'éel k'iino'ob ku bino'ob merkaado	NOCHANGE
Tene' Yaan ten u áanalte'il in xook matemáticas	Tene' Yaan ten u áanalte'il in xook matemáticas	NOCHANGE
Jach k'a'abéet in bin merkaado	Jach k'a'abéet in bin merkaado	NOCHANGE
Ta núukaje'ex buka'aj a ja'abile'ex	Ta núukaje'ex buka'aj a ja'abile'ex	NOCHANGE
Teche' ajkoonolech	Teche' ajkoonolech	NOCHANGE
Tu meentiko'ob janal ich kool	Tu meentiko'ob janal ich kool	NOCHANGE
Jach k'a'abéet wáaj a bin ich kool	Jach k'a'abéet wáaj a bin ich kool	NOCHANGE
Teche' ka bin xíimbal tu najil	Teche' ka bin xíimbal tu najil	NOCHANGE
Táan ek bin ich kool	Táan ek bin ich kool	NOCHANGE
Tan in k'íilkab	Tan in k'íilkab	NOCHANGE
Teche' ti' kajakbalech tu yotoche'	Teche' ti' kajakbalech tu yotoche'	NOCHANGE
Tene' ma' áak'ab kin bin tu k'íiwikil koonoli'	Tene' ma' áak'ab kin bin tu k'íiwikil koonoli'	NOCHANGE
Te'exe' áak'ab ka bine'ex tu k'íiwikil koonol	Te'exe' áak'ab ka bine'ex tu k'íiwikil koonol	NOCHANGE
Yaan wáaj a boon tu naajil xook	Yaan wáaj a boon tu naajil xook	NOCHANGE
Ma' tin kaxtaj a wotochi'	Ma' tin kaxtaj a wotochi'	NOCHANGE
Yaan wáaj a manik a najil	Yaan wáaj a manik a najil	NOCHANGE
Janalnajen tu k'íiwikil koonol	Janalnajen tu k'íiwikil koonol	NOCHANGE
Jach k'a'abéet a bine'ex ta koole'ex	Jach k'a'abéet a bine'ex ta koole'ex	NOCHANGE
Tene' kin bin xíimbal tu najil	Tene' kin bin xíimbal tu najil	NOCHANGE
Tin manaj in najil	Tin manaj in najil	NOCHANGE
Ba'atelnaj te' tu kúuchil báaxalo'	Ba'atelnaj te' tu kúuchil báaxalo'	NOCHANGE
Ma' wáaj in chuk u ja'abili'	Ma' wáaj in chuk u ja'abili'	NOCHANGE
Jbinen xook te' paarkéeo'	Jbinen xook te' paarkéeo'	NOCHANGE
jaanajen tu naajil xook	jaanajen tu naajil xook	NOCHANGE
Leti'e' u k'aaba'e'	Leti'e' u k'aaba'e'	NOCHANGE
Jach k'a'abéet a bin ich kool	Jach k'a'abéet a bin ich kool	NOCHANGE
Máax yéetel kajakbalen	Máax yéetel kajakbalen	NOCHANGE
Ba'ax k'iin a bin ich kool	Ba'ax k'iin a bin ich kool	NOCHANGE
Teche' áak'ab ka bin tu k'íiwikil koonol	Teche' áak'ab ka bin tu k'íiwikil koonol	NOCHANGE
Jach k'a'abéet u bino'ob tu koolo'ob	Jach k'a'abéet u bino'ob tu koolo'ob	NOCHANGE
Te'exe' ti' kajakbale'ex tu yotoche'	Te'exe' ti' kajakbale'ex tu yotoche'	NOCHANGE
Ma' táan wáaj  a bin tu k'íiwikil koonol	Ma' táan wáaj  a bin tu k'íiwikil koonol	NOCHANGE
Tu yilaj u sáastal tu kaajal	Tu yilaj u sáastal tu kaajal	NOCHANGE
Tene' in wojel u ja'abili'	Tene' in wojel u ja'abili'	NOCHANGE
Sáansamal kin bin tu k'íiwikil koonol	Sáansamal kin bin tu k'íiwikil koonol	NOCHANGE
Tin meentik janal tin wotoch	Tin meentik janal tin wotoch	NOCHANGE
Táan in bin koonol tu k'íiwikil koonol	Táan in bin koonol tu k'íiwikil koonol	NOCHANGE
Táan in meyaj tin wotoch	Táan in meyaj tin wotoch	NOCHANGE
Leti'obe' táan u bino'ob koonol tu k'íiwikil koonol	Leti'obe' táan u bino'ob koonol tu k'íiwikil koonol	NOCHANGE
Jayp'éel ja'ab yaanten	Jayp'éel ja'ab yaanten	NOCHANGE
Jsa'atech te' tu kúuchil báaxalo'	Jsa'atech te' tu kúuchil báaxalo'	NOCHANGE
Tin manaj u k'áaxil uti'al in beetik in kool	Tin manaj u k'áaxil uti'al in beetik in kool	NOCHANGE
Tene' ma' ts'oka'an in beeli'	Tene' ma' ts'oka'an in beeli'	NOCHANGE
To'one' ti' k taali'	To'one' ti' k taali'	NOCHANGE
Ta'aytak a chukik u ja'abil	Ta'aytak a chukik u ja'abil	NOCHANGE
Ba'ax k'iin a bin tu k'íiwikil koonol	Ba'ax k'iin a bin tu k'íiwikil koonol	NOCHANGE
Táan in bin ich kool	Táan in bin ich kool	NOCHANGE
Táan k bin koonol tu k'íiwikil koonol	Táan k bin koonol tu k'íiwikil koonol	NOCHANGE
Ba'ax k'iin a bin merkaado	Ba'ax k'iin a bin merkaado	NOCHANGE
Táan in míistik a wotoch	Táan in míistik a wotoch	NOCHANGE
Tin wa'alaj ka'ap'éel in k'aaba'	Tin wa'alaj ka'ap'éel in k'aaba'	NOCHANGE
Te'exe' táan a bine'ex koonol tu k'íiwikil koonol	Te'exe' táan a bine'ex koonol tu k'íiwikil koonol	NOCHANGE
Ma' jach k'a'abéet in bin merkaadoi'	Ma' jach k'a'abéet in bin merkaadoi'	NOCHANGE
Tene' kin pak'ik nal tin kool	Tene' kin pak'ik nal tin kool	NOCHANGE
Kin wilikech tu k'íiwikil koonol	Kin wilikech tu k'íiwikil koonol	NOCHANGE
Tin wilaj u sáastal tin kaajal	Tin wilaj u sáastal tin kaajal	NOCHANGE
Táan a bin ich kool	Táan a bin ich kool	NOCHANGE
Teche' jbúulech wáaj	Teche' jbúulech wáaj	NOCHANGE
Jweenen tu k'íiwikil koonol	Jweenen tu k'íiwikil koonol	NOCHANGE
